ping_id,subscriber_ref,media_id,ping_date,ping_time,playback_position_seconds,device_code
SVP00001,SV100011,SVC0005,2021-04-09,08:52:34,0,browser
SVP00002,SV100011,SVC0005,2021-04-09,08:53:34,60,browser
SVP00003,SV100011,SVC0005,2021-04-09,08:54:34,120,browser
SVP00004,SV100011,SVC0005,2021-04-09,08:55:34,180,browser
SVP00005,SV100011,SVC0005,2021-04-09,08:56:34,240,browser
SVP00006,SV100011,SVC0005,2021-04-09,08:57:34,300,browser
SVP00007,SV100011,SVC0005,2021-04-09,08:58:34,360,browser
SVP00008,SV100011,SVC0005,2021-04-09,08:59:34,420,browser
SVP00009,SV100002,SVC0017,2021-03-18,08:27:26,0,stb
SVP00010,SV100002,SVC0017,2021-03-18,08:28:26,60,stb
SVP00011,SV100002,SVC0017,2021-03-18,08:29:26,120,stb
SVP00012,SV100002,SVC0017,2021-03-18,08:30:26,180,stb
SVP00013,SV100002,SVC0017,2021-03-18,08:31:26,240,stb
SVP00014,SV100002,SVC0017,2021-03-18,08:32:26,300,stb
SVP00015,SV100002,SVC0017,2021-03-18,08:34:26,420,stb
SVP00016,SV100014,SVC0002,2021-09-11,13:40:40,0,mob
SVP00017,SV100014,SVC0002,2021-09-11,13:41:40,60,mob
SVP00018,SV100014,SVC0002,2021-09-11,13:42:40,120,mob
SVP00019,SV100014,SVC0002,2021-09-11,13:43:40,180,mob
SVP00020,SV100014,SVC0002,2021-09-11,13:44:40,240,mob
SVP00021,SV100014,SVC0002,2021-09-11,13:45:40,300,mob
SVP00022,SV100014,SVC0002,2021-09-11,13:46:40,360,mob
SVP00023,SV100014,SVC0002,2021-09-11,13:47:40,420,mob
SVP00024,SV100014,SVC0002,2021-09-11,13:48:40,480,mob
SVP00025,SV100014,SVC0002,2021-09-11,13:49:40,540,mob
SVP00026,SV100014,SVC0002,2021-09-11,13:50:40,600,mob
SVP00027,SV100014,SVC0002,2021-09-11,13:51:40,660,mob
SVP00028,SV100014,SVC0002,2021-09-11,13:52:40,720,mob
SVP00029,SV100014,SVC0002,2021-09-11,13:53:40,780,mob
SVP00030,SV100014,SVC0002,2021-09-11,13:54:40,840,mob
SVP00031,SV100014,SVC0002,2021-09-11,13:55:40,900,mob
SVP00032,SV100014,SVC0002,2021-09-11,13:56:40,960,mob
SVP00033,SV100014,SVC0002,2021-09-11,13:57:40,1020,mob
SVP00034,SV100014,SVC0002,2021-09-11,13:58:40,1080,mob
SVP00035,SV100014,SVC0002,2021-09-11,13:59:40,1140,mob
SVP00036,SV100014,SVC0002,2021-09-11,14:00:40,1200,mob
SVP00037,SV100014,SVC0002,2021-09-11,14:01:40,1260,mob
SVP00038,SV100014,SVC0002,2021-09-11,14:02:40,1320,mob
SVP00039,SV100014,SVC0002,2021-09-11,14:03:40,1380,mob
SVP00040,SV100014,SVC0002,2021-09-11,14:04:40,1440,mob
SVP00041,SV100014,SVC0002,2021-09-11,14:05:40,1500,mob
SVP00042,SV100014,SVC0002,2021-09-11,14:06:40,1560,mob
SVP00043,SV100014,SVC0002,2021-09-11,14:07:40,1620,mob
SVP00044,SV100014,SVC0002,2021-09-11,14:08:40,1680,mob
SVP00045,SV100014,SVC0002,2021-09-11,14:09:40,1740,mob
SVP00046,SV100014,SVC0002,2021-09-11,14:10:40,1800,mob
SVP00047,SV100014,SVC0002,2021-09-11,14:11:40,1860,mob
SVP00048,SV100014,SVC0002,2021-09-11,14:12:40,1920,mob
SVP00049,SV100014,SVC0002,2021-09-11,14:13:40,1980,mob
SVP00050,SV100014,SVC0002,2021-09-11,14:14:40,2040,mob
SVP00051,SV100014,SVC0002,2021-09-11,14:15:40,2100,mob
SVP00052,SV100014,SVC0002,2021-09-11,14:16:40,2160,mob
SVP00053,SV100014,SVC0002,2021-09-11,14:17:40,2220,mob
SVP00054,SV100014,SVC0002,2021-09-11,14:18:40,2280,mob
SVP00055,SV100014,SVC0002,2021-09-11,14:19:40,2340,mob
SVP00056,SV100014,SVC0002,2021-09-11,14:20:40,2400,mob
SVP00057,SV100014,SVC0002,2021-09-11,14:21:40,2460,mob
SVP00058,SV100014,SVC0002,2021-09-11,14:22:40,2520,mob
SVP00059,SV100014,SVC0002,2021-09-11,14:23:40,2580,mob
SVP00060,SV100014,SVC0002,2021-09-11,14:24:40,2640,mob
SVP00061,SV100014,SVC0002,2021-09-11,14:25:40,2700,mob
SVP00062,SV100014,SVC0002,2021-09-11,14:26:40,2760,mob
SVP00063,SV100014,SVC0002,2021-09-11,14:27:40,2820,mob
SVP00064,SV100014,SVC0002,2021-09-11,14:28:40,2880,mob
SVP00065,SV100014,SVC0002,2021-09-11,14:29:40,2940,mob
SVP00066,SV100014,SVC0002,2021-09-11,14:30:40,3000,mob
SVP00067,SV100014,SVC0002,2021-09-11,14:31:40,3060,mob
SVP00068,SV100014,SVC0002,2021-09-11,14:32:40,3120,mob
SVP00069,SV100014,SVC0002,2021-09-11,14:33:40,3180,mob
SVP00070,SV100014,SVC0002,2021-09-11,14:34:40,3240,mob
SVP00071,SV100014,SVC0002,2021-09-11,14:35:40,3300,mob
SVP00072,SV100014,SVC0002,2021-09-11,14:36:40,3360,mob
SVP00073,SV100014,SVC0002,2021-09-11,14:37:40,3420,mob
SVP00074,SV100014,SVC0002,2021-09-11,14:38:40,3480,mob
SVP00075,SV100014,SVC0002,2021-09-11,14:39:40,3540,mob
SVP00076,SV100019,SVC0019,2021-04-12,13:02:35,0,browser
SVP00077,SV100019,SVC0019,2021-04-12,13:03:35,60,browser
SVP00078,SV100019,SVC0019,2021-04-12,13:04:35,120,browser
SVP00079,SV100019,SVC0019,2021-04-12,13:05:35,180,browser
SVP00080,SV100019,SVC0019,2021-04-12,13:06:35,240,browser
SVP00081,SV100019,SVC0019,2021-04-12,13:07:35,300,browser
SVP00082,SV100019,SVC0019,2021-04-12,13:08:35,360,browser
SVP00083,SV100019,SVC0019,2021-04-12,13:09:35,420,browser
SVP00084,SV100019,SVC0019,2021-04-12,13:10:35,480,browser
SVP00085,SV100019,SVC0019,2021-04-12,13:11:35,540,browser
SVP00086,SV100019,SVC0019,2021-04-12,13:12:35,600,browser
SVP00087,SV100019,SVC0019,2021-04-12,13:13:35,660,browser
SVP00088,SV100005,SVC0018,2022-09-24,23:52:43,0,stb
SVP00089,SV100005,SVC0018,2022-09-24,23:53:43,60,stb
SVP00090,SV100005,SVC0018,2022-09-24,23:54:43,120,stb
SVP00091,SV100005,SVC0018,2022-09-24,23:55:43,180,stb
SVP00092,SV100005,SVC0018,2022-09-24,23:56:43,240,stb
SVP00093,SV100005,SVC0018,2022-09-24,23:58:43,360,stb
SVP00094,SV100005,SVC0018,2022-09-24,23:59:43,420,stb
SVP00095,SV100005,SVC0018,2022-09-25,00:00:43,480,stb
SVP00096,SV100005,SVC0018,2022-09-25,00:01:43,540,stb
SVP00097,SV100005,SVC0018,2022-09-25,00:02:43,600,stb
SVP00098,SV100005,SVC0018,2022-09-25,00:03:43,660,stb
SVP00099,SV100012,SVC0004,2021-05-09,07:39:13,0,mob
SVP00100,SV100012,SVC0004,2021-05-09,07:40:13,60,mob
SVP00101,SV100012,SVC0004,2021-05-09,07:41:13,120,mob
SVP00102,SV100012,SVC0004,2021-05-09,07:42:13,180,mob
SVP00103,SV100012,SVC0004,2021-05-09,07:43:13,240,mob
SVP00104,SV100012,SVC0004,2021-05-09,07:44:13,300,mob
SVP00105,SV100012,SVC0004,2021-05-09,07:45:13,360,mob
SVP00106,SV100012,SVC0004,2021-05-09,07:46:13,420,mob
SVP00107,SV100012,SVC0004,2021-05-09,07:47:13,480,mob
SVP00108,SV100012,SVC0004,2021-05-09,07:48:13,540,mob
SVP00109,SV100012,SVC0004,2021-05-09,07:49:13,600,mob
SVP00110,SV100012,SVC0004,2021-05-09,07:50:13,660,mob
SVP00111,SV100012,SVC0004,2021-05-09,07:51:13,720,mob
SVP00112,SV100012,SVC0004,2021-05-09,07:52:13,780,mob
SVP00113,SV100012,SVC0004,2021-05-09,07:53:13,840,mob
SVP00114,SV100012,SVC0004,2021-05-09,07:54:13,900,mob
SVP00115,SV100012,SVC0004,2021-05-09,07:55:13,960,mob
SVP00116,SV100012,SVC0004,2021-05-09,07:56:13,1020,mob
SVP00117,SV100012,SVC0004,2021-05-09,07:57:13,1080,mob
SVP00118,SV100012,SVC0004,2021-05-09,07:58:13,1140,mob
SVP00119,SV100012,SVC0004,2021-05-09,07:59:13,1200,mob
SVP00120,SV100012,SVC0004,2021-05-09,08:00:13,1260,mob
SVP00121,SV100012,SVC0004,2021-05-09,08:01:13,1320,mob
SVP00122,SV100012,SVC0004,2021-05-09,08:02:13,1380,mob
SVP00123,SV100012,SVC0004,2021-05-09,08:03:13,1440,mob
SVP00124,SV100012,SVC0004,2021-05-09,08:04:13,1500,mob
SVP00125,SV100012,SVC0004,2021-05-09,08:05:13,1560,mob
SVP00126,SV100012,SVC0004,2021-05-09,08:06:13,1620,mob
SVP00127,SV100012,SVC0004,2021-05-09,08:07:13,1680,mob
SVP00128,SV100012,SVC0004,2021-05-09,08:08:13,1740,mob
SVP00129,SV100012,SVC0004,2021-05-09,08:09:13,1800,mob
SVP00130,SV100012,SVC0004,2021-05-09,08:10:13,1860,mob
SVP00131,SV100012,SVC0004,2021-05-09,08:11:13,1920,mob
SVP00132,SV100012,SVC0004,2021-05-09,08:12:13,1980,mob
SVP00133,SV100012,SVC0004,2021-05-09,08:13:13,2040,mob
SVP00134,SV100012,SVC0004,2021-05-09,08:14:13,2100,mob
SVP00135,SV100012,SVC0004,2021-05-09,08:15:13,2160,mob
SVP00136,SV100012,SVC0004,2021-05-09,08:16:13,2220,mob
SVP00137,SV100012,SVC0004,2021-05-09,08:17:13,2280,mob
SVP00138,SV100012,SVC0004,2021-05-09,08:18:13,2340,mob
SVP00139,SV100012,SVC0004,2021-05-09,08:19:13,2400,mob
SVP00140,SV100012,SVC0004,2021-05-09,08:20:13,2460,mob
SVP00141,SV100014,SVC0025,2023-08-12,20:23:19,0,browser
SVP00142,SV100014,SVC0025,2023-08-12,20:24:19,60,browser
SVP00143,SV100014,SVC0025,2023-08-12,20:25:19,120,browser
SVP00144,SV100014,SVC0025,2023-08-12,20:26:19,180,browser
SVP00145,SV100014,SVC0025,2023-08-12,20:27:19,240,browser
SVP00146,SV100014,SVC0025,2023-08-12,20:28:19,300,browser
SVP00147,SV100014,SVC0025,2023-08-12,20:29:19,360,browser
SVP00148,SV100014,SVC0025,2023-08-12,20:30:19,420,browser
SVP00149,SV100014,SVC0025,2023-08-12,20:31:19,480,browser
SVP00150,SV100014,SVC0025,2023-08-12,20:32:19,540,browser
SVP00151,SV100014,SVC0025,2023-08-12,20:33:19,600,browser
SVP00152,SV100014,SVC0025,2023-08-12,20:34:19,660,browser
SVP00153,SV100014,SVC0025,2023-08-12,20:35:19,720,browser
SVP00154,SV100014,SVC0025,2023-08-12,20:36:19,780,browser
SVP00155,SV100014,SVC0025,2023-08-12,20:37:19,840,browser
SVP00156,SV100014,SVC0025,2023-08-12,20:38:19,900,browser
SVP00157,SV100014,SVC0025,2023-08-12,20:39:19,960,browser
SVP00158,SV100014,SVC0025,2023-08-12,20:40:19,1020,browser
SVP00159,SV100023,SVC0025,2021-06-17,15:33:31,0,stb
SVP00160,SV100023,SVC0025,2021-06-17,15:34:31,60,stb
SVP00161,SV100023,SVC0025,2021-06-17,15:35:31,120,stb
SVP00162,SV100023,SVC0025,2021-06-17,15:36:31,180,stb
SVP00163,SV100023,SVC0025,2021-06-17,15:37:31,240,stb
SVP00164,SV100023,SVC0025,2021-06-17,15:38:31,300,stb
SVP00165,SV100023,SVC0025,2021-06-17,15:39:31,360,stb
SVP00166,SV100023,SVC0025,2021-06-17,15:40:31,420,stb
SVP00167,SV100023,SVC0025,2021-06-17,15:41:31,480,stb
SVP00168,SV100023,SVC0025,2021-06-17,15:42:31,540,stb
SVP00169,SV100023,SVC0025,2021-06-17,15:43:31,600,stb
SVP00170,SV100023,SVC0025,2021-06-17,15:44:31,660,stb
SVP00171,SV100023,SVC0025,2021-06-17,15:45:31,720,stb
SVP00172,SV100023,SVC0025,2021-06-17,15:46:31,780,stb
SVP00173,SV100023,SVC0025,2021-06-17,15:47:31,840,stb
SVP00174,SV100023,SVC0025,2021-06-17,15:48:31,900,stb
SVP00175,SV100023,SVC0025,2021-06-17,15:49:31,960,stb
SVP00176,SV100023,SVC0025,2021-06-17,15:50:31,1020,stb
SVP00177,SV100023,SVC0025,2021-06-17,15:51:31,1080,stb
SVP00178,SV100023,SVC0025,2021-06-17,15:52:31,1140,stb
SVP00179,SV100023,SVC0025,2021-06-17,15:53:31,1200,stb
SVP00180,SV100023,SVC0025,2021-06-17,15:54:31,1260,stb
SVP00181,SV100023,SVC0025,2021-06-17,15:55:31,1320,stb
SVP00182,SV100023,SVC0025,2021-06-17,15:56:31,1380,stb
SVP00183,SV100023,SVC0025,2021-06-17,15:57:31,1440,stb
SVP00184,SV100023,SVC0025,2021-06-17,15:58:31,1500,stb
SVP00185,SV100023,SVC0025,2021-06-17,15:59:31,1560,stb
SVP00186,SV100023,SVC0025,2021-06-17,16:00:31,1620,stb
SVP00187,SV100010,SVC0020,2021-08-30,22:26:10,0,stb
SVP00188,SV100010,SVC0020,2021-08-30,22:27:10,60,stb
SVP00189,SV100010,SVC0020,2021-08-30,22:28:10,120,stb
SVP00190,SV100010,SVC0020,2021-08-30,22:29:10,180,stb
SVP00191,SV100010,SVC0020,2021-08-30,22:30:10,240,stb
SVP00192,SV100010,SVC0020,2021-08-30,22:31:10,300,stb
SVP00193,SV100010,SVC0020,2021-08-30,22:32:10,360,stb
SVP00194,SV100010,SVC0020,2021-08-30,22:33:10,420,stb
SVP00195,SV100010,SVC0020,2021-08-30,22:34:10,480,stb
SVP00196,SV100010,SVC0020,2021-08-30,22:35:10,540,stb
SVP00197,SV100010,SVC0020,2021-08-30,22:36:10,600,stb
SVP00198,SV100010,SVC0020,2021-08-30,22:37:10,660,stb
SVP00199,SV100010,SVC0020,2021-08-30,22:38:10,720,stb
SVP00200,SV100010,SVC0020,2021-08-30,22:39:10,780,stb
SVP00201,SV100010,SVC0020,2021-08-30,22:40:10,840,stb
SVP00202,SV100010,SVC0020,2021-08-30,22:41:10,900,stb
SVP00203,SV100010,SVC0020,2021-08-30,22:42:10,960,stb
SVP00204,SV100010,SVC0020,2021-08-30,22:44:10,1080,stb
SVP00205,SV100010,SVC0020,2021-08-30,22:45:10,1140,stb
SVP00206,SV100010,SVC0020,2021-08-30,22:46:10,1200,stb
SVP00207,SV100010,SVC0020,2021-08-30,22:47:10,1260,stb
SVP00208,SV100010,SVC0020,2021-08-30,22:48:10,1320,stb
SVP00209,SV100010,SVC0020,2021-08-30,22:49:10,1380,stb
SVP00210,SV100010,SVC0020,2021-08-30,22:50:10,1440,stb
SVP00211,SV100010,SVC0020,2021-08-30,22:51:10,1500,stb
SVP00212,SV100010,SVC0020,2021-08-30,22:52:10,1560,stb
SVP00213,SV100010,SVC0020,2021-08-30,22:53:10,1620,stb
SVP00214,SV100014,SVC0002,2021-06-08,23:36:50,0,tab
SVP00215,SV100014,SVC0002,2021-06-08,23:37:50,60,tab
SVP00216,SV100014,SVC0002,2021-06-08,23:38:50,120,tab
SVP00217,SV100014,SVC0002,2021-06-08,23:39:50,180,tab
SVP00218,SV100014,SVC0002,2021-06-08,23:40:50,240,tab
SVP00219,SV100014,SVC0002,2021-06-08,23:41:50,300,tab
SVP00220,SV100014,SVC0002,2021-06-08,23:42:50,360,tab
SVP00221,SV100014,SVC0002,2021-06-08,23:43:50,420,tab
SVP00222,SV100014,SVC0002,2021-06-08,23:44:50,480,tab
SVP00223,SV100014,SVC0002,2021-06-08,23:45:50,540,tab
SVP00224,SV100014,SVC0002,2021-06-08,23:46:50,600,tab
SVP00225,SV100014,SVC0002,2021-06-08,23:47:50,660,tab
SVP00226,SV100014,SVC0002,2021-06-08,23:48:50,720,tab
SVP00227,SV100014,SVC0002,2021-06-08,23:49:50,780,tab
SVP00228,SV100014,SVC0002,2021-06-08,23:50:50,840,tab
SVP00229,SV100014,SVC0002,2021-06-08,23:51:50,900,tab
SVP00230,SV100014,SVC0002,2021-06-08,23:52:50,960,tab
SVP00231,SV100014,SVC0002,2021-06-08,23:53:50,1020,tab
SVP00232,SV100014,SVC0002,2021-06-08,23:54:50,1080,tab
SVP00233,SV100014,SVC0002,2021-06-08,23:55:50,1140,tab
SVP00234,SV100014,SVC0002,2021-06-08,23:56:50,1200,tab
SVP00235,SV100014,SVC0002,2021-06-08,23:57:50,1260,tab
SVP00236,SV100014,SVC0002,2021-06-08,23:58:50,1320,tab
SVP00237,SV100014,SVC0002,2021-06-08,23:59:50,1380,tab
SVP00238,SV100014,SVC0002,2021-06-09,00:00:50,1440,tab
SVP00239,SV100014,SVC0002,2021-06-09,00:01:50,1500,tab
SVP00240,SV100014,SVC0002,2021-06-09,00:02:50,1560,tab
SVP00241,SV100014,SVC0002,2021-06-09,00:03:50,1620,tab
SVP00242,SV100012,SVC0020,2023-07-24,08:53:05,0,browser
SVP00243,SV100012,SVC0020,2023-07-24,08:54:05,60,browser
SVP00244,SV100012,SVC0020,2023-07-24,08:55:05,120,browser
SVP00245,SV100012,SVC0020,2023-07-24,08:56:05,180,browser
SVP00246,SV100012,SVC0020,2023-07-24,08:57:05,240,browser
SVP00247,SV100012,SVC0020,2023-07-24,08:58:05,300,browser
SVP00248,SV100012,SVC0020,2023-07-24,08:59:05,360,browser
SVP00249,SV100012,SVC0020,2023-07-24,09:00:05,420,browser
SVP00250,SV100012,SVC0020,2023-07-24,09:01:05,480,browser
SVP00251,SV100012,SVC0020,2023-07-24,09:02:05,540,browser
SVP00252,SV100012,SVC0020,2023-07-24,09:03:05,600,browser
SVP00253,SV100012,SVC0020,2023-07-24,09:04:05,660,browser
SVP00254,SV100012,SVC0020,2023-07-24,09:05:05,720,browser
SVP00255,SV100012,SVC0020,2023-07-24,09:06:05,780,browser
SVP00256,SV100012,SVC0020,2023-07-24,09:07:05,840,browser
SVP00257,SV100012,SVC0020,2023-07-24,09:08:05,900,browser
SVP00258,SV100012,SVC0020,2023-07-24,09:09:05,960,browser
SVP00259,SV100012,SVC0020,2023-07-24,09:10:05,1020,browser
SVP00260,SV100012,SVC0020,2023-07-24,09:11:05,1080,browser
SVP00261,SV100012,SVC0020,2023-07-24,09:12:05,1140,browser
SVP00262,SV100012,SVC0020,2023-07-24,09:13:05,1200,browser
SVP00263,SV100012,SVC0020,2023-07-24,09:14:05,1260,browser
SVP00264,SV100022,SVC0003,2022-09-27,20:18:45,0,stb
SVP00265,SV100022,SVC0003,2022-09-27,20:19:45,60,stb
SVP00266,SV100022,SVC0003,2022-09-27,20:20:45,120,stb
SVP00267,SV100022,SVC0003,2022-09-27,20:21:45,180,stb
SVP00268,SV100022,SVC0003,2022-09-27,20:22:45,240,stb
SVP00269,SV100022,SVC0003,2022-09-27,20:23:45,300,stb
SVP00270,SV100022,SVC0003,2022-09-27,20:24:45,360,stb
SVP00271,SV100022,SVC0003,2022-09-27,20:25:45,420,stb
SVP00272,SV100022,SVC0003,2022-09-27,20:26:45,480,stb
SVP00273,SV100022,SVC0003,2022-09-27,20:27:45,540,stb
SVP00274,SV100022,SVC0003,2022-09-27,20:28:45,600,stb
SVP00275,SV100022,SVC0003,2022-09-27,20:29:45,660,stb
SVP00276,SV100022,SVC0003,2022-09-27,20:30:45,720,stb
SVP00277,SV100022,SVC0003,2022-09-27,20:31:45,780,stb
SVP00278,SV100022,SVC0003,2022-09-27,20:32:45,840,stb
SVP00279,SV100022,SVC0003,2022-09-27,20:33:45,900,stb
SVP00280,SV100022,SVC0003,2022-09-27,20:34:45,960,stb
SVP00281,SV100022,SVC0003,2022-09-27,20:35:45,1020,stb
SVP00282,SV100022,SVC0003,2022-09-27,20:36:45,1080,stb
SVP00283,SV100022,SVC0003,2022-09-27,20:37:45,1140,stb
SVP00284,SV100022,SVC0003,2022-09-27,20:38:45,1200,stb
SVP00285,SV100022,SVC0003,2022-09-27,20:39:45,1260,stb
SVP00286,SV100022,SVC0003,2022-09-27,20:40:45,1320,stb
SVP00287,SV100022,SVC0003,2022-09-27,20:41:45,1380,stb
SVP00288,SV100022,SVC0003,2022-09-27,20:42:45,1440,stb
SVP00289,SV100022,SVC0003,2022-09-27,20:43:45,1500,stb
SVP00290,SV100022,SVC0003,2022-09-27,20:44:45,1560,stb
SVP00291,SV100022,SVC0003,2022-09-27,20:45:45,1620,stb
SVP00292,SV100022,SVC0003,2022-09-27,20:46:45,1680,stb
SVP00293,SV100022,SVC0003,2022-09-27,20:47:45,1740,stb
SVP00294,SV100022,SVC0003,2022-09-27,20:48:45,1800,stb
SVP00295,SV100022,SVC0003,2022-09-27,20:49:45,1860,stb
SVP00296,SV100022,SVC0003,2022-09-27,20:50:45,1920,stb
SVP00297,SV100022,SVC0003,2022-09-27,20:51:45,1980,stb
SVP00298,SV100022,SVC0003,2022-09-27,20:52:45,2040,stb
SVP00299,SV100012,SVC0001,2022-12-29,11:39:07,0,browser
SVP00300,SV100012,SVC0001,2022-12-29,11:40:07,60,browser
SVP00301,SV100012,SVC0001,2022-12-29,11:41:07,120,browser
SVP00302,SV100012,SVC0001,2022-12-29,11:42:07,180,browser
SVP00303,SV100012,SVC0001,2022-12-29,11:43:07,240,browser
SVP00304,SV100012,SVC0001,2022-12-29,11:44:07,300,browser
SVP00305,SV100012,SVC0001,2022-12-29,11:45:07,360,browser
SVP00306,SV100012,SVC0001,2022-12-29,11:46:07,420,browser
SVP00307,SV100012,SVC0001,2022-12-29,11:47:07,480,browser
SVP00308,SV100012,SVC0001,2022-12-29,11:48:07,540,browser
SVP00309,SV100012,SVC0001,2022-12-29,11:49:07,600,browser
SVP00310,SV100012,SVC0001,2022-12-29,11:50:07,660,browser
SVP00311,SV100012,SVC0001,2022-12-29,11:51:07,720,browser
SVP00312,SV100012,SVC0001,2022-12-29,11:52:07,780,browser
SVP00313,SV100012,SVC0001,2022-12-29,11:53:07,840,browser
SVP00314,SV100012,SVC0001,2022-12-29,11:54:07,900,browser
SVP00315,SV100012,SVC0001,2022-12-29,11:55:07,960,browser
SVP00316,SV100012,SVC0001,2022-12-29,11:56:07,1020,browser
SVP00317,SV100012,SVC0001,2022-12-29,11:57:07,1080,browser
SVP00318,SV100012,SVC0001,2022-12-29,11:58:07,1140,browser
SVP00319,SV100012,SVC0001,2022-12-29,12:00:07,1260,browser
SVP00320,SV100012,SVC0001,2022-12-29,12:01:07,1320,browser
SVP00321,SV100012,SVC0001,2022-12-29,12:02:07,1380,browser
SVP00322,SV100012,SVC0001,2022-12-29,12:03:07,1440,browser
SVP00323,SV100012,SVC0001,2022-12-29,12:04:07,1500,browser
SVP00324,SV100012,SVC0001,2022-12-29,12:05:07,1560,browser
SVP00325,SV100012,SVC0001,2022-12-29,12:06:07,1620,browser
SVP00326,SV100012,SVC0001,2022-12-29,12:07:07,1680,browser
SVP00327,SV100012,SVC0001,2022-12-29,12:08:07,1740,browser
SVP00328,SV100012,SVC0001,2022-12-29,12:09:07,1800,browser
SVP00329,SV100012,SVC0001,2022-12-29,12:10:07,1860,browser
SVP00330,SV100012,SVC0001,2022-12-29,12:11:07,1920,browser
SVP00331,SV100012,SVC0001,2022-12-29,12:12:07,1980,browser
SVP00332,SV100012,SVC0001,2022-12-29,12:13:07,2040,browser
SVP00333,SV100012,SVC0001,2022-12-29,12:14:07,2100,browser
SVP00334,SV100012,SVC0001,2022-12-29,12:15:07,2160,browser
SVP00335,SV100012,SVC0001,2022-12-29,12:16:07,2220,browser
SVP00336,SV100012,SVC0001,2022-12-29,12:17:07,2280,browser
SVP00337,SV100012,SVC0001,2022-12-29,12:18:07,2340,browser
SVP00338,SV100012,SVC0001,2022-12-29,12:19:07,2400,browser
SVP00339,SV100012,SVC0001,2022-12-29,12:20:07,2460,browser
SVP00340,SV100005,SVC0024,2023-03-26,18:58:55,0,stb
SVP00341,SV100005,SVC0024,2023-03-26,18:59:55,60,stb
SVP00342,SV100005,SVC0024,2023-03-26,19:00:55,120,stb
SVP00343,SV100005,SVC0024,2023-03-26,19:01:55,180,stb
SVP00344,SV100005,SVC0024,2023-03-26,19:02:55,240,stb
SVP00345,SV100005,SVC0024,2023-03-26,19:03:55,300,stb
SVP00346,SV100005,SVC0024,2023-03-26,19:04:55,360,stb
SVP00347,SV100005,SVC0024,2023-03-26,19:05:55,420,stb
SVP00348,SV100005,SVC0024,2023-03-26,19:06:55,480,stb
SVP00349,SV100005,SVC0024,2023-03-26,19:07:55,540,stb
SVP00350,SV100005,SVC0024,2023-03-26,19:08:55,600,stb
SVP00351,SV100005,SVC0024,2023-03-26,19:09:55,660,stb
SVP00352,SV100005,SVC0024,2023-03-26,19:10:55,720,stb
SVP00353,SV100005,SVC0024,2023-03-26,19:11:55,780,stb
SVP00354,SV100005,SVC0024,2023-03-26,19:12:55,840,stb
SVP00355,SV100005,SVC0024,2023-03-26,19:13:55,900,stb
SVP00356,SV100005,SVC0024,2023-03-26,19:14:55,960,stb
SVP00357,SV100005,SVC0024,2023-03-26,19:15:55,1020,stb
SVP00358,SV100005,SVC0024,2023-03-26,19:16:55,1080,stb
SVP00359,SV100005,SVC0024,2023-03-26,19:17:55,1140,stb
SVP00360,SV100005,SVC0024,2023-03-26,19:18:55,1200,stb
SVP00361,SV100005,SVC0024,2023-03-26,19:19:55,1260,stb
SVP00362,SV100005,SVC0024,2023-03-26,19:20:55,1320,stb
SVP00363,SV100005,SVC0024,2023-03-26,19:21:55,1380,stb
SVP00364,SV100005,SVC0024,2023-03-26,19:22:55,1440,stb
SVP00365,SV100005,SVC0024,2023-03-26,19:23:55,1500,stb
SVP00366,SV100005,SVC0024,2023-03-26,19:24:55,1560,stb
SVP00367,SV100005,SVC0024,2023-03-26,19:25:55,1620,stb
SVP00368,SV100005,SVC0024,2023-03-26,19:26:55,1680,stb
SVP00369,SV100005,SVC0024,2023-03-26,19:27:55,1740,stb
SVP00370,SV100005,SVC0024,2023-03-26,19:29:55,1860,stb
SVP00371,SV100005,SVC0024,2023-03-26,19:30:55,1920,stb
SVP00372,SV100005,SVC0024,2023-03-26,19:31:55,1980,stb
SVP00373,SV100005,SVC0024,2023-03-26,19:32:55,2040,stb
SVP00374,SV100005,SVC0024,2023-03-26,19:33:55,2100,stb
SVP00375,SV100005,SVC0024,2023-03-26,19:34:55,2160,stb
SVP00376,SV100005,SVC0024,2023-03-26,19:35:55,2220,stb
SVP00377,SV100005,SVC0024,2023-03-26,19:36:55,2280,stb
SVP00378,SV100005,SVC0024,2023-03-26,19:37:55,2340,stb
SVP00379,SV100005,SVC0024,2023-03-26,19:38:55,2400,stb
SVP00380,SV100005,SVC0024,2023-03-26,19:39:55,2460,stb
SVP00381,SV100013,SVC0018,2021-10-08,19:55:35,0,stb
SVP00382,SV100013,SVC0018,2021-10-08,19:56:35,60,stb
SVP00383,SV100013,SVC0018,2021-10-08,19:57:35,120,stb
SVP00384,SV100013,SVC0018,2021-10-08,19:58:35,180,stb
SVP00385,SV100013,SVC0018,2021-10-08,19:59:35,240,stb
SVP00386,SV100013,SVC0018,2021-10-08,20:00:35,300,stb
SVP00387,SV100013,SVC0018,2021-10-08,20:01:35,360,stb
SVP00388,SV100013,SVC0018,2021-10-08,20:02:35,420,stb
SVP00389,SV100013,SVC0018,2021-10-08,20:03:35,480,stb
SVP00390,SV100013,SVC0018,2021-10-08,20:04:35,540,stb
SVP00391,SV100013,SVC0018,2021-10-08,20:05:35,600,stb
SVP00392,SV100013,SVC0018,2021-10-08,20:06:35,660,stb
SVP00393,SV100013,SVC0018,2021-10-08,20:07:35,720,stb
SVP00394,SV100013,SVC0018,2021-10-08,20:08:35,780,stb
SVP00395,SV100013,SVC0018,2021-10-08,20:09:35,840,stb
SVP00396,SV100013,SVC0018,2021-10-08,20:10:35,900,stb
SVP00397,SV100013,SVC0018,2021-10-08,20:11:35,960,stb
SVP00398,SV100013,SVC0018,2021-10-08,20:12:35,1020,stb
SVP00399,SV100013,SVC0018,2021-10-08,20:13:35,1080,stb
SVP00400,SV100013,SVC0018,2021-10-08,20:14:35,1140,stb
SVP00401,SV100013,SVC0018,2021-10-08,20:15:35,1200,stb
SVP00402,SV100013,SVC0018,2021-10-08,20:16:35,1260,stb
SVP00403,SV100012,SVC0022,2022-04-18,10:05:11,0,browser
SVP00404,SV100012,SVC0022,2022-04-18,10:06:11,60,browser
SVP00405,SV100012,SVC0022,2022-04-18,10:07:11,120,browser
SVP00406,SV100012,SVC0022,2022-04-18,10:08:11,180,browser
SVP00407,SV100012,SVC0022,2022-04-18,10:09:11,240,browser
SVP00408,SV100012,SVC0022,2022-04-18,10:11:11,360,browser
SVP00409,SV100012,SVC0022,2022-04-18,10:12:11,420,browser
SVP00410,SV100012,SVC0022,2022-04-18,10:13:11,480,browser
SVP00411,SV100012,SVC0022,2022-04-18,10:14:11,540,browser
SVP00412,SV100012,SVC0022,2022-04-18,10:15:11,600,browser
SVP00413,SV100012,SVC0022,2022-04-18,10:16:11,660,browser
SVP00414,SV100001,SVC0016,2022-01-09,14:18:00,0,mob
SVP00415,SV100001,SVC0016,2022-01-09,14:19:00,60,mob
SVP00416,SV100001,SVC0016,2022-01-09,14:20:00,120,mob
SVP00417,SV100001,SVC0016,2022-01-09,14:21:00,180,mob
SVP00418,SV100001,SVC0016,2022-01-09,14:22:00,240,mob
SVP00419,SV100001,SVC0016,2022-01-09,14:23:00,300,mob
SVP00420,SV100001,SVC0016,2022-01-09,14:24:00,360,mob
SVP00421,SV100001,SVC0016,2022-01-09,14:25:00,420,mob
SVP00422,SV100001,SVC0016,2022-01-09,14:26:00,480,mob
SVP00423,SV100001,SVC0016,2022-01-09,14:27:00,540,mob
SVP00424,SV100001,SVC0016,2022-01-09,14:28:00,600,mob
SVP00425,SV100001,SVC0016,2022-01-09,14:29:00,660,mob
SVP00426,SV100012,SVC0020,2022-10-15,10:44:54,0,mob
SVP00427,SV100012,SVC0020,2022-10-15,10:45:54,60,mob
SVP00428,SV100012,SVC0020,2022-10-15,10:46:54,120,mob
SVP00429,SV100012,SVC0020,2022-10-15,10:47:54,180,mob
SVP00430,SV100012,SVC0020,2022-10-15,10:48:54,240,mob
SVP00431,SV100012,SVC0020,2022-10-15,10:49:54,300,mob
SVP00432,SV100012,SVC0020,2022-10-15,10:50:54,360,mob
SVP00433,SV100012,SVC0020,2022-10-15,10:51:54,420,mob
SVP00434,SV100012,SVC0020,2022-10-15,10:52:54,480,mob
SVP00435,SV100012,SVC0020,2022-10-15,10:53:54,540,mob
SVP00436,SV100012,SVC0020,2022-10-15,10:54:54,600,mob
SVP00437,SV100012,SVC0020,2022-10-15,10:55:54,660,mob
SVP00438,SV100012,SVC0020,2022-10-15,10:56:54,720,mob
SVP00439,SV100012,SVC0020,2022-10-15,10:57:54,780,mob
SVP00440,SV100012,SVC0020,2022-10-15,10:58:54,840,mob
SVP00441,SV100012,SVC0020,2022-10-15,10:59:54,900,mob
SVP00442,SV100012,SVC0020,2022-10-15,11:00:54,960,mob
SVP00443,SV100012,SVC0020,2022-10-15,11:01:54,1020,mob
SVP00444,SV100012,SVC0020,2022-10-15,11:02:54,1080,mob
SVP00445,SV100012,SVC0020,2022-10-15,11:03:54,1140,mob
SVP00446,SV100012,SVC0020,2022-10-15,11:04:54,1200,mob
SVP00447,SV100012,SVC0020,2022-10-15,11:05:54,1260,mob
SVP00448,SV100012,SVC0020,2022-10-15,11:06:54,1320,mob
SVP00449,SV100012,SVC0020,2022-10-15,11:07:54,1380,mob
SVP00450,SV100012,SVC0020,2022-10-15,11:08:54,1440,mob
SVP00451,SV100012,SVC0020,2022-10-15,11:09:54,1500,mob
SVP00452,SV100012,SVC0020,2022-10-15,11:10:54,1560,mob
SVP00453,SV100012,SVC0020,2022-10-15,11:11:54,1620,mob
SVP00454,SV100012,SVC0020,2022-10-15,11:12:54,1680,mob
SVP00455,SV100012,SVC0020,2022-10-15,11:13:54,1740,mob
SVP00456,SV100012,SVC0020,2022-10-15,11:14:54,1800,mob
SVP00457,SV100012,SVC0020,2022-10-15,11:15:54,1860,mob
SVP00458,SV100012,SVC0020,2022-10-15,11:16:54,1920,mob
SVP00459,SV100012,SVC0020,2022-10-15,11:17:54,1980,mob
SVP00460,SV100012,SVC0020,2022-10-15,11:18:54,2040,mob
SVP00461,SV100012,SVC0020,2022-10-15,11:19:54,2100,mob
SVP00462,SV100012,SVC0020,2022-10-15,11:20:54,2160,mob
SVP00463,SV100012,SVC0020,2022-10-15,11:21:54,2220,mob
SVP00464,SV100012,SVC0020,2022-10-15,11:22:54,2280,mob
SVP00465,SV100012,SVC0020,2022-10-15,11:23:54,2340,mob
SVP00466,SV100012,SVC0020,2022-10-15,11:24:54,2400,mob
SVP00467,SV100012,SVC0020,2022-10-15,11:25:54,2460,mob
SVP00468,SV100012,SVC0020,2022-10-15,11:26:54,2520,mob
SVP00469,SV100012,SVC0020,2022-10-15,11:27:54,2580,mob
SVP00470,SV100012,SVC0020,2022-10-15,11:28:54,2640,mob
SVP00471,SV100012,SVC0020,2022-10-15,11:29:54,2700,mob
SVP00472,SV100012,SVC0020,2022-10-15,11:30:54,2760,mob
SVP00473,SV100012,SVC0020,2022-10-15,11:31:54,2820,mob
SVP00474,SV100012,SVC0020,2022-10-15,11:32:54,2880,mob
SVP00475,SV100012,SVC0020,2022-10-15,11:33:54,2940,mob
SVP00476,SV100021,SVC0022,2023-07-25,23:25:25,0,stb
SVP00477,SV100021,SVC0022,2023-07-25,23:26:25,60,stb
SVP00478,SV100021,SVC0022,2023-07-25,23:27:25,120,stb
SVP00479,SV100021,SVC0022,2023-07-25,23:28:25,180,stb
SVP00480,SV100021,SVC0022,2023-07-25,23:29:25,240,stb
SVP00481,SV100021,SVC0022,2023-07-25,23:30:25,300,stb
SVP00482,SV100021,SVC0022,2023-07-25,23:31:25,360,stb
SVP00483,SV100021,SVC0022,2023-07-25,23:32:25,420,stb
SVP00484,SV100021,SVC0022,2023-07-25,23:33:25,480,stb
SVP00485,SV100021,SVC0022,2023-07-25,23:34:25,540,stb
SVP00486,SV100021,SVC0022,2023-07-25,23:35:25,600,stb
SVP00487,SV100021,SVC0022,2023-07-25,23:36:25,660,stb
SVP00488,SV100021,SVC0022,2023-07-25,23:37:25,720,stb
SVP00489,SV100021,SVC0022,2023-07-25,23:38:25,780,stb
SVP00490,SV100021,SVC0022,2023-07-25,23:39:25,840,stb
SVP00491,SV100021,SVC0022,2023-07-25,23:40:25,900,stb
SVP00492,SV100021,SVC0022,2023-07-25,23:41:25,960,stb
SVP00493,SV100021,SVC0022,2023-07-25,23:42:25,1020,stb
SVP00494,SV100021,SVC0022,2023-07-25,23:43:25,1080,stb
SVP00495,SV100021,SVC0022,2023-07-25,23:44:25,1140,stb
SVP00496,SV100021,SVC0022,2023-07-25,23:45:25,1200,stb
SVP00497,SV100021,SVC0022,2023-07-25,23:46:25,1260,stb
SVP00498,SV100021,SVC0022,2023-07-25,23:47:25,1320,stb
SVP00499,SV100021,SVC0022,2023-07-25,23:48:25,1380,stb
SVP00500,SV100021,SVC0022,2023-07-25,23:49:25,1440,stb
SVP00501,SV100021,SVC0022,2023-07-25,23:50:25,1500,stb
SVP00502,SV100021,SVC0022,2023-07-25,23:51:25,1560,stb
SVP00503,SV100021,SVC0022,2023-07-25,23:52:25,1620,stb
SVP00504,SV100021,SVC0022,2023-07-25,23:53:25,1680,stb
SVP00505,SV100021,SVC0022,2023-07-25,23:54:25,1740,stb
SVP00506,SV100021,SVC0022,2023-07-25,23:55:25,1800,stb
SVP00507,SV100021,SVC0022,2023-07-25,23:56:25,1860,stb
SVP00508,SV100021,SVC0022,2023-07-25,23:57:25,1920,stb
SVP00509,SV100021,SVC0022,2023-07-25,23:58:25,1980,stb
SVP00510,SV100021,SVC0022,2023-07-25,23:59:25,2040,stb
SVP00511,SV100016,SVC0021,2021-05-08,12:04:13,0,browser
SVP00512,SV100016,SVC0021,2021-05-08,12:05:13,60,browser
SVP00513,SV100016,SVC0021,2021-05-08,12:06:13,120,browser
SVP00514,SV100016,SVC0021,2021-05-08,12:07:13,180,browser
SVP00515,SV100016,SVC0021,2021-05-08,12:08:13,240,browser
SVP00516,SV100016,SVC0021,2021-05-08,12:09:13,300,browser
SVP00517,SV100016,SVC0021,2021-05-08,12:10:13,360,browser
SVP00518,SV100016,SVC0021,2021-05-08,12:11:13,420,browser
SVP00519,SV100016,SVC0021,2021-05-08,12:12:13,480,browser
SVP00520,SV100016,SVC0021,2021-05-08,12:13:13,540,browser
SVP00521,SV100016,SVC0021,2021-05-08,12:14:13,600,browser
SVP00522,SV100016,SVC0021,2021-05-08,12:15:13,660,browser
SVP00523,SV100016,SVC0021,2021-05-08,12:16:13,720,browser
SVP00524,SV100016,SVC0021,2021-05-08,12:17:13,780,browser
SVP00525,SV100016,SVC0021,2021-05-08,12:18:13,840,browser
SVP00526,SV100016,SVC0021,2021-05-08,12:19:13,900,browser
SVP00527,SV100016,SVC0021,2021-05-08,12:20:13,960,browser
SVP00528,SV100016,SVC0021,2021-05-08,12:21:13,1020,browser
SVP00529,SV100016,SVC0021,2021-05-08,12:22:13,1080,browser
SVP00530,SV100016,SVC0021,2021-05-08,12:23:13,1140,browser
SVP00531,SV100016,SVC0021,2021-05-08,12:24:13,1200,browser
SVP00532,SV100016,SVC0021,2021-05-08,12:25:13,1260,browser
SVP00533,SV100016,SVC0021,2021-05-08,12:26:13,1320,browser
SVP00534,SV100016,SVC0021,2021-05-08,12:28:13,1440,browser
SVP00535,SV100016,SVC0021,2021-05-08,12:29:13,1500,browser
SVP00536,SV100016,SVC0021,2021-05-08,12:30:13,1560,browser
SVP00537,SV100016,SVC0021,2021-05-08,12:31:13,1620,browser
SVP00538,SV100016,SVC0021,2021-05-08,12:32:13,1680,browser
SVP00539,SV100016,SVC0021,2021-05-08,12:33:13,1740,browser
SVP00540,SV100016,SVC0021,2021-05-08,12:34:13,1800,browser
SVP00541,SV100016,SVC0021,2021-05-08,12:35:13,1860,browser
SVP00542,SV100016,SVC0021,2021-05-08,12:36:13,1920,browser
SVP00543,SV100016,SVC0021,2021-05-08,12:37:13,1980,browser
SVP00544,SV100016,SVC0021,2021-05-08,12:38:13,2040,browser
SVP00545,SV100016,SVC0021,2021-05-08,12:39:13,2100,browser
SVP00546,SV100016,SVC0021,2021-05-08,12:40:13,2160,browser
SVP00547,SV100016,SVC0021,2021-05-08,12:41:13,2220,browser
SVP00548,SV100016,SVC0021,2021-05-08,12:42:13,2280,browser
SVP00549,SV100016,SVC0021,2021-05-08,12:43:13,2340,browser
SVP00550,SV100016,SVC0021,2021-05-08,12:44:13,2400,browser
SVP00551,SV100016,SVC0021,2021-05-08,12:45:13,2460,browser
SVP00552,SV100020,SVC0002,2021-01-01,10:34:06,0,stb
SVP00553,SV100020,SVC0002,2021-01-01,10:35:06,60,stb
SVP00554,SV100020,SVC0002,2021-01-01,10:36:06,120,stb
SVP00555,SV100020,SVC0002,2021-01-01,10:37:06,180,stb
SVP00556,SV100020,SVC0002,2021-01-01,10:38:06,240,stb
SVP00557,SV100020,SVC0002,2021-01-01,10:39:06,300,stb
SVP00558,SV100020,SVC0002,2021-01-01,10:40:06,360,stb
SVP00559,SV100020,SVC0002,2021-01-01,10:41:06,420,stb
SVP00560,SV100020,SVC0002,2021-01-01,10:42:06,480,stb
SVP00561,SV100020,SVC0002,2021-01-01,10:43:06,540,stb
SVP00562,SV100020,SVC0002,2021-01-01,10:44:06,600,stb
SVP00563,SV100020,SVC0002,2021-01-01,10:45:06,660,stb
SVP00564,SV100020,SVC0002,2021-01-01,10:46:06,720,stb
SVP00565,SV100020,SVC0002,2021-01-01,10:47:06,780,stb
SVP00566,SV100020,SVC0002,2021-01-01,10:48:06,840,stb
SVP00567,SV100020,SVC0002,2021-01-01,10:49:06,900,stb
SVP00568,SV100020,SVC0002,2021-01-01,10:50:06,960,stb
SVP00569,SV100020,SVC0002,2021-01-01,10:51:06,1020,stb
SVP00570,SV100020,SVC0002,2021-01-01,10:52:06,1080,stb
SVP00571,SV100020,SVC0002,2021-01-01,10:53:06,1140,stb
SVP00572,SV100020,SVC0002,2021-01-01,10:54:06,1200,stb
SVP00573,SV100020,SVC0002,2021-01-01,10:55:06,1260,stb
SVP00574,SV100020,SVC0002,2021-01-01,10:56:06,1320,stb
SVP00575,SV100020,SVC0002,2021-01-01,10:57:06,1380,stb
SVP00576,SV100020,SVC0002,2021-01-01,10:58:06,1440,stb
SVP00577,SV100020,SVC0002,2021-01-01,10:59:06,1500,stb
SVP00578,SV100020,SVC0002,2021-01-01,11:00:06,1560,stb
SVP00579,SV100020,SVC0002,2021-01-01,11:01:06,1620,stb
SVP00580,SV100003,SVC0007,2023-02-10,10:40:16,0,mob
SVP00581,SV100003,SVC0007,2023-02-10,10:41:16,60,mob
SVP00582,SV100003,SVC0007,2023-02-10,10:42:16,120,mob
SVP00583,SV100003,SVC0007,2023-02-10,10:43:16,180,mob
SVP00584,SV100003,SVC0007,2023-02-10,10:44:16,240,mob
SVP00585,SV100003,SVC0007,2023-02-10,10:45:16,300,mob
SVP00586,SV100003,SVC0007,2023-02-10,10:46:16,360,mob
SVP00587,SV100003,SVC0007,2023-02-10,10:47:16,420,mob
SVP00588,SV100003,SVC0007,2023-02-10,10:48:16,480,mob
SVP00589,SV100003,SVC0007,2023-02-10,10:49:16,540,mob
SVP00590,SV100003,SVC0007,2023-02-10,10:50:16,600,mob
SVP00591,SV100003,SVC0007,2023-02-10,10:51:16,660,mob
SVP00592,SV100003,SVC0007,2023-02-10,10:52:16,720,mob
SVP00593,SV100003,SVC0007,2023-02-10,10:53:16,780,mob
SVP00594,SV100003,SVC0007,2023-02-10,10:54:16,840,mob
SVP00595,SV100003,SVC0007,2023-02-10,10:55:16,900,mob
SVP00596,SV100003,SVC0007,2023-02-10,10:56:16,960,mob
SVP00597,SV100003,SVC0007,2023-02-10,10:57:16,1020,mob
SVP00598,SV100003,SVC0007,2023-02-10,10:58:16,1080,mob
SVP00599,SV100003,SVC0007,2023-02-10,10:59:16,1140,mob
SVP00600,SV100003,SVC0007,2023-02-10,11:00:16,1200,mob
SVP00601,SV100003,SVC0007,2023-02-10,11:01:16,1260,mob
SVP00602,SV100003,SVC0007,2023-02-10,11:02:16,1320,mob
SVP00603,SV100003,SVC0007,2023-02-10,11:03:16,1380,mob
SVP00604,SV100003,SVC0007,2023-02-10,11:04:16,1440,mob
SVP00605,SV100003,SVC0007,2023-02-10,11:05:16,1500,mob
SVP00606,SV100003,SVC0007,2023-02-10,11:06:16,1560,mob
SVP00607,SV100003,SVC0007,2023-02-10,11:07:16,1620,mob
SVP00608,SV100016,SVC0004,2023-09-27,20:30:30,0,stb
SVP00609,SV100016,SVC0004,2023-09-27,20:31:30,60,stb
SVP00610,SV100016,SVC0004,2023-09-27,20:32:30,120,stb
SVP00611,SV100016,SVC0004,2023-09-27,20:33:30,180,stb
SVP00612,SV100016,SVC0004,2023-09-27,20:34:30,240,stb
SVP00613,SV100016,SVC0004,2023-09-27,20:36:30,360,stb
SVP00614,SV100016,SVC0004,2023-09-27,20:37:30,420,stb
SVP00615,SV100016,SVC0004,2023-09-27,20:38:30,480,stb
SVP00616,SV100016,SVC0004,2023-09-27,20:39:30,540,stb
SVP00617,SV100016,SVC0004,2023-09-27,20:40:30,600,stb
SVP00618,SV100016,SVC0004,2023-09-27,20:41:30,660,stb
SVP00619,SV100016,SVC0004,2023-09-27,20:42:30,720,stb
SVP00620,SV100016,SVC0004,2023-09-27,20:43:30,780,stb
SVP00621,SV100016,SVC0004,2023-09-27,20:44:30,840,stb
SVP00622,SV100016,SVC0004,2023-09-27,20:45:30,900,stb
SVP00623,SV100016,SVC0004,2023-09-27,20:46:30,960,stb
SVP00624,SV100016,SVC0004,2023-09-27,20:47:30,1020,stb
SVP00625,SV100016,SVC0004,2023-09-27,20:48:30,1080,stb
SVP00626,SV100016,SVC0004,2023-09-27,20:49:30,1140,stb
SVP00627,SV100016,SVC0004,2023-09-27,20:50:30,1200,stb
SVP00628,SV100016,SVC0004,2023-09-27,20:51:30,1260,stb
SVP00629,SV100024,SVC0011,2023-09-08,11:33:01,0,stb
SVP00630,SV100024,SVC0011,2023-09-08,11:34:01,60,stb
SVP00631,SV100024,SVC0011,2023-09-08,11:35:01,120,stb
SVP00632,SV100024,SVC0011,2023-09-08,11:36:01,180,stb
SVP00633,SV100024,SVC0011,2023-09-08,11:37:01,240,stb
SVP00634,SV100024,SVC0011,2023-09-08,11:38:01,300,stb
SVP00635,SV100024,SVC0011,2023-09-08,11:39:01,360,stb
SVP00636,SV100024,SVC0011,2023-09-08,11:40:01,420,stb
SVP00637,SV100024,SVC0011,2023-09-08,11:41:01,480,stb
SVP00638,SV100024,SVC0011,2023-09-08,11:42:01,540,stb
SVP00639,SV100024,SVC0011,2023-09-08,11:43:01,600,stb
SVP00640,SV100024,SVC0011,2023-09-08,11:44:01,660,stb
SVP00641,SV100024,SVC0011,2023-09-08,11:45:01,720,stb
SVP00642,SV100024,SVC0011,2023-09-08,11:46:01,780,stb
SVP00643,SV100024,SVC0011,2023-09-08,11:47:01,840,stb
SVP00644,SV100024,SVC0011,2023-09-08,11:48:01,900,stb
SVP00645,SV100024,SVC0011,2023-09-08,11:49:01,960,stb
SVP00646,SV100024,SVC0011,2023-09-08,11:50:01,1020,stb
SVP00647,SV100017,SVC0012,2021-02-25,22:19:41,0,stb
SVP00648,SV100017,SVC0012,2021-02-25,22:20:41,60,stb
SVP00649,SV100017,SVC0012,2021-02-25,22:21:41,120,stb
SVP00650,SV100017,SVC0012,2021-02-25,22:22:41,180,stb
SVP00651,SV100017,SVC0012,2021-02-25,22:23:41,240,stb
SVP00652,SV100017,SVC0012,2021-02-25,22:24:41,300,stb
SVP00653,SV100017,SVC0012,2021-02-25,22:25:41,360,stb
SVP00654,SV100017,SVC0012,2021-02-25,22:26:41,420,stb
SVP00655,SV100009,SVC0017,2021-12-09,17:49:14,0,browser
SVP00656,SV100009,SVC0017,2021-12-09,17:50:14,60,browser
SVP00657,SV100009,SVC0017,2021-12-09,17:51:14,120,browser
SVP00658,SV100009,SVC0017,2021-12-09,17:52:14,180,browser
SVP00659,SV100009,SVC0017,2021-12-09,17:53:14,240,browser
SVP00660,SV100009,SVC0017,2021-12-09,17:54:14,300,browser
SVP00661,SV100009,SVC0017,2021-12-09,17:55:14,360,browser
SVP00662,SV100009,SVC0017,2021-12-09,17:56:14,420,browser
SVP00663,SV100009,SVC0017,2021-12-09,17:57:14,480,browser
SVP00664,SV100009,SVC0017,2021-12-09,17:58:14,540,browser
SVP00665,SV100009,SVC0017,2021-12-09,17:59:14,600,browser
SVP00666,SV100009,SVC0017,2021-12-09,18:00:14,660,browser
SVP00667,SV100009,SVC0017,2021-12-09,18:01:14,720,browser
SVP00668,SV100009,SVC0017,2021-12-09,18:02:14,780,browser
SVP00669,SV100009,SVC0017,2021-12-09,18:03:14,840,browser
SVP00670,SV100009,SVC0017,2021-12-09,18:04:14,900,browser
SVP00671,SV100009,SVC0017,2021-12-09,18:05:14,960,browser
SVP00672,SV100009,SVC0017,2021-12-09,18:06:14,1020,browser
SVP00673,SV100009,SVC0017,2021-12-09,18:07:14,1080,browser
SVP00674,SV100009,SVC0017,2021-12-09,18:08:14,1140,browser
SVP00675,SV100009,SVC0017,2021-12-09,18:09:14,1200,browser
SVP00676,SV100009,SVC0017,2021-12-09,18:10:14,1260,browser
SVP00677,SV100009,SVC0017,2021-12-09,18:11:14,1320,browser
SVP00678,SV100009,SVC0017,2021-12-09,18:12:14,1380,browser
SVP00679,SV100009,SVC0017,2021-12-09,18:13:14,1440,browser
SVP00680,SV100009,SVC0017,2021-12-09,18:14:14,1500,browser
SVP00681,SV100009,SVC0017,2021-12-09,18:15:14,1560,browser
SVP00682,SV100009,SVC0017,2021-12-09,18:16:14,1620,browser
SVP00683,SV100009,SVC0017,2021-12-09,18:17:14,1680,browser
SVP00684,SV100009,SVC0017,2021-12-09,18:18:14,1740,browser
SVP00685,SV100009,SVC0017,2021-12-09,18:19:14,1800,browser
SVP00686,SV100009,SVC0017,2021-12-09,18:20:14,1860,browser
SVP00687,SV100009,SVC0017,2021-12-09,18:21:14,1920,browser
SVP00688,SV100009,SVC0017,2021-12-09,18:22:14,1980,browser
SVP00689,SV100009,SVC0017,2021-12-09,18:23:14,2040,browser
SVP00690,SV100009,SVC0017,2021-12-09,18:24:14,2100,browser
SVP00691,SV100009,SVC0017,2021-12-09,18:25:14,2160,browser
SVP00692,SV100009,SVC0017,2021-12-09,18:26:14,2220,browser
SVP00693,SV100009,SVC0017,2021-12-09,18:27:14,2280,browser
SVP00694,SV100009,SVC0017,2021-12-09,18:28:14,2340,browser
SVP00695,SV100009,SVC0017,2021-12-09,18:29:14,2400,browser
SVP00696,SV100009,SVC0017,2021-12-09,18:30:14,2460,browser
SVP00697,SV100009,SVC0017,2021-12-09,18:31:14,2520,browser
SVP00698,SV100009,SVC0017,2021-12-09,18:32:14,2580,browser
SVP00699,SV100009,SVC0017,2021-12-09,18:33:14,2640,browser
SVP00700,SV100009,SVC0017,2021-12-09,18:34:14,2700,browser
SVP00701,SV100009,SVC0017,2021-12-09,18:35:14,2760,browser
SVP00702,SV100009,SVC0017,2021-12-09,18:36:14,2820,browser
SVP00703,SV100009,SVC0017,2021-12-09,18:37:14,2880,browser
SVP00704,SV100009,SVC0017,2021-12-09,18:38:14,2940,browser
SVP00705,SV100017,SVC0011,2022-04-02,12:51:15,0,tab
SVP00706,SV100017,SVC0011,2022-04-02,12:52:15,60,tab
SVP00707,SV100017,SVC0011,2022-04-02,12:53:15,120,tab
SVP00708,SV100017,SVC0011,2022-04-02,12:54:15,180,tab
SVP00709,SV100017,SVC0011,2022-04-02,12:55:15,240,tab
SVP00710,SV100017,SVC0011,2022-04-02,12:56:15,300,tab
SVP00711,SV100017,SVC0011,2022-04-02,12:57:15,360,tab
SVP00712,SV100017,SVC0011,2022-04-02,12:58:15,420,tab
SVP00713,SV100017,SVC0011,2022-04-02,12:59:15,480,tab
SVP00714,SV100017,SVC0011,2022-04-02,13:00:15,540,tab
SVP00715,SV100017,SVC0011,2022-04-02,13:01:15,600,tab
SVP00716,SV100017,SVC0011,2022-04-02,13:02:15,660,tab
SVP00717,SV100017,SVC0011,2022-04-02,13:03:15,720,tab
SVP00718,SV100017,SVC0011,2022-04-02,13:04:15,780,tab
SVP00719,SV100017,SVC0011,2022-04-02,13:05:15,840,tab
SVP00720,SV100017,SVC0011,2022-04-02,13:06:15,900,tab
SVP00721,SV100017,SVC0011,2022-04-02,13:07:15,960,tab
SVP00722,SV100017,SVC0011,2022-04-02,13:08:15,1020,tab
SVP00723,SV100017,SVC0011,2022-04-02,13:09:15,1080,tab
SVP00724,SV100017,SVC0011,2022-04-02,13:10:15,1140,tab
SVP00725,SV100017,SVC0011,2022-04-02,13:11:15,1200,tab
SVP00726,SV100017,SVC0011,2022-04-02,13:12:15,1260,tab
SVP00727,SV100017,SVC0011,2022-04-02,13:13:15,1320,tab
SVP00728,SV100017,SVC0011,2022-04-02,13:14:15,1380,tab
SVP00729,SV100017,SVC0011,2022-04-02,13:15:15,1440,tab
SVP00730,SV100017,SVC0011,2022-04-02,13:16:15,1500,tab
SVP00731,SV100017,SVC0011,2022-04-02,13:17:15,1560,tab
SVP00732,SV100017,SVC0011,2022-04-02,13:18:15,1620,tab
SVP00733,SV100017,SVC0011,2022-04-02,13:19:15,1680,tab
SVP00734,SV100017,SVC0011,2022-04-02,13:20:15,1740,tab
SVP00735,SV100017,SVC0011,2022-04-02,13:21:15,1800,tab
SVP00736,SV100017,SVC0011,2022-04-02,13:22:15,1860,tab
SVP00737,SV100017,SVC0011,2022-04-02,13:23:15,1920,tab
SVP00738,SV100017,SVC0011,2022-04-02,13:24:15,1980,tab
SVP00739,SV100017,SVC0011,2022-04-02,13:25:15,2040,tab
SVP00740,SV100008,SVC0007,2023-10-07,17:46:01,0,browser
SVP00741,SV100008,SVC0007,2023-10-07,17:47:01,60,browser
SVP00742,SV100008,SVC0007,2023-10-07,17:48:01,120,browser
SVP00743,SV100008,SVC0007,2023-10-07,17:49:01,180,browser
SVP00744,SV100008,SVC0007,2023-10-07,17:50:01,240,browser
SVP00745,SV100009,SVC0016,2022-02-01,17:28:51,0,stb
SVP00746,SV100009,SVC0016,2022-02-01,17:29:51,60,stb
SVP00747,SV100009,SVC0016,2022-02-01,17:30:51,120,stb
SVP00748,SV100009,SVC0016,2022-02-01,17:31:51,180,stb
SVP00749,SV100009,SVC0016,2022-02-01,17:32:51,240,stb
SVP00750,SV100009,SVC0016,2022-02-01,17:33:51,300,stb
SVP00751,SV100009,SVC0016,2022-02-01,17:34:51,360,stb
SVP00752,SV100009,SVC0016,2022-02-01,17:35:51,420,stb
SVP00753,SV100009,SVC0016,2022-02-01,17:36:51,480,stb
SVP00754,SV100009,SVC0016,2022-02-01,17:37:51,540,stb
SVP00755,SV100009,SVC0016,2022-02-01,17:38:51,600,stb
SVP00756,SV100009,SVC0016,2022-02-01,17:39:51,660,stb
SVP00757,SV100009,SVC0016,2022-02-01,17:40:51,720,stb
SVP00758,SV100009,SVC0016,2022-02-01,17:41:51,780,stb
SVP00759,SV100009,SVC0016,2022-02-01,17:42:51,840,stb
SVP00760,SV100009,SVC0016,2022-02-01,17:43:51,900,stb
SVP00761,SV100009,SVC0016,2022-02-01,17:44:51,960,stb
SVP00762,SV100009,SVC0016,2022-02-01,17:45:51,1020,stb
SVP00763,SV100009,SVC0016,2022-02-01,17:46:51,1080,stb
SVP00764,SV100009,SVC0016,2022-02-01,17:47:51,1140,stb
SVP00765,SV100009,SVC0016,2022-02-01,17:48:51,1200,stb
SVP00766,SV100009,SVC0016,2022-02-01,17:49:51,1260,stb
SVP00767,SV100009,SVC0016,2022-02-01,17:50:51,1320,stb
SVP00768,SV100009,SVC0016,2022-02-01,17:51:51,1380,stb
SVP00769,SV100009,SVC0016,2022-02-01,17:52:51,1440,stb
SVP00770,SV100009,SVC0016,2022-02-01,17:53:51,1500,stb
SVP00771,SV100009,SVC0016,2022-02-01,17:54:51,1560,stb
SVP00772,SV100009,SVC0016,2022-02-01,17:55:51,1620,stb
SVP00773,SV100009,SVC0016,2022-02-01,17:56:51,1680,stb
SVP00774,SV100009,SVC0016,2022-02-01,17:57:51,1740,stb
SVP00775,SV100009,SVC0016,2022-02-01,17:58:51,1800,stb
SVP00776,SV100009,SVC0016,2022-02-01,17:59:51,1860,stb
SVP00777,SV100009,SVC0016,2022-02-01,18:00:51,1920,stb
SVP00778,SV100009,SVC0016,2022-02-01,18:01:51,1980,stb
SVP00779,SV100009,SVC0016,2022-02-01,18:02:51,2040,stb
SVP00780,SV100009,SVC0016,2022-02-01,18:03:51,2100,stb
SVP00781,SV100009,SVC0016,2022-02-01,18:04:51,2160,stb
SVP00782,SV100009,SVC0016,2022-02-01,18:05:51,2220,stb
SVP00783,SV100009,SVC0016,2022-02-01,18:06:51,2280,stb
SVP00784,SV100009,SVC0016,2022-02-01,18:07:51,2340,stb
SVP00785,SV100009,SVC0016,2022-02-01,18:08:51,2400,stb
SVP00786,SV100009,SVC0016,2022-02-01,18:09:51,2460,stb
SVP00787,SV100009,SVC0016,2022-02-01,18:10:51,2520,stb
SVP00788,SV100009,SVC0016,2022-02-01,18:11:51,2580,stb
SVP00789,SV100009,SVC0016,2022-02-01,18:12:51,2640,stb
SVP00790,SV100009,SVC0016,2022-02-01,18:13:51,2700,stb
SVP00791,SV100009,SVC0016,2022-02-01,18:14:51,2760,stb
SVP00792,SV100009,SVC0016,2022-02-01,18:15:51,2820,stb
SVP00793,SV100009,SVC0016,2022-02-01,18:16:51,2880,stb
SVP00794,SV100009,SVC0016,2022-02-01,18:17:51,2940,stb
SVP00795,SV100009,SVC0016,2022-02-01,18:18:51,3000,stb
SVP00796,SV100009,SVC0016,2022-02-01,18:19:51,3060,stb
SVP00797,SV100009,SVC0016,2022-02-01,18:20:51,3120,stb
SVP00798,SV100009,SVC0016,2022-02-01,18:21:51,3180,stb
SVP00799,SV100009,SVC0016,2022-02-01,18:22:51,3240,stb
SVP00800,SV100009,SVC0016,2022-02-01,18:23:51,3300,stb
SVP00801,SV100009,SVC0016,2022-02-01,18:24:51,3360,stb
SVP00802,SV100009,SVC0016,2022-02-01,18:25:51,3420,stb
SVP00803,SV100009,SVC0016,2022-02-01,18:26:51,3480,stb
SVP00804,SV100009,SVC0016,2022-02-01,18:27:51,3540,stb
SVP00805,SV100009,SVC0016,2022-02-01,18:28:51,3600,stb
SVP00806,SV100009,SVC0016,2022-02-01,18:29:51,3660,stb
SVP00807,SV100009,SVC0016,2022-02-01,18:30:51,3720,stb
SVP00808,SV100009,SVC0016,2022-02-01,18:31:51,3780,stb
SVP00809,SV100009,SVC0016,2022-02-01,18:32:51,3840,stb
SVP00810,SV100009,SVC0016,2022-02-01,18:33:51,3900,stb
SVP00811,SV100009,SVC0016,2022-02-01,18:34:51,3960,stb
SVP00812,SV100009,SVC0016,2022-02-01,18:35:51,4020,stb
SVP00813,SV100009,SVC0016,2022-02-01,18:36:51,4080,stb
SVP00814,SV100009,SVC0016,2022-02-01,18:37:51,4140,stb
SVP00815,SV100009,SVC0016,2022-02-01,18:38:51,4200,stb
SVP00816,SV100009,SVC0016,2022-02-01,18:39:51,4260,stb
SVP00817,SV100009,SVC0016,2022-02-01,18:40:51,4320,stb
SVP00818,SV100009,SVC0016,2022-02-01,18:41:51,4380,stb
SVP00819,SV100009,SVC0016,2022-02-01,18:42:51,4440,stb
SVP00820,SV100009,SVC0016,2022-02-01,18:43:51,4500,stb
SVP00821,SV100009,SVC0016,2022-02-01,18:44:51,4560,stb
SVP00822,SV100009,SVC0016,2022-02-01,18:45:51,4620,stb
SVP00823,SV100009,SVC0016,2022-02-01,18:46:51,4680,stb
SVP00824,SV100009,SVC0016,2022-02-01,18:47:51,4740,stb
SVP00825,SV100009,SVC0016,2022-02-01,18:48:51,4800,stb
SVP00826,SV100009,SVC0016,2022-02-01,18:49:51,4860,stb
SVP00827,SV100009,SVC0016,2022-02-01,18:50:51,4920,stb
SVP00828,SV100009,SVC0016,2022-02-01,18:51:51,4980,stb
SVP00829,SV100009,SVC0016,2022-02-01,18:52:51,5040,stb
SVP00830,SV100009,SVC0016,2022-02-01,18:53:51,5100,stb
SVP00831,SV100009,SVC0016,2022-02-01,18:54:51,5160,stb
SVP00832,SV100009,SVC0016,2022-02-01,18:55:51,5220,stb
SVP00833,SV100009,SVC0016,2022-02-01,18:56:51,5280,stb
SVP00834,SV100009,SVC0016,2022-02-01,18:57:51,5340,stb
SVP00835,SV100012,SVC0003,2021-07-29,13:30:12,0,stb
SVP00836,SV100012,SVC0003,2021-07-29,13:31:12,60,stb
SVP00837,SV100012,SVC0003,2021-07-29,13:32:12,120,stb
SVP00838,SV100012,SVC0003,2021-07-29,13:33:12,180,stb
SVP00839,SV100012,SVC0003,2021-07-29,13:34:12,240,stb
SVP00840,SV100012,SVC0003,2021-07-29,13:35:12,300,stb
SVP00841,SV100012,SVC0003,2021-07-29,13:36:12,360,stb
SVP00842,SV100012,SVC0003,2021-07-29,13:37:12,420,stb
SVP00843,SV100012,SVC0003,2021-07-29,13:38:12,480,stb
SVP00844,SV100012,SVC0003,2021-07-29,13:39:12,540,stb
SVP00845,SV100012,SVC0003,2021-07-29,13:40:12,600,stb
SVP00846,SV100012,SVC0003,2021-07-29,13:41:12,660,stb
SVP00847,SV100012,SVC0003,2021-07-29,13:42:12,720,stb
SVP00848,SV100012,SVC0003,2021-07-29,13:43:12,780,stb
SVP00849,SV100012,SVC0003,2021-07-29,13:44:12,840,stb
SVP00850,SV100012,SVC0003,2021-07-29,13:45:12,900,stb
SVP00851,SV100012,SVC0003,2021-07-29,13:46:12,960,stb
SVP00852,SV100012,SVC0003,2021-07-29,13:47:12,1020,stb
SVP00853,SV100012,SVC0003,2021-07-29,13:48:12,1080,stb
SVP00854,SV100012,SVC0003,2021-07-29,13:49:12,1140,stb
SVP00855,SV100012,SVC0003,2021-07-29,13:50:12,1200,stb
SVP00856,SV100012,SVC0003,2021-07-29,13:52:12,1320,stb
SVP00857,SV100012,SVC0003,2021-07-29,13:53:12,1380,stb
SVP00858,SV100012,SVC0003,2021-07-29,13:54:12,1440,stb
SVP00859,SV100012,SVC0003,2021-07-29,13:55:12,1500,stb
SVP00860,SV100012,SVC0003,2021-07-29,13:56:12,1560,stb
SVP00861,SV100012,SVC0003,2021-07-29,13:57:12,1620,stb
SVP00862,SV100020,SVC0001,2022-12-06,08:53:42,0,browser
SVP00863,SV100020,SVC0001,2022-12-06,08:54:42,60,browser
SVP00864,SV100020,SVC0001,2022-12-06,08:55:42,120,browser
SVP00865,SV100020,SVC0001,2022-12-06,08:56:42,180,browser
SVP00866,SV100020,SVC0001,2022-12-06,08:57:42,240,browser
SVP00867,SV100020,SVC0001,2022-12-06,08:58:42,300,browser
SVP00868,SV100020,SVC0001,2022-12-06,08:59:42,360,browser
SVP00869,SV100020,SVC0001,2022-12-06,09:00:42,420,browser
SVP00870,SV100023,SVC0025,2023-09-07,11:27:50,0,stb
SVP00871,SV100023,SVC0025,2023-09-07,11:28:50,60,stb
SVP00872,SV100023,SVC0025,2023-09-07,11:29:50,120,stb
SVP00873,SV100023,SVC0025,2023-09-07,11:30:50,180,stb
SVP00874,SV100023,SVC0025,2023-09-07,11:31:50,240,stb
SVP00875,SV100023,SVC0025,2023-09-07,11:32:50,300,stb
SVP00876,SV100023,SVC0025,2023-09-07,11:33:50,360,stb
SVP00877,SV100023,SVC0025,2023-09-07,11:34:50,420,stb
SVP00878,SV100023,SVC0025,2023-09-07,11:35:50,480,stb
SVP00879,SV100023,SVC0025,2023-09-07,11:36:50,540,stb
SVP00880,SV100023,SVC0025,2023-09-07,11:37:50,600,stb
SVP00881,SV100023,SVC0025,2023-09-07,11:38:50,660,stb
SVP00882,SV100023,SVC0025,2023-09-07,11:39:50,720,stb
SVP00883,SV100023,SVC0025,2023-09-07,11:40:50,780,stb
SVP00884,SV100023,SVC0025,2023-09-07,11:41:50,840,stb
SVP00885,SV100023,SVC0025,2023-09-07,11:42:50,900,stb
SVP00886,SV100023,SVC0025,2023-09-07,11:43:50,960,stb
SVP00887,SV100023,SVC0025,2023-09-07,11:44:50,1020,stb
SVP00888,SV100023,SVC0025,2023-09-07,11:45:50,1080,stb
SVP00889,SV100023,SVC0025,2023-09-07,11:46:50,1140,stb
SVP00890,SV100023,SVC0025,2023-09-07,11:47:50,1200,stb
SVP00891,SV100023,SVC0025,2023-09-07,11:48:50,1260,stb
SVP00892,SV100023,SVC0025,2023-09-07,11:49:50,1320,stb
SVP00893,SV100023,SVC0025,2023-09-07,11:50:50,1380,stb
SVP00894,SV100023,SVC0025,2023-09-07,11:51:50,1440,stb
SVP00895,SV100023,SVC0025,2023-09-07,11:52:50,1500,stb
SVP00896,SV100023,SVC0025,2023-09-07,11:53:50,1560,stb
SVP00897,SV100023,SVC0025,2023-09-07,11:54:50,1620,stb
SVP00898,SV100023,SVC0025,2023-09-07,11:55:50,1680,stb
SVP00899,SV100023,SVC0025,2023-09-07,11:56:50,1740,stb
SVP00900,SV100023,SVC0025,2023-09-07,11:57:50,1800,stb
SVP00901,SV100023,SVC0025,2023-09-07,11:58:50,1860,stb
SVP00902,SV100023,SVC0025,2023-09-07,11:59:50,1920,stb
SVP00903,SV100023,SVC0025,2023-09-07,12:00:50,1980,stb
SVP00904,SV100023,SVC0025,2023-09-07,12:01:50,2040,stb
SVP00905,SV100023,SVC0025,2023-09-07,12:02:50,2100,stb
SVP00906,SV100023,SVC0025,2023-09-07,12:03:50,2160,stb
SVP00907,SV100023,SVC0025,2023-09-07,12:04:50,2220,stb
SVP00908,SV100023,SVC0025,2023-09-07,12:05:50,2280,stb
SVP00909,SV100023,SVC0025,2023-09-07,12:06:50,2340,stb
SVP00910,SV100023,SVC0025,2023-09-07,12:07:50,2400,stb
SVP00911,SV100023,SVC0025,2023-09-07,12:08:50,2460,stb
SVP00912,SV100023,SVC0025,2023-09-07,12:09:50,2520,stb
SVP00913,SV100023,SVC0025,2023-09-07,12:10:50,2580,stb
SVP00914,SV100023,SVC0025,2023-09-07,12:11:50,2640,stb
SVP00915,SV100023,SVC0025,2023-09-07,12:12:50,2700,stb
SVP00916,SV100023,SVC0025,2023-09-07,12:13:50,2760,stb
SVP00917,SV100023,SVC0025,2023-09-07,12:14:50,2820,stb
SVP00918,SV100023,SVC0025,2023-09-07,12:15:50,2880,stb
SVP00919,SV100023,SVC0025,2023-09-07,12:16:50,2940,stb
SVP00920,SV100023,SVC0025,2023-09-07,12:17:50,3000,stb
SVP00921,SV100023,SVC0025,2023-09-07,12:18:50,3060,stb
SVP00922,SV100023,SVC0025,2023-09-07,12:19:50,3120,stb
SVP00923,SV100023,SVC0025,2023-09-07,12:20:50,3180,stb
SVP00924,SV100023,SVC0025,2023-09-07,12:21:50,3240,stb
SVP00925,SV100023,SVC0025,2023-09-07,12:22:50,3300,stb
SVP00926,SV100023,SVC0025,2023-09-07,12:23:50,3360,stb
SVP00927,SV100023,SVC0025,2023-09-07,12:24:50,3420,stb
SVP00928,SV100023,SVC0025,2023-09-07,12:25:50,3480,stb
SVP00929,SV100023,SVC0025,2023-09-07,12:26:50,3540,stb
SVP00930,SV100023,SVC0025,2023-09-07,12:27:50,3600,stb
SVP00931,SV100023,SVC0025,2023-09-07,12:28:50,3660,stb
SVP00932,SV100023,SVC0025,2023-09-07,12:29:50,3720,stb
SVP00933,SV100023,SVC0025,2023-09-07,12:30:50,3780,stb
SVP00934,SV100023,SVC0025,2023-09-07,12:31:50,3840,stb
SVP00935,SV100023,SVC0025,2023-09-07,12:32:50,3900,stb
SVP00936,SV100023,SVC0025,2023-09-07,12:33:50,3960,stb
SVP00937,SV100023,SVC0025,2023-09-07,12:34:50,4020,stb
SVP00938,SV100023,SVC0025,2023-09-07,12:35:50,4080,stb
SVP00939,SV100023,SVC0025,2023-09-07,12:36:50,4140,stb
SVP00940,SV100023,SVC0025,2023-09-07,12:37:50,4200,stb
SVP00941,SV100023,SVC0025,2023-09-07,12:38:50,4260,stb
SVP00942,SV100023,SVC0025,2023-09-07,12:39:50,4320,stb
SVP00943,SV100023,SVC0025,2023-09-07,12:40:50,4380,stb
SVP00944,SV100023,SVC0025,2023-09-07,12:41:50,4440,stb
SVP00945,SV100024,SVC0013,2023-04-03,08:46:10,0,browser
SVP00946,SV100024,SVC0013,2023-04-03,08:47:10,60,browser
SVP00947,SV100024,SVC0013,2023-04-03,08:48:10,120,browser
SVP00948,SV100024,SVC0013,2023-04-03,08:49:10,180,browser
SVP00949,SV100024,SVC0013,2023-04-03,08:50:10,240,browser
SVP00950,SV100024,SVC0013,2023-04-03,08:51:10,300,browser
SVP00951,SV100024,SVC0013,2023-04-03,08:52:10,360,browser
SVP00952,SV100024,SVC0013,2023-04-03,08:53:10,420,browser
SVP00953,SV100024,SVC0013,2023-04-03,08:54:10,480,browser
SVP00954,SV100024,SVC0013,2023-04-03,08:55:10,540,browser
SVP00955,SV100024,SVC0013,2023-04-03,08:56:10,600,browser
SVP00956,SV100024,SVC0013,2023-04-03,08:57:10,660,browser
SVP00957,SV100001,SVC0005,2023-08-12,10:39:52,0,mob
SVP00958,SV100001,SVC0005,2023-08-12,10:40:52,60,mob
SVP00959,SV100001,SVC0005,2023-08-12,10:41:52,120,mob
SVP00960,SV100001,SVC0005,2023-08-12,10:42:52,180,mob
SVP00961,SV100001,SVC0005,2023-08-12,10:43:52,240,mob
SVP00962,SV100001,SVC0005,2023-08-12,10:44:52,300,mob
SVP00963,SV100001,SVC0005,2023-08-12,10:45:52,360,mob
SVP00964,SV100001,SVC0005,2023-08-12,10:46:52,420,mob
SVP00965,SV100001,SVC0005,2023-08-12,10:47:52,480,mob
SVP00966,SV100001,SVC0005,2023-08-12,10:48:52,540,mob
SVP00967,SV100001,SVC0005,2023-08-12,10:49:52,600,mob
SVP00968,SV100001,SVC0005,2023-08-12,10:50:52,660,mob
SVP00969,SV100001,SVC0005,2023-08-12,10:51:52,720,mob
SVP00970,SV100001,SVC0005,2023-08-12,10:52:52,780,mob
SVP00971,SV100001,SVC0005,2023-08-12,10:53:52,840,mob
SVP00972,SV100001,SVC0005,2023-08-12,10:54:52,900,mob
SVP00973,SV100001,SVC0005,2023-08-12,10:55:52,960,mob
SVP00974,SV100001,SVC0005,2023-08-12,10:56:52,1020,mob
SVP00975,SV100001,SVC0005,2023-08-12,10:57:52,1080,mob
SVP00976,SV100001,SVC0005,2023-08-12,10:58:52,1140,mob
SVP00977,SV100001,SVC0005,2023-08-12,10:59:52,1200,mob
SVP00978,SV100001,SVC0005,2023-08-12,11:00:52,1260,mob
SVP00979,SV100001,SVC0005,2023-08-12,11:01:52,1320,mob
SVP00980,SV100001,SVC0005,2023-08-12,11:02:52,1380,mob
SVP00981,SV100001,SVC0005,2023-08-12,11:03:52,1440,mob
SVP00982,SV100001,SVC0005,2023-08-12,11:04:52,1500,mob
SVP00983,SV100001,SVC0005,2023-08-12,11:05:52,1560,mob
SVP00984,SV100001,SVC0005,2023-08-12,11:06:52,1620,mob
SVP00985,SV100001,SVC0005,2023-08-12,11:07:52,1680,mob
SVP00986,SV100001,SVC0005,2023-08-12,11:08:52,1740,mob
SVP00987,SV100001,SVC0005,2023-08-12,11:09:52,1800,mob
SVP00988,SV100001,SVC0005,2023-08-12,11:10:52,1860,mob
SVP00989,SV100001,SVC0005,2023-08-12,11:11:52,1920,mob
SVP00990,SV100001,SVC0005,2023-08-12,11:12:52,1980,mob
SVP00991,SV100001,SVC0005,2023-08-12,11:13:52,2040,mob
SVP00992,SV100001,SVC0005,2023-08-12,11:14:52,2100,mob
SVP00993,SV100001,SVC0005,2023-08-12,11:15:52,2160,mob
SVP00994,SV100001,SVC0005,2023-08-12,11:16:52,2220,mob
SVP00995,SV100001,SVC0005,2023-08-12,11:17:52,2280,mob
SVP00996,SV100001,SVC0005,2023-08-12,11:18:52,2340,mob
SVP00997,SV100001,SVC0005,2023-08-12,11:19:52,2400,mob
SVP00998,SV100001,SVC0005,2023-08-12,11:20:52,2460,mob
SVP00999,SV100001,SVC0005,2023-08-12,11:21:52,2520,mob
SVP01000,SV100001,SVC0005,2023-08-12,11:22:52,2580,mob
SVP01001,SV100001,SVC0005,2023-08-12,11:23:52,2640,mob
SVP01002,SV100001,SVC0005,2023-08-12,11:24:52,2700,mob
SVP01003,SV100001,SVC0005,2023-08-12,11:25:52,2760,mob
SVP01004,SV100001,SVC0005,2023-08-12,11:26:52,2820,mob
SVP01005,SV100001,SVC0005,2023-08-12,11:27:52,2880,mob
SVP01006,SV100001,SVC0005,2023-08-12,11:28:52,2940,mob
SVP01007,SV100001,SVC0005,2023-08-12,11:29:52,3000,mob
SVP01008,SV100001,SVC0005,2023-08-12,11:30:52,3060,mob
SVP01009,SV100001,SVC0005,2023-08-12,11:31:52,3120,mob
SVP01010,SV100001,SVC0005,2023-08-12,11:32:52,3180,mob
SVP01011,SV100001,SVC0005,2023-08-12,11:33:52,3240,mob
SVP01012,SV100001,SVC0005,2023-08-12,11:34:52,3300,mob
SVP01013,SV100001,SVC0005,2023-08-12,11:35:52,3360,mob
SVP01014,SV100001,SVC0005,2023-08-12,11:36:52,3420,mob
SVP01015,SV100001,SVC0005,2023-08-12,11:37:52,3480,mob
SVP01016,SV100001,SVC0005,2023-08-12,11:38:52,3540,mob
SVP01017,SV100022,SVC0012,2021-09-26,06:00:51,0,stb
SVP01018,SV100022,SVC0012,2021-09-26,06:01:51,60,stb
SVP01019,SV100022,SVC0012,2021-09-26,06:02:51,120,stb
SVP01020,SV100022,SVC0012,2021-09-26,06:03:51,180,stb
SVP01021,SV100022,SVC0012,2021-09-26,06:04:51,240,stb
SVP01022,SV100022,SVC0012,2021-09-26,06:05:51,300,stb
SVP01023,SV100022,SVC0012,2021-09-26,06:06:51,360,stb
SVP01024,SV100022,SVC0012,2021-09-26,06:07:51,420,stb
SVP01025,SV100022,SVC0012,2021-09-26,06:08:51,480,stb
SVP01026,SV100022,SVC0012,2021-09-26,06:09:51,540,stb
SVP01027,SV100022,SVC0012,2021-09-26,06:10:51,600,stb
SVP01028,SV100022,SVC0012,2021-09-26,06:11:51,660,stb
SVP01029,SV100022,SVC0012,2021-09-26,06:12:51,720,stb
SVP01030,SV100022,SVC0012,2021-09-26,06:13:51,780,stb
SVP01031,SV100022,SVC0012,2021-09-26,06:14:51,840,stb
SVP01032,SV100022,SVC0012,2021-09-26,06:15:51,900,stb
SVP01033,SV100022,SVC0012,2021-09-26,06:16:51,960,stb
SVP01034,SV100022,SVC0012,2021-09-26,06:17:51,1020,stb
SVP01035,SV100022,SVC0012,2021-09-26,06:18:51,1080,stb
SVP01036,SV100022,SVC0012,2021-09-26,06:19:51,1140,stb
SVP01037,SV100022,SVC0012,2021-09-26,06:20:51,1200,stb
SVP01038,SV100022,SVC0012,2021-09-26,06:21:51,1260,stb
SVP01039,SV100022,SVC0012,2021-09-26,06:22:51,1320,stb
SVP01040,SV100022,SVC0012,2021-09-26,06:23:51,1380,stb
SVP01041,SV100022,SVC0012,2021-09-26,06:24:51,1440,stb
SVP01042,SV100022,SVC0012,2021-09-26,06:25:51,1500,stb
SVP01043,SV100022,SVC0012,2021-09-26,06:26:51,1560,stb
SVP01044,SV100022,SVC0012,2021-09-26,06:27:51,1620,stb
SVP01045,SV100022,SVC0012,2021-09-26,06:28:51,1680,stb
SVP01046,SV100022,SVC0012,2021-09-26,06:29:51,1740,stb
SVP01047,SV100022,SVC0012,2021-09-26,06:30:51,1800,stb
SVP01048,SV100022,SVC0012,2021-09-26,06:31:51,1860,stb
SVP01049,SV100022,SVC0012,2021-09-26,06:32:51,1920,stb
SVP01050,SV100022,SVC0012,2021-09-26,06:33:51,1980,stb
SVP01051,SV100022,SVC0012,2021-09-26,06:34:51,2040,stb
SVP01052,SV100022,SVC0012,2021-09-26,06:35:51,2100,stb
SVP01053,SV100022,SVC0012,2021-09-26,06:36:51,2160,stb
SVP01054,SV100022,SVC0012,2021-09-26,06:37:51,2220,stb
SVP01055,SV100022,SVC0012,2021-09-26,06:38:51,2280,stb
SVP01056,SV100022,SVC0012,2021-09-26,06:39:51,2340,stb
SVP01057,SV100022,SVC0012,2021-09-26,06:40:51,2400,stb
SVP01058,SV100022,SVC0012,2021-09-26,06:41:51,2460,stb
SVP01059,SV100022,SVC0012,2021-09-26,06:42:51,2520,stb
SVP01060,SV100022,SVC0012,2021-09-26,06:43:51,2580,stb
SVP01061,SV100022,SVC0012,2021-09-26,06:44:51,2640,stb
SVP01062,SV100022,SVC0012,2021-09-26,06:45:51,2700,stb
SVP01063,SV100022,SVC0012,2021-09-26,06:46:51,2760,stb
SVP01064,SV100022,SVC0012,2021-09-26,06:47:51,2820,stb
SVP01065,SV100022,SVC0012,2021-09-26,06:48:51,2880,stb
SVP01066,SV100022,SVC0012,2021-09-26,06:49:51,2940,stb
SVP01067,SV100022,SVC0012,2021-09-26,06:50:51,3000,stb
SVP01068,SV100022,SVC0012,2021-09-26,06:51:51,3060,stb
SVP01069,SV100022,SVC0012,2021-09-26,06:52:51,3120,stb
SVP01070,SV100022,SVC0012,2021-09-26,06:53:51,3180,stb
SVP01071,SV100022,SVC0012,2021-09-26,06:54:51,3240,stb
SVP01072,SV100022,SVC0012,2021-09-26,06:55:51,3300,stb
SVP01073,SV100022,SVC0012,2021-09-26,06:56:51,3360,stb
SVP01074,SV100022,SVC0012,2021-09-26,06:57:51,3420,stb
SVP01075,SV100022,SVC0012,2021-09-26,06:58:51,3480,stb
SVP01076,SV100022,SVC0012,2021-09-26,06:59:51,3540,stb
SVP01077,SV100022,SVC0012,2021-09-26,07:00:51,3600,stb
SVP01078,SV100022,SVC0012,2021-09-26,07:01:51,3660,stb
SVP01079,SV100022,SVC0012,2021-09-26,07:02:51,3720,stb
SVP01080,SV100022,SVC0012,2021-09-26,07:03:51,3780,stb
SVP01081,SV100022,SVC0012,2021-09-26,07:04:51,3840,stb
SVP01082,SV100022,SVC0012,2021-09-26,07:05:51,3900,stb
SVP01083,SV100022,SVC0012,2021-09-26,07:06:51,3960,stb
SVP01084,SV100022,SVC0012,2021-09-26,07:07:51,4020,stb
SVP01085,SV100022,SVC0012,2021-09-26,07:08:51,4080,stb
SVP01086,SV100022,SVC0012,2021-09-26,07:09:51,4140,stb
SVP01087,SV100022,SVC0012,2021-09-26,07:10:51,4200,stb
SVP01088,SV100022,SVC0012,2021-09-26,07:11:51,4260,stb
SVP01089,SV100022,SVC0012,2021-09-26,07:12:51,4320,stb
SVP01090,SV100022,SVC0012,2021-09-26,07:13:51,4380,stb
SVP01091,SV100022,SVC0012,2021-09-26,07:14:51,4440,stb
SVP01092,SV100022,SVC0012,2021-09-26,07:15:51,4500,stb
SVP01093,SV100022,SVC0012,2021-09-26,07:16:51,4560,stb
SVP01094,SV100022,SVC0012,2021-09-26,07:17:51,4620,stb
SVP01095,SV100022,SVC0012,2021-09-26,07:18:51,4680,stb
SVP01096,SV100022,SVC0012,2021-09-26,07:19:51,4740,stb
SVP01097,SV100022,SVC0012,2021-09-26,07:20:51,4800,stb
SVP01098,SV100022,SVC0012,2021-09-26,07:21:51,4860,stb
SVP01099,SV100022,SVC0012,2021-09-26,07:22:51,4920,stb
SVP01100,SV100022,SVC0012,2021-09-26,07:23:51,4980,stb
SVP01101,SV100022,SVC0012,2021-09-26,07:24:51,5040,stb
SVP01102,SV100022,SVC0012,2021-09-26,07:25:51,5100,stb
SVP01103,SV100022,SVC0012,2021-09-26,07:26:51,5160,stb
SVP01104,SV100022,SVC0012,2021-09-26,07:27:51,5220,stb
SVP01105,SV100022,SVC0012,2021-09-26,07:28:51,5280,stb
SVP01106,SV100022,SVC0012,2021-09-26,07:29:51,5340,stb
SVP01107,SV100017,SVC0024,2023-06-08,12:52:55,0,stb
SVP01108,SV100017,SVC0024,2023-06-08,12:53:55,60,stb
SVP01109,SV100017,SVC0024,2023-06-08,12:54:55,120,stb
SVP01110,SV100017,SVC0024,2023-06-08,12:55:55,180,stb
SVP01111,SV100017,SVC0024,2023-06-08,12:56:55,240,stb
SVP01112,SV100017,SVC0024,2023-06-08,12:58:55,360,stb
SVP01113,SV100017,SVC0024,2023-06-08,12:59:55,420,stb
SVP01114,SV100017,SVC0024,2023-06-08,13:00:55,480,stb
SVP01115,SV100017,SVC0024,2023-06-08,13:01:55,540,stb
SVP01116,SV100017,SVC0024,2023-06-08,13:02:55,600,stb
SVP01117,SV100017,SVC0024,2023-06-08,13:03:55,660,stb
SVP01118,SV100017,SVC0024,2023-06-08,13:04:55,720,stb
SVP01119,SV100017,SVC0024,2023-06-08,13:05:55,780,stb
SVP01120,SV100017,SVC0024,2023-06-08,13:06:55,840,stb
SVP01121,SV100017,SVC0024,2023-06-08,13:07:55,900,stb
SVP01122,SV100017,SVC0024,2023-06-08,13:08:55,960,stb
SVP01123,SV100017,SVC0024,2023-06-08,13:09:55,1020,stb
SVP01124,SV100010,SVC0017,2022-10-30,14:34:26,0,stb
SVP01125,SV100010,SVC0017,2022-10-30,14:35:26,60,stb
SVP01126,SV100010,SVC0017,2022-10-30,14:36:26,120,stb
SVP01127,SV100010,SVC0017,2022-10-30,14:37:26,180,stb
SVP01128,SV100010,SVC0017,2022-10-30,14:38:26,240,stb
SVP01129,SV100010,SVC0017,2022-10-30,14:39:26,300,stb
SVP01130,SV100010,SVC0017,2022-10-30,14:40:26,360,stb
SVP01131,SV100010,SVC0017,2022-10-30,14:42:26,480,stb
SVP01132,SV100010,SVC0017,2022-10-30,14:43:26,540,stb
SVP01133,SV100010,SVC0017,2022-10-30,14:44:26,600,stb
SVP01134,SV100010,SVC0017,2022-10-30,14:45:26,660,stb
SVP01135,SV100015,SVC0022,2023-11-25,19:52:58,0,mob
SVP01136,SV100015,SVC0022,2023-11-25,19:53:58,60,mob
SVP01137,SV100015,SVC0022,2023-11-25,19:54:58,120,mob
SVP01138,SV100015,SVC0022,2023-11-25,19:55:58,180,mob
SVP01139,SV100015,SVC0022,2023-11-25,19:56:58,240,mob
SVP01140,SV100015,SVC0022,2023-11-25,19:57:58,300,mob
SVP01141,SV100015,SVC0022,2023-11-25,19:58:58,360,mob
SVP01142,SV100015,SVC0022,2023-11-25,19:59:58,420,mob
SVP01143,SV100015,SVC0022,2023-11-25,20:00:58,480,mob
SVP01144,SV100015,SVC0022,2023-11-25,20:01:58,540,mob
SVP01145,SV100015,SVC0022,2023-11-25,20:02:58,600,mob
SVP01146,SV100015,SVC0022,2023-11-25,20:04:58,720,mob
SVP01147,SV100015,SVC0022,2023-11-25,20:05:58,780,mob
SVP01148,SV100015,SVC0022,2023-11-25,20:06:58,840,mob
SVP01149,SV100015,SVC0022,2023-11-25,20:07:58,900,mob
SVP01150,SV100015,SVC0022,2023-11-25,20:08:58,960,mob
SVP01151,SV100015,SVC0022,2023-11-25,20:09:58,1020,mob
SVP01152,SV100015,SVC0022,2023-11-25,20:10:58,1080,mob
SVP01153,SV100015,SVC0022,2023-11-25,20:11:58,1140,mob
SVP01154,SV100015,SVC0022,2023-11-25,20:12:58,1200,mob
SVP01155,SV100015,SVC0022,2023-11-25,20:13:58,1260,mob
SVP01156,SV100015,SVC0022,2023-11-25,20:14:58,1320,mob
SVP01157,SV100015,SVC0022,2023-11-25,20:15:58,1380,mob
SVP01158,SV100015,SVC0022,2023-11-25,20:16:58,1440,mob
SVP01159,SV100015,SVC0022,2023-11-25,20:17:58,1500,mob
SVP01160,SV100015,SVC0022,2023-11-25,20:18:58,1560,mob
SVP01161,SV100015,SVC0022,2023-11-25,20:19:58,1620,mob
SVP01162,SV100015,SVC0022,2023-11-25,20:20:58,1680,mob
SVP01163,SV100015,SVC0022,2023-11-25,20:21:58,1740,mob
SVP01164,SV100015,SVC0022,2023-11-25,20:22:58,1800,mob
SVP01165,SV100015,SVC0022,2023-11-25,20:23:58,1860,mob
SVP01166,SV100015,SVC0022,2023-11-25,20:24:58,1920,mob
SVP01167,SV100015,SVC0022,2023-11-25,20:25:58,1980,mob
SVP01168,SV100015,SVC0022,2023-11-25,20:26:58,2040,mob
SVP01169,SV100015,SVC0022,2023-11-25,20:27:58,2100,mob
SVP01170,SV100015,SVC0022,2023-11-25,20:28:58,2160,mob
SVP01171,SV100015,SVC0022,2023-11-25,20:29:58,2220,mob
SVP01172,SV100015,SVC0022,2023-11-25,20:30:58,2280,mob
SVP01173,SV100015,SVC0022,2023-11-25,20:31:58,2340,mob
SVP01174,SV100015,SVC0022,2023-11-25,20:32:58,2400,mob
SVP01175,SV100015,SVC0022,2023-11-25,20:33:58,2460,mob
SVP01176,SV100015,SVC0022,2023-11-25,20:34:58,2520,mob
SVP01177,SV100015,SVC0022,2023-11-25,20:35:58,2580,mob
SVP01178,SV100015,SVC0022,2023-11-25,20:36:58,2640,mob
SVP01179,SV100015,SVC0022,2023-11-25,20:37:58,2700,mob
SVP01180,SV100015,SVC0022,2023-11-25,20:38:58,2760,mob
SVP01181,SV100015,SVC0022,2023-11-25,20:39:58,2820,mob
SVP01182,SV100015,SVC0022,2023-11-25,20:40:58,2880,mob
SVP01183,SV100015,SVC0022,2023-11-25,20:41:58,2940,mob
SVP01184,SV100017,SVC0017,2023-06-21,11:38:00,0,stb
SVP01185,SV100017,SVC0017,2023-06-21,11:39:00,60,stb
SVP01186,SV100017,SVC0017,2023-06-21,11:40:00,120,stb
SVP01187,SV100017,SVC0017,2023-06-21,11:41:00,180,stb
SVP01188,SV100017,SVC0017,2023-06-21,11:42:00,240,stb
SVP01189,SV100017,SVC0017,2023-06-21,11:43:00,300,stb
SVP01190,SV100017,SVC0017,2023-06-21,11:44:00,360,stb
SVP01191,SV100017,SVC0017,2023-06-21,11:45:00,420,stb
SVP01192,SV100017,SVC0017,2023-06-21,11:46:00,480,stb
SVP01193,SV100017,SVC0017,2023-06-21,11:48:00,600,stb
SVP01194,SV100017,SVC0017,2023-06-21,11:49:00,660,stb
SVP01195,SV100020,SVC0024,2021-05-07,16:43:33,0,stb
SVP01196,SV100020,SVC0024,2021-05-07,16:44:33,60,stb
SVP01197,SV100020,SVC0024,2021-05-07,16:45:33,120,stb
SVP01198,SV100020,SVC0024,2021-05-07,16:46:33,180,stb
SVP01199,SV100020,SVC0024,2021-05-07,16:47:33,240,stb
SVP01200,SV100020,SVC0024,2021-05-07,16:48:33,300,stb
SVP01201,SV100020,SVC0024,2021-05-07,16:49:33,360,stb
SVP01202,SV100020,SVC0024,2021-05-07,16:50:33,420,stb
SVP01203,SV100020,SVC0024,2021-05-07,16:51:33,480,stb
SVP01204,SV100020,SVC0024,2021-05-07,16:52:33,540,stb
SVP01205,SV100020,SVC0024,2021-05-07,16:53:33,600,stb
SVP01206,SV100020,SVC0024,2021-05-07,16:54:33,660,stb
SVP01207,SV100020,SVC0024,2021-05-07,16:55:33,720,stb
SVP01208,SV100020,SVC0024,2021-05-07,16:56:33,780,stb
SVP01209,SV100020,SVC0024,2021-05-07,16:57:33,840,stb
SVP01210,SV100020,SVC0024,2021-05-07,16:58:33,900,stb
SVP01211,SV100020,SVC0024,2021-05-07,16:59:33,960,stb
SVP01212,SV100020,SVC0024,2021-05-07,17:00:33,1020,stb
SVP01213,SV100020,SVC0024,2021-05-07,17:01:33,1080,stb
SVP01214,SV100020,SVC0024,2021-05-07,17:02:33,1140,stb
SVP01215,SV100020,SVC0024,2021-05-07,17:03:33,1200,stb
SVP01216,SV100020,SVC0024,2021-05-07,17:04:33,1260,stb
SVP01217,SV100020,SVC0024,2021-05-07,17:05:33,1320,stb
SVP01218,SV100020,SVC0024,2021-05-07,17:06:33,1380,stb
SVP01219,SV100020,SVC0024,2021-05-07,17:07:33,1440,stb
SVP01220,SV100020,SVC0024,2021-05-07,17:08:33,1500,stb
SVP01221,SV100020,SVC0024,2021-05-07,17:09:33,1560,stb
SVP01222,SV100020,SVC0024,2021-05-07,17:10:33,1620,stb
SVP01223,SV100020,SVC0024,2021-05-07,17:11:33,1680,stb
SVP01224,SV100020,SVC0024,2021-05-07,17:12:33,1740,stb
SVP01225,SV100020,SVC0024,2021-05-07,17:13:33,1800,stb
SVP01226,SV100020,SVC0024,2021-05-07,17:14:33,1860,stb
SVP01227,SV100020,SVC0024,2021-05-07,17:15:33,1920,stb
SVP01228,SV100020,SVC0024,2021-05-07,17:16:33,1980,stb
SVP01229,SV100020,SVC0024,2021-05-07,17:17:33,2040,stb
SVP01230,SV100020,SVC0024,2021-05-07,17:18:33,2100,stb
SVP01231,SV100020,SVC0024,2021-05-07,17:19:33,2160,stb
SVP01232,SV100020,SVC0024,2021-05-07,17:20:33,2220,stb
SVP01233,SV100020,SVC0024,2021-05-07,17:21:33,2280,stb
SVP01234,SV100020,SVC0024,2021-05-07,17:22:33,2340,stb
SVP01235,SV100020,SVC0024,2021-05-07,17:23:33,2400,stb
SVP01236,SV100020,SVC0024,2021-05-07,17:24:33,2460,stb
SVP01237,SV100020,SVC0024,2021-05-07,17:25:33,2520,stb
SVP01238,SV100020,SVC0024,2021-05-07,17:26:33,2580,stb
SVP01239,SV100020,SVC0024,2021-05-07,17:27:33,2640,stb
SVP01240,SV100020,SVC0024,2021-05-07,17:28:33,2700,stb
SVP01241,SV100020,SVC0024,2021-05-07,17:29:33,2760,stb
SVP01242,SV100020,SVC0024,2021-05-07,17:30:33,2820,stb
SVP01243,SV100020,SVC0024,2021-05-07,17:31:33,2880,stb
SVP01244,SV100020,SVC0024,2021-05-07,17:32:33,2940,stb
SVP01245,SV100025,SVC0004,2021-04-27,13:12:17,0,mob
SVP01246,SV100025,SVC0004,2021-04-27,13:13:17,60,mob
SVP01247,SV100025,SVC0004,2021-04-27,13:14:17,120,mob
SVP01248,SV100025,SVC0004,2021-04-27,13:15:17,180,mob
SVP01249,SV100025,SVC0004,2021-04-27,13:16:17,240,mob
SVP01250,SV100025,SVC0004,2023-07-16,23:01:48,0,browser
SVP01251,SV100025,SVC0004,2023-07-16,23:02:48,60,browser
SVP01252,SV100025,SVC0004,2023-07-16,23:03:48,120,browser
SVP01253,SV100025,SVC0004,2023-07-16,23:04:48,180,browser
SVP01254,SV100025,SVC0004,2023-07-16,23:05:48,240,browser
SVP01255,SV100025,SVC0004,2023-07-16,23:06:48,300,browser
SVP01256,SV100025,SVC0004,2023-07-16,23:07:48,360,browser
SVP01257,SV100025,SVC0004,2023-07-16,23:08:48,420,browser
SVP01258,SV100020,SVC0017,2023-11-15,12:44:17,0,mob
SVP01259,SV100020,SVC0017,2023-11-15,12:45:17,60,mob
SVP01260,SV100020,SVC0017,2023-11-15,12:46:17,120,mob
SVP01261,SV100020,SVC0017,2023-11-15,12:47:17,180,mob
SVP01262,SV100020,SVC0017,2023-11-15,12:48:17,240,mob
SVP01263,SV100020,SVC0017,2023-11-15,12:49:17,300,mob
SVP01264,SV100020,SVC0017,2023-11-15,12:50:17,360,mob
SVP01265,SV100020,SVC0017,2023-11-15,12:51:17,420,mob
SVP01266,SV100020,SVC0017,2023-11-15,12:52:17,480,mob
SVP01267,SV100020,SVC0017,2023-11-15,12:53:17,540,mob
SVP01268,SV100020,SVC0017,2023-11-15,12:54:17,600,mob
SVP01269,SV100020,SVC0017,2023-11-15,12:55:17,660,mob
SVP01270,SV100020,SVC0017,2023-11-15,12:56:17,720,mob
SVP01271,SV100020,SVC0017,2023-11-15,12:57:17,780,mob
SVP01272,SV100020,SVC0017,2023-11-15,12:58:17,840,mob
SVP01273,SV100020,SVC0017,2023-11-15,12:59:17,900,mob
SVP01274,SV100020,SVC0017,2023-11-15,13:00:17,960,mob
SVP01275,SV100020,SVC0017,2023-11-15,13:01:17,1020,mob
SVP01276,SV100020,SVC0017,2023-11-15,13:02:17,1080,mob
SVP01277,SV100020,SVC0017,2023-11-15,13:03:17,1140,mob
SVP01278,SV100020,SVC0017,2023-11-15,13:04:17,1200,mob
SVP01279,SV100020,SVC0017,2023-11-15,13:05:17,1260,mob
SVP01280,SV100020,SVC0017,2023-11-15,13:06:17,1320,mob
SVP01281,SV100020,SVC0017,2023-11-15,13:07:17,1380,mob
SVP01282,SV100020,SVC0017,2023-11-15,13:08:17,1440,mob
SVP01283,SV100020,SVC0017,2023-11-15,13:09:17,1500,mob
SVP01284,SV100020,SVC0017,2023-11-15,13:10:17,1560,mob
SVP01285,SV100020,SVC0017,2023-11-15,13:11:17,1620,mob
SVP01286,SV100020,SVC0017,2023-11-15,13:12:17,1680,mob
SVP01287,SV100020,SVC0017,2023-11-15,13:13:17,1740,mob
SVP01288,SV100020,SVC0017,2023-11-15,13:14:17,1800,mob
SVP01289,SV100020,SVC0017,2023-11-15,13:15:17,1860,mob
SVP01290,SV100020,SVC0017,2023-11-15,13:16:17,1920,mob
SVP01291,SV100020,SVC0017,2023-11-15,13:17:17,1980,mob
SVP01292,SV100020,SVC0017,2023-11-15,13:18:17,2040,mob
SVP01293,SV100020,SVC0017,2023-11-15,13:19:17,2100,mob
SVP01294,SV100020,SVC0017,2023-11-15,13:20:17,2160,mob
SVP01295,SV100020,SVC0017,2023-11-15,13:21:17,2220,mob
SVP01296,SV100020,SVC0017,2023-11-15,13:22:17,2280,mob
SVP01297,SV100020,SVC0017,2023-11-15,13:23:17,2340,mob
SVP01298,SV100020,SVC0017,2023-11-15,13:24:17,2400,mob
SVP01299,SV100020,SVC0017,2023-11-15,13:25:17,2460,mob
SVP01300,SV100016,SVC0017,2023-12-08,14:59:35,0,stb
SVP01301,SV100016,SVC0017,2023-12-08,15:00:35,60,stb
SVP01302,SV100016,SVC0017,2023-12-08,15:01:35,120,stb
SVP01303,SV100016,SVC0017,2023-12-08,15:02:35,180,stb
SVP01304,SV100016,SVC0017,2023-12-08,15:03:35,240,stb
SVP01305,SV100016,SVC0017,2023-12-08,15:04:35,300,stb
SVP01306,SV100016,SVC0017,2023-12-08,15:05:35,360,stb
SVP01307,SV100016,SVC0017,2023-12-08,15:06:35,420,stb
SVP01308,SV100016,SVC0017,2023-12-08,15:07:35,480,stb
SVP01309,SV100016,SVC0017,2023-12-08,15:08:35,540,stb
SVP01310,SV100016,SVC0017,2023-12-08,15:09:35,600,stb
SVP01311,SV100016,SVC0017,2023-12-08,15:10:35,660,stb
SVP01312,SV100016,SVC0017,2023-12-08,15:11:35,720,stb
SVP01313,SV100016,SVC0017,2023-12-08,15:12:35,780,stb
SVP01314,SV100016,SVC0017,2023-12-08,15:13:35,840,stb
SVP01315,SV100016,SVC0017,2023-12-08,15:14:35,900,stb
SVP01316,SV100016,SVC0017,2023-12-08,15:15:35,960,stb
SVP01317,SV100016,SVC0017,2023-12-08,15:16:35,1020,stb
SVP01318,SV100005,SVC0014,2023-03-15,20:20:04,0,stb
SVP01319,SV100005,SVC0014,2023-03-15,20:21:04,60,stb
SVP01320,SV100005,SVC0014,2023-03-15,20:22:04,120,stb
SVP01321,SV100005,SVC0014,2023-03-15,20:23:04,180,stb
SVP01322,SV100005,SVC0014,2023-03-15,20:24:04,240,stb
SVP01323,SV100005,SVC0014,2023-03-15,20:25:04,300,stb
SVP01324,SV100005,SVC0014,2023-03-15,20:26:04,360,stb
SVP01325,SV100005,SVC0014,2023-03-15,20:27:04,420,stb
SVP01326,SV100005,SVC0014,2023-03-15,20:28:04,480,stb
SVP01327,SV100005,SVC0014,2023-03-15,20:29:04,540,stb
SVP01328,SV100005,SVC0014,2023-03-15,20:30:04,600,stb
SVP01329,SV100005,SVC0014,2023-03-15,20:32:04,720,stb
SVP01330,SV100005,SVC0014,2023-03-15,20:33:04,780,stb
SVP01331,SV100005,SVC0014,2023-03-15,20:34:04,840,stb
SVP01332,SV100005,SVC0014,2023-03-15,20:35:04,900,stb
SVP01333,SV100005,SVC0014,2023-03-15,20:36:04,960,stb
SVP01334,SV100005,SVC0014,2023-03-15,20:37:04,1020,stb
SVP01335,SV100005,SVC0014,2023-03-15,20:38:04,1080,stb
SVP01336,SV100005,SVC0014,2023-03-15,20:39:04,1140,stb
SVP01337,SV100005,SVC0014,2023-03-15,20:40:04,1200,stb
SVP01338,SV100005,SVC0014,2023-03-15,20:41:04,1260,stb
SVP01339,SV100005,SVC0014,2023-03-15,20:42:04,1320,stb
SVP01340,SV100005,SVC0014,2023-03-15,20:43:04,1380,stb
SVP01341,SV100005,SVC0014,2023-03-15,20:44:04,1440,stb
SVP01342,SV100005,SVC0014,2023-03-15,20:45:04,1500,stb
SVP01343,SV100005,SVC0014,2023-03-15,20:46:04,1560,stb
SVP01344,SV100005,SVC0014,2023-03-15,20:47:04,1620,stb
SVP01345,SV100005,SVC0014,2023-03-15,20:48:04,1680,stb
SVP01346,SV100005,SVC0014,2023-03-15,20:49:04,1740,stb
SVP01347,SV100005,SVC0014,2023-03-15,20:50:04,1800,stb
SVP01348,SV100005,SVC0014,2023-03-15,20:51:04,1860,stb
SVP01349,SV100005,SVC0014,2023-03-15,20:52:04,1920,stb
SVP01350,SV100005,SVC0014,2023-03-15,20:53:04,1980,stb
SVP01351,SV100005,SVC0014,2023-03-15,20:54:04,2040,stb
SVP01352,SV100005,SVC0014,2023-03-15,20:55:04,2100,stb
SVP01353,SV100005,SVC0014,2023-03-15,20:56:04,2160,stb
SVP01354,SV100005,SVC0014,2023-03-15,20:57:04,2220,stb
SVP01355,SV100005,SVC0014,2023-03-15,20:58:04,2280,stb
SVP01356,SV100005,SVC0014,2023-03-15,20:59:04,2340,stb
SVP01357,SV100005,SVC0014,2023-03-15,21:00:04,2400,stb
SVP01358,SV100005,SVC0014,2023-03-15,21:01:04,2460,stb
SVP01359,SV100005,SVC0014,2023-03-15,21:02:04,2520,stb
SVP01360,SV100005,SVC0014,2023-03-15,21:03:04,2580,stb
SVP01361,SV100005,SVC0014,2023-03-15,21:04:04,2640,stb
SVP01362,SV100005,SVC0014,2023-03-15,21:05:04,2700,stb
SVP01363,SV100005,SVC0014,2023-03-15,21:06:04,2760,stb
SVP01364,SV100005,SVC0014,2023-03-15,21:07:04,2820,stb
SVP01365,SV100005,SVC0014,2023-03-15,21:08:04,2880,stb
SVP01366,SV100005,SVC0014,2023-03-15,21:09:04,2940,stb
SVP01367,SV100005,SVC0014,2023-03-15,21:10:04,3000,stb
SVP01368,SV100005,SVC0014,2023-03-15,21:11:04,3060,stb
SVP01369,SV100005,SVC0014,2023-03-15,21:12:04,3120,stb
SVP01370,SV100005,SVC0014,2023-03-15,21:13:04,3180,stb
SVP01371,SV100005,SVC0014,2023-03-15,21:14:04,3240,stb
SVP01372,SV100005,SVC0014,2023-03-15,21:15:04,3300,stb
SVP01373,SV100005,SVC0014,2023-03-15,21:16:04,3360,stb
SVP01374,SV100005,SVC0014,2023-03-15,21:17:04,3420,stb
SVP01375,SV100005,SVC0014,2023-03-15,21:18:04,3480,stb
SVP01376,SV100005,SVC0014,2023-03-15,21:19:04,3540,stb
SVP01377,SV100005,SVC0014,2023-03-15,21:20:04,3600,stb
SVP01378,SV100005,SVC0014,2023-03-15,21:21:04,3660,stb
SVP01379,SV100005,SVC0014,2023-03-15,21:22:04,3720,stb
SVP01380,SV100005,SVC0014,2023-03-15,21:23:04,3780,stb
SVP01381,SV100005,SVC0014,2023-03-15,21:24:04,3840,stb
SVP01382,SV100005,SVC0014,2023-03-15,21:25:04,3900,stb
SVP01383,SV100005,SVC0014,2023-03-15,21:26:04,3960,stb
SVP01384,SV100005,SVC0014,2023-03-15,21:27:04,4020,stb
SVP01385,SV100005,SVC0014,2023-03-15,21:28:04,4080,stb
SVP01386,SV100005,SVC0014,2023-03-15,21:29:04,4140,stb
SVP01387,SV100005,SVC0014,2023-03-15,21:30:04,4200,stb
SVP01388,SV100005,SVC0014,2023-03-15,21:31:04,4260,stb
SVP01389,SV100005,SVC0014,2023-03-15,21:32:04,4320,stb
SVP01390,SV100005,SVC0014,2023-03-15,21:33:04,4380,stb
SVP01391,SV100005,SVC0014,2023-03-15,21:34:04,4440,stb
SVP01392,SV100007,SVC0022,2021-09-08,10:45:41,0,browser
SVP01393,SV100007,SVC0022,2021-09-08,10:46:41,60,browser
SVP01394,SV100007,SVC0022,2021-09-08,10:47:41,120,browser
SVP01395,SV100007,SVC0022,2021-09-08,10:48:41,180,browser
SVP01396,SV100007,SVC0022,2021-09-08,10:49:41,240,browser
SVP01397,SV100007,SVC0022,2021-09-08,10:50:41,300,browser
SVP01398,SV100007,SVC0022,2021-09-08,10:51:41,360,browser
SVP01399,SV100007,SVC0022,2021-09-08,10:52:41,420,browser
SVP01400,SV100007,SVC0022,2021-09-08,10:53:41,480,browser
SVP01401,SV100007,SVC0022,2021-09-08,10:54:41,540,browser
SVP01402,SV100007,SVC0022,2021-09-08,10:55:41,600,browser
SVP01403,SV100007,SVC0022,2021-09-08,10:56:41,660,browser
SVP01404,SV100007,SVC0022,2021-09-08,10:57:41,720,browser
SVP01405,SV100007,SVC0022,2021-09-08,10:58:41,780,browser
SVP01406,SV100007,SVC0022,2021-09-08,10:59:41,840,browser
SVP01407,SV100007,SVC0022,2021-09-08,11:00:41,900,browser
SVP01408,SV100007,SVC0022,2021-09-08,11:01:41,960,browser
SVP01409,SV100007,SVC0022,2021-09-08,11:02:41,1020,browser
SVP01410,SV100007,SVC0022,2021-09-08,11:03:41,1080,browser
SVP01411,SV100007,SVC0022,2021-09-08,11:04:41,1140,browser
SVP01412,SV100007,SVC0022,2021-09-08,11:05:41,1200,browser
SVP01413,SV100007,SVC0022,2021-09-08,11:06:41,1260,browser
SVP01414,SV100007,SVC0022,2021-09-08,11:07:41,1320,browser
SVP01415,SV100007,SVC0022,2021-09-08,11:08:41,1380,browser
SVP01416,SV100007,SVC0022,2021-09-08,11:09:41,1440,browser
SVP01417,SV100007,SVC0022,2021-09-08,11:10:41,1500,browser
SVP01418,SV100007,SVC0022,2021-09-08,11:11:41,1560,browser
SVP01419,SV100007,SVC0022,2021-09-08,11:12:41,1620,browser
SVP01420,SV100007,SVC0022,2021-09-08,11:13:41,1680,browser
SVP01421,SV100007,SVC0022,2021-09-08,11:14:41,1740,browser
SVP01422,SV100007,SVC0022,2021-09-08,11:15:41,1800,browser
SVP01423,SV100007,SVC0022,2021-09-08,11:16:41,1860,browser
SVP01424,SV100007,SVC0022,2021-09-08,11:17:41,1920,browser
SVP01425,SV100007,SVC0022,2021-09-08,11:18:41,1980,browser
SVP01426,SV100007,SVC0022,2021-09-08,11:19:41,2040,browser
SVP01427,SV100007,SVC0022,2021-09-08,11:20:41,2100,browser
SVP01428,SV100007,SVC0022,2021-09-08,11:21:41,2160,browser
SVP01429,SV100007,SVC0022,2021-09-08,11:22:41,2220,browser
SVP01430,SV100007,SVC0022,2021-09-08,11:23:41,2280,browser
SVP01431,SV100007,SVC0022,2021-09-08,11:24:41,2340,browser
SVP01432,SV100007,SVC0022,2021-09-08,11:25:41,2400,browser
SVP01433,SV100007,SVC0022,2021-09-08,11:26:41,2460,browser
SVP01434,SV100007,SVC0022,2021-09-08,11:27:41,2520,browser
SVP01435,SV100007,SVC0022,2021-09-08,11:28:41,2580,browser
SVP01436,SV100007,SVC0022,2021-09-08,11:29:41,2640,browser
SVP01437,SV100007,SVC0022,2021-09-08,11:30:41,2700,browser
SVP01438,SV100007,SVC0022,2021-09-08,11:31:41,2760,browser
SVP01439,SV100007,SVC0022,2021-09-08,11:32:41,2820,browser
SVP01440,SV100007,SVC0022,2021-09-08,11:33:41,2880,browser
SVP01441,SV100007,SVC0022,2021-09-08,11:34:41,2940,browser
SVP01442,SV100007,SVC0022,2021-09-08,11:35:41,3000,browser
SVP01443,SV100007,SVC0022,2021-09-08,11:36:41,3060,browser
SVP01444,SV100007,SVC0022,2021-09-08,11:37:41,3120,browser
SVP01445,SV100007,SVC0022,2021-09-08,11:38:41,3180,browser
SVP01446,SV100007,SVC0022,2021-09-08,11:39:41,3240,browser
SVP01447,SV100007,SVC0022,2021-09-08,11:40:41,3300,browser
SVP01448,SV100007,SVC0022,2021-09-08,11:41:41,3360,browser
SVP01449,SV100007,SVC0022,2021-09-08,11:42:41,3420,browser
SVP01450,SV100007,SVC0022,2021-09-08,11:43:41,3480,browser
SVP01451,SV100007,SVC0022,2021-09-08,11:44:41,3540,browser
SVP01452,SV100007,SVC0022,2021-09-08,11:45:41,3600,browser
SVP01453,SV100007,SVC0022,2021-09-08,11:46:41,3660,browser
SVP01454,SV100007,SVC0022,2021-09-08,11:47:41,3720,browser
SVP01455,SV100007,SVC0022,2021-09-08,11:48:41,3780,browser
SVP01456,SV100007,SVC0022,2021-09-08,11:49:41,3840,browser
SVP01457,SV100007,SVC0022,2021-09-08,11:50:41,3900,browser
SVP01458,SV100007,SVC0022,2021-09-08,11:51:41,3960,browser
SVP01459,SV100007,SVC0022,2021-09-08,11:52:41,4020,browser
SVP01460,SV100007,SVC0022,2021-09-08,11:53:41,4080,browser
SVP01461,SV100007,SVC0022,2021-09-08,11:54:41,4140,browser
SVP01462,SV100007,SVC0022,2021-09-08,11:55:41,4200,browser
SVP01463,SV100007,SVC0022,2021-09-08,11:56:41,4260,browser
SVP01464,SV100007,SVC0022,2021-09-08,11:57:41,4320,browser
SVP01465,SV100007,SVC0022,2021-09-08,11:58:41,4380,browser
SVP01466,SV100007,SVC0022,2021-09-08,11:59:41,4440,browser
SVP01467,SV100009,SVC0005,2022-03-26,09:25:56,0,browser
SVP01468,SV100009,SVC0005,2022-03-26,09:26:56,60,browser
SVP01469,SV100009,SVC0005,2022-03-26,09:27:56,120,browser
SVP01470,SV100009,SVC0005,2022-03-26,09:28:56,180,browser
SVP01471,SV100009,SVC0005,2022-03-26,09:29:56,240,browser
SVP01472,SV100009,SVC0005,2022-03-26,09:30:56,300,browser
SVP01473,SV100009,SVC0005,2022-03-26,09:31:56,360,browser
SVP01474,SV100009,SVC0005,2022-03-26,09:32:56,420,browser
SVP01475,SV100009,SVC0005,2022-03-26,09:33:56,480,browser
SVP01476,SV100009,SVC0005,2022-03-26,09:34:56,540,browser
SVP01477,SV100009,SVC0005,2022-03-26,09:35:56,600,browser
SVP01478,SV100009,SVC0005,2022-03-26,09:36:56,660,browser
SVP01479,SV100009,SVC0005,2022-03-26,09:37:56,720,browser
SVP01480,SV100009,SVC0005,2022-03-26,09:38:56,780,browser
SVP01481,SV100009,SVC0005,2022-03-26,09:39:56,840,browser
SVP01482,SV100009,SVC0005,2022-03-26,09:40:56,900,browser
SVP01483,SV100009,SVC0005,2022-03-26,09:42:56,1020,browser
SVP01484,SV100009,SVC0005,2022-03-26,09:43:56,1080,browser
SVP01485,SV100009,SVC0005,2022-03-26,09:44:56,1140,browser
SVP01486,SV100009,SVC0005,2022-03-26,09:45:56,1200,browser
SVP01487,SV100009,SVC0005,2022-03-26,09:46:56,1260,browser
SVP01488,SV100009,SVC0005,2022-03-26,09:47:56,1320,browser
SVP01489,SV100009,SVC0005,2022-03-26,09:48:56,1380,browser
SVP01490,SV100009,SVC0005,2022-03-26,09:49:56,1440,browser
SVP01491,SV100009,SVC0005,2022-03-26,09:50:56,1500,browser
SVP01492,SV100009,SVC0005,2022-03-26,09:51:56,1560,browser
SVP01493,SV100009,SVC0005,2022-03-26,09:52:56,1620,browser
SVP01494,SV100009,SVC0005,2022-03-26,09:53:56,1680,browser
SVP01495,SV100009,SVC0005,2022-03-26,09:54:56,1740,browser
SVP01496,SV100009,SVC0005,2022-03-26,09:55:56,1800,browser
SVP01497,SV100009,SVC0005,2022-03-26,09:56:56,1860,browser
SVP01498,SV100009,SVC0005,2022-03-26,09:57:56,1920,browser
SVP01499,SV100009,SVC0005,2022-03-26,09:58:56,1980,browser
SVP01500,SV100009,SVC0005,2022-03-26,09:59:56,2040,browser
SVP01501,SV100009,SVC0005,2022-03-26,10:00:56,2100,browser
SVP01502,SV100009,SVC0005,2022-03-26,10:01:56,2160,browser
SVP01503,SV100009,SVC0005,2022-03-26,10:02:56,2220,browser
SVP01504,SV100009,SVC0005,2022-03-26,10:03:56,2280,browser
SVP01505,SV100009,SVC0005,2022-03-26,10:04:56,2340,browser
SVP01506,SV100009,SVC0005,2022-03-26,10:05:56,2400,browser
SVP01507,SV100009,SVC0005,2022-03-26,10:06:56,2460,browser
SVP01508,SV100006,SVC0023,2023-11-22,18:21:26,0,browser
SVP01509,SV100006,SVC0023,2023-11-22,18:22:26,60,browser
SVP01510,SV100006,SVC0023,2023-11-22,18:23:26,120,browser
SVP01511,SV100006,SVC0023,2023-11-22,18:24:26,180,browser
SVP01512,SV100006,SVC0023,2023-11-22,18:25:26,240,browser
SVP01513,SV100006,SVC0023,2023-11-22,18:26:26,300,browser
SVP01514,SV100006,SVC0023,2023-11-22,18:27:26,360,browser
SVP01515,SV100006,SVC0023,2023-11-22,18:28:26,420,browser
SVP01516,SV100006,SVC0023,2023-11-22,18:29:26,480,browser
SVP01517,SV100006,SVC0023,2023-11-22,18:30:26,540,browser
SVP01518,SV100006,SVC0023,2023-11-22,18:31:26,600,browser
SVP01519,SV100006,SVC0023,2023-11-22,18:32:26,660,browser
SVP01520,SV100006,SVC0023,2023-11-22,18:33:26,720,browser
SVP01521,SV100006,SVC0023,2023-11-22,18:34:26,780,browser
SVP01522,SV100006,SVC0023,2023-11-22,18:35:26,840,browser
SVP01523,SV100006,SVC0023,2023-11-22,18:36:26,900,browser
SVP01524,SV100006,SVC0023,2023-11-22,18:37:26,960,browser
SVP01525,SV100006,SVC0023,2023-11-22,18:38:26,1020,browser
SVP01526,SV100003,SVC0024,2021-02-09,16:35:29,0,browser
SVP01527,SV100003,SVC0024,2021-02-09,16:36:29,60,browser
SVP01528,SV100003,SVC0024,2021-02-09,16:37:29,120,browser
SVP01529,SV100003,SVC0024,2021-02-09,16:38:29,180,browser
SVP01530,SV100003,SVC0024,2021-02-09,16:39:29,240,browser
SVP01531,SV100003,SVC0024,2021-02-09,16:40:29,300,browser
SVP01532,SV100003,SVC0024,2021-02-09,16:41:29,360,browser
SVP01533,SV100003,SVC0024,2021-02-09,16:42:29,420,browser
SVP01534,SV100003,SVC0024,2021-02-09,16:43:29,480,browser
SVP01535,SV100003,SVC0024,2021-02-09,16:44:29,540,browser
SVP01536,SV100003,SVC0024,2021-02-09,16:45:29,600,browser
SVP01537,SV100003,SVC0024,2021-02-09,16:46:29,660,browser
SVP01538,SV100003,SVC0024,2021-02-09,16:47:29,720,browser
SVP01539,SV100003,SVC0024,2021-02-09,16:48:29,780,browser
SVP01540,SV100003,SVC0024,2021-02-09,16:49:29,840,browser
SVP01541,SV100003,SVC0024,2021-02-09,16:50:29,900,browser
SVP01542,SV100003,SVC0024,2021-02-09,16:51:29,960,browser
SVP01543,SV100003,SVC0024,2021-02-09,16:52:29,1020,browser
SVP01544,SV100003,SVC0024,2021-02-09,16:53:29,1080,browser
SVP01545,SV100003,SVC0024,2021-02-09,16:54:29,1140,browser
SVP01546,SV100003,SVC0024,2021-02-09,16:55:29,1200,browser
SVP01547,SV100003,SVC0024,2021-02-09,16:56:29,1260,browser
SVP01548,SV100003,SVC0024,2021-02-09,16:57:29,1320,browser
SVP01549,SV100003,SVC0024,2021-02-09,16:58:29,1380,browser
SVP01550,SV100003,SVC0024,2021-02-09,16:59:29,1440,browser
SVP01551,SV100003,SVC0024,2021-02-09,17:00:29,1500,browser
SVP01552,SV100003,SVC0024,2021-02-09,17:01:29,1560,browser
SVP01553,SV100003,SVC0024,2021-02-09,17:02:29,1620,browser
SVP01554,SV100003,SVC0024,2021-02-09,17:03:29,1680,browser
SVP01555,SV100003,SVC0024,2021-02-09,17:04:29,1740,browser
SVP01556,SV100003,SVC0024,2021-02-09,17:05:29,1800,browser
SVP01557,SV100003,SVC0024,2021-02-09,17:06:29,1860,browser
SVP01558,SV100003,SVC0024,2021-02-09,17:07:29,1920,browser
SVP01559,SV100003,SVC0024,2021-02-09,17:08:29,1980,browser
SVP01560,SV100003,SVC0024,2021-02-09,17:09:29,2040,browser
SVP01561,SV100003,SVC0024,2021-02-09,17:10:29,2100,browser
SVP01562,SV100003,SVC0024,2021-02-09,17:11:29,2160,browser
SVP01563,SV100003,SVC0024,2021-02-09,17:12:29,2220,browser
SVP01564,SV100003,SVC0024,2021-02-09,17:13:29,2280,browser
SVP01565,SV100003,SVC0024,2021-02-09,17:14:29,2340,browser
SVP01566,SV100003,SVC0024,2021-02-09,17:15:29,2400,browser
SVP01567,SV100003,SVC0024,2021-02-09,17:16:29,2460,browser
SVP01568,SV100013,SVC0011,2022-08-29,22:04:07,0,browser
SVP01569,SV100013,SVC0011,2022-08-29,22:05:07,60,browser
SVP01570,SV100013,SVC0011,2022-08-29,22:06:07,120,browser
SVP01571,SV100013,SVC0011,2022-08-29,22:07:07,180,browser
SVP01572,SV100013,SVC0011,2022-08-29,22:08:07,240,browser
SVP01573,SV100013,SVC0011,2022-08-29,22:09:07,300,browser
SVP01574,SV100013,SVC0011,2022-08-29,22:10:07,360,browser
SVP01575,SV100013,SVC0011,2022-08-29,22:11:07,420,browser
SVP01576,SV100013,SVC0011,2022-08-29,22:12:07,480,browser
SVP01577,SV100013,SVC0011,2022-08-29,22:13:07,540,browser
SVP01578,SV100013,SVC0011,2022-08-29,22:14:07,600,browser
SVP01579,SV100013,SVC0011,2022-08-29,22:15:07,660,browser
SVP01580,SV100013,SVC0011,2022-08-29,22:16:07,720,browser
SVP01581,SV100013,SVC0011,2022-08-29,22:17:07,780,browser
SVP01582,SV100013,SVC0011,2022-08-29,22:18:07,840,browser
SVP01583,SV100013,SVC0011,2022-08-29,22:19:07,900,browser
SVP01584,SV100013,SVC0011,2022-08-29,22:20:07,960,browser
SVP01585,SV100013,SVC0011,2022-08-29,22:21:07,1020,browser
SVP01586,SV100004,SVC0003,2022-07-11,07:57:49,0,stb
SVP01587,SV100004,SVC0003,2022-07-11,07:58:49,60,stb
SVP01588,SV100004,SVC0003,2022-07-11,07:59:49,120,stb
SVP01589,SV100004,SVC0003,2022-07-11,08:00:49,180,stb
SVP01590,SV100004,SVC0003,2022-07-11,08:01:49,240,stb
SVP01591,SV100004,SVC0003,2022-07-11,08:02:49,300,stb
SVP01592,SV100004,SVC0003,2022-07-11,08:03:49,360,stb
SVP01593,SV100004,SVC0003,2022-07-11,08:04:49,420,stb
SVP01594,SV100004,SVC0003,2022-07-11,08:05:49,480,stb
SVP01595,SV100004,SVC0003,2022-07-11,08:06:49,540,stb
SVP01596,SV100004,SVC0003,2022-07-11,08:07:49,600,stb
SVP01597,SV100004,SVC0003,2022-07-11,08:08:49,660,stb
SVP01598,SV100005,SVC0014,2022-06-14,18:09:34,0,tab
SVP01599,SV100005,SVC0014,2022-06-14,18:10:34,60,tab
SVP01600,SV100005,SVC0014,2022-06-14,18:11:34,120,tab
SVP01601,SV100005,SVC0014,2022-06-14,18:12:34,180,tab
SVP01602,SV100005,SVC0014,2022-06-14,18:13:34,240,tab
SVP01603,SV100005,SVC0014,2022-06-14,18:14:34,300,tab
SVP01604,SV100005,SVC0014,2022-06-14,18:15:34,360,tab
SVP01605,SV100005,SVC0014,2022-06-14,18:16:34,420,tab
SVP01606,SV100005,SVC0014,2022-06-14,18:17:34,480,tab
SVP01607,SV100005,SVC0014,2022-06-14,18:18:34,540,tab
SVP01608,SV100005,SVC0014,2022-06-14,18:19:34,600,tab
SVP01609,SV100005,SVC0014,2022-06-14,18:20:34,660,tab
SVP01610,SV100005,SVC0014,2022-06-14,18:21:34,720,tab
SVP01611,SV100005,SVC0014,2022-06-14,18:22:34,780,tab
SVP01612,SV100005,SVC0014,2022-06-14,18:23:34,840,tab
SVP01613,SV100005,SVC0014,2022-06-14,18:24:34,900,tab
SVP01614,SV100005,SVC0014,2022-06-14,18:25:34,960,tab
SVP01615,SV100005,SVC0014,2022-06-14,18:26:34,1020,tab
SVP01616,SV100005,SVC0014,2022-06-14,18:27:34,1080,tab
SVP01617,SV100005,SVC0014,2022-06-14,18:28:34,1140,tab
SVP01618,SV100005,SVC0014,2022-06-14,18:29:34,1200,tab
SVP01619,SV100005,SVC0014,2022-06-14,18:30:34,1260,tab
SVP01620,SV100005,SVC0014,2022-06-14,18:31:34,1320,tab
SVP01621,SV100005,SVC0014,2022-06-14,18:32:34,1380,tab
SVP01622,SV100005,SVC0014,2022-06-14,18:33:34,1440,tab
SVP01623,SV100005,SVC0014,2022-06-14,18:34:34,1500,tab
SVP01624,SV100005,SVC0014,2022-06-14,18:35:34,1560,tab
SVP01625,SV100005,SVC0014,2022-06-14,18:36:34,1620,tab
SVP01626,SV100005,SVC0014,2022-06-14,18:37:34,1680,tab
SVP01627,SV100005,SVC0014,2022-06-14,18:38:34,1740,tab
SVP01628,SV100005,SVC0014,2022-06-14,18:39:34,1800,tab
SVP01629,SV100005,SVC0014,2022-06-14,18:40:34,1860,tab
SVP01630,SV100005,SVC0014,2022-06-14,18:41:34,1920,tab
SVP01631,SV100005,SVC0014,2022-06-14,18:42:34,1980,tab
SVP01632,SV100005,SVC0014,2022-06-14,18:43:34,2040,tab
SVP01633,SV100005,SVC0014,2022-06-14,18:44:34,2100,tab
SVP01634,SV100005,SVC0014,2022-06-14,18:45:34,2160,tab
SVP01635,SV100005,SVC0014,2022-06-14,18:46:34,2220,tab
SVP01636,SV100005,SVC0014,2022-06-14,18:47:34,2280,tab
SVP01637,SV100005,SVC0014,2022-06-14,18:48:34,2340,tab
SVP01638,SV100005,SVC0014,2022-06-14,18:49:34,2400,tab
SVP01639,SV100005,SVC0014,2022-06-14,18:50:34,2460,tab
SVP01640,SV100005,SVC0014,2022-06-14,18:51:34,2520,tab
SVP01641,SV100005,SVC0014,2022-06-14,18:52:34,2580,tab
SVP01642,SV100005,SVC0014,2022-06-14,18:53:34,2640,tab
SVP01643,SV100005,SVC0014,2022-06-14,18:54:34,2700,tab
SVP01644,SV100005,SVC0014,2022-06-14,18:55:34,2760,tab
SVP01645,SV100005,SVC0014,2022-06-14,18:56:34,2820,tab
SVP01646,SV100005,SVC0014,2022-06-14,18:57:34,2880,tab
SVP01647,SV100005,SVC0014,2022-06-14,18:58:34,2940,tab
SVP01648,SV100023,SVC0011,2022-07-26,07:51:44,0,stb
SVP01649,SV100023,SVC0011,2022-07-26,07:52:44,60,stb
SVP01650,SV100023,SVC0011,2022-07-26,07:53:44,120,stb
SVP01651,SV100023,SVC0011,2022-07-26,07:54:44,180,stb
SVP01652,SV100023,SVC0011,2022-07-26,07:55:44,240,stb
SVP01653,SV100023,SVC0011,2022-07-26,07:56:44,300,stb
SVP01654,SV100023,SVC0011,2022-07-26,07:57:44,360,stb
SVP01655,SV100023,SVC0011,2022-07-26,07:58:44,420,stb
SVP01656,SV100023,SVC0011,2022-07-26,07:59:44,480,stb
SVP01657,SV100023,SVC0011,2022-07-26,08:00:44,540,stb
SVP01658,SV100023,SVC0011,2022-07-26,08:01:44,600,stb
SVP01659,SV100023,SVC0011,2022-07-26,08:02:44,660,stb
SVP01660,SV100003,SVC0009,2021-07-01,14:05:38,0,stb
SVP01661,SV100003,SVC0009,2021-07-01,14:06:38,60,stb
SVP01662,SV100003,SVC0009,2021-07-01,14:07:38,120,stb
SVP01663,SV100003,SVC0009,2021-07-01,14:08:38,180,stb
SVP01664,SV100003,SVC0009,2021-07-01,14:09:38,240,stb
SVP01665,SV100003,SVC0009,2021-07-01,14:10:38,300,stb
SVP01666,SV100003,SVC0009,2021-07-01,14:11:38,360,stb
SVP01667,SV100003,SVC0009,2021-07-01,14:12:38,420,stb
SVP01668,SV100003,SVC0009,2021-07-01,14:13:38,480,stb
SVP01669,SV100003,SVC0009,2021-07-01,14:14:38,540,stb
SVP01670,SV100003,SVC0009,2021-07-01,14:15:38,600,stb
SVP01671,SV100003,SVC0009,2021-07-01,14:16:38,660,stb
SVP01672,SV100003,SVC0009,2021-07-01,14:17:38,720,stb
SVP01673,SV100003,SVC0009,2021-07-01,14:18:38,780,stb
SVP01674,SV100003,SVC0009,2021-07-01,14:19:38,840,stb
SVP01675,SV100003,SVC0009,2021-07-01,14:21:38,960,stb
SVP01676,SV100003,SVC0009,2021-07-01,14:22:38,1020,stb
SVP01677,SV100004,SVC0015,2022-11-26,23:26:59,0,stb
SVP01678,SV100004,SVC0015,2022-11-26,23:27:59,60,stb
SVP01679,SV100004,SVC0015,2022-11-26,23:28:59,120,stb
SVP01680,SV100004,SVC0015,2022-11-26,23:29:59,180,stb
SVP01681,SV100004,SVC0015,2022-11-26,23:30:59,240,stb
SVP01682,SV100004,SVC0015,2022-11-26,23:31:59,300,stb
SVP01683,SV100004,SVC0015,2022-11-26,23:32:59,360,stb
SVP01684,SV100004,SVC0015,2022-11-26,23:33:59,420,stb
SVP01685,SV100004,SVC0015,2022-11-26,23:34:59,480,stb
SVP01686,SV100004,SVC0015,2022-11-26,23:35:59,540,stb
SVP01687,SV100004,SVC0015,2022-11-26,23:36:59,600,stb
SVP01688,SV100004,SVC0015,2022-11-26,23:37:59,660,stb
SVP01689,SV100004,SVC0015,2022-11-26,23:38:59,720,stb
SVP01690,SV100004,SVC0015,2022-11-26,23:39:59,780,stb
SVP01691,SV100004,SVC0015,2022-11-26,23:40:59,840,stb
SVP01692,SV100004,SVC0015,2022-11-26,23:41:59,900,stb
SVP01693,SV100004,SVC0015,2022-11-26,23:42:59,960,stb
SVP01694,SV100004,SVC0015,2022-11-26,23:43:59,1020,stb
SVP01695,SV100004,SVC0015,2022-11-26,23:44:59,1080,stb
SVP01696,SV100004,SVC0015,2022-11-26,23:45:59,1140,stb
SVP01697,SV100004,SVC0015,2022-11-26,23:46:59,1200,stb
SVP01698,SV100004,SVC0015,2022-11-26,23:47:59,1260,stb
SVP01699,SV100002,SVC0017,2021-08-13,11:16:03,0,stb
SVP01700,SV100002,SVC0017,2021-08-13,11:17:03,60,stb
SVP01701,SV100002,SVC0017,2021-08-13,11:18:03,120,stb
SVP01702,SV100002,SVC0017,2021-08-13,11:19:03,180,stb
SVP01703,SV100002,SVC0017,2021-08-13,11:20:03,240,stb
SVP01704,SV100002,SVC0017,2021-08-13,11:21:03,300,stb
SVP01705,SV100002,SVC0017,2021-08-13,11:23:03,420,stb
SVP01706,SV100002,SVC0017,2021-08-13,11:24:03,480,stb
SVP01707,SV100002,SVC0017,2021-08-13,11:25:03,540,stb
SVP01708,SV100002,SVC0017,2021-08-13,11:26:03,600,stb
SVP01709,SV100002,SVC0017,2021-08-13,11:27:03,660,stb
SVP01710,SV100021,SVC0010,2022-02-26,15:28:32,0,browser
SVP01711,SV100021,SVC0010,2022-02-26,15:29:32,60,browser
SVP01712,SV100021,SVC0010,2022-02-26,15:30:32,120,browser
SVP01713,SV100021,SVC0010,2022-02-26,15:31:32,180,browser
SVP01714,SV100021,SVC0010,2022-02-26,15:32:32,240,browser
SVP01715,SV100021,SVC0010,2022-02-26,15:33:32,300,browser
SVP01716,SV100021,SVC0010,2022-02-26,15:34:32,360,browser
SVP01717,SV100021,SVC0010,2022-02-26,15:35:32,420,browser
SVP01718,SV100021,SVC0010,2022-02-26,15:36:32,480,browser
SVP01719,SV100021,SVC0010,2022-02-26,15:37:32,540,browser
SVP01720,SV100021,SVC0010,2022-02-26,15:38:32,600,browser
SVP01721,SV100021,SVC0010,2022-02-26,15:39:32,660,browser
SVP01722,SV100021,SVC0010,2022-02-26,15:40:32,720,browser
SVP01723,SV100021,SVC0010,2022-02-26,15:41:32,780,browser
SVP01724,SV100021,SVC0010,2022-02-26,15:42:32,840,browser
SVP01725,SV100021,SVC0010,2022-02-26,15:43:32,900,browser
SVP01726,SV100021,SVC0010,2022-02-26,15:44:32,960,browser
SVP01727,SV100021,SVC0010,2022-02-26,15:45:32,1020,browser
SVP01728,SV100021,SVC0010,2022-02-26,15:46:32,1080,browser
SVP01729,SV100021,SVC0010,2022-02-26,15:47:32,1140,browser
SVP01730,SV100021,SVC0010,2022-02-26,15:48:32,1200,browser
SVP01731,SV100021,SVC0010,2022-02-26,15:49:32,1260,browser
SVP01732,SV100021,SVC0010,2022-02-26,15:50:32,1320,browser
SVP01733,SV100021,SVC0010,2022-02-26,15:51:32,1380,browser
SVP01734,SV100021,SVC0010,2022-02-26,15:52:32,1440,browser
SVP01735,SV100021,SVC0010,2022-02-26,15:53:32,1500,browser
SVP01736,SV100021,SVC0010,2022-02-26,15:54:32,1560,browser
SVP01737,SV100021,SVC0010,2022-02-26,15:55:32,1620,browser
SVP01738,SV100021,SVC0010,2022-02-26,15:56:32,1680,browser
SVP01739,SV100021,SVC0010,2022-02-26,15:57:32,1740,browser
SVP01740,SV100021,SVC0010,2022-02-26,15:58:32,1800,browser
SVP01741,SV100021,SVC0010,2022-02-26,15:59:32,1860,browser
SVP01742,SV100021,SVC0010,2022-02-26,16:00:32,1920,browser
SVP01743,SV100021,SVC0010,2022-02-26,16:01:32,1980,browser
SVP01744,SV100021,SVC0010,2022-02-26,16:02:32,2040,browser
SVP01745,SV100021,SVC0010,2022-02-26,16:03:32,2100,browser
SVP01746,SV100021,SVC0010,2022-02-26,16:04:32,2160,browser
SVP01747,SV100021,SVC0010,2022-02-26,16:05:32,2220,browser
SVP01748,SV100021,SVC0010,2022-02-26,16:06:32,2280,browser
SVP01749,SV100021,SVC0010,2022-02-26,16:07:32,2340,browser
SVP01750,SV100021,SVC0010,2022-02-26,16:08:32,2400,browser
SVP01751,SV100021,SVC0010,2022-02-26,16:09:32,2460,browser
SVP01752,SV100021,SVC0010,2022-02-26,16:10:32,2520,browser
SVP01753,SV100021,SVC0010,2022-02-26,16:11:32,2580,browser
SVP01754,SV100021,SVC0010,2022-02-26,16:12:32,2640,browser
SVP01755,SV100021,SVC0010,2022-02-26,16:13:32,2700,browser
SVP01756,SV100021,SVC0010,2022-02-26,16:15:32,2820,browser
SVP01757,SV100021,SVC0010,2022-02-26,16:16:32,2880,browser
SVP01758,SV100021,SVC0010,2022-02-26,16:17:32,2940,browser
SVP01759,SV100021,SVC0010,2022-02-26,16:18:32,3000,browser
SVP01760,SV100021,SVC0010,2022-02-26,16:19:32,3060,browser
SVP01761,SV100021,SVC0010,2022-02-26,16:20:32,3120,browser
SVP01762,SV100021,SVC0010,2022-02-26,16:21:32,3180,browser
SVP01763,SV100021,SVC0010,2022-02-26,16:22:32,3240,browser
SVP01764,SV100021,SVC0010,2022-02-26,16:23:32,3300,browser
SVP01765,SV100021,SVC0010,2022-02-26,16:24:32,3360,browser
SVP01766,SV100021,SVC0010,2022-02-26,16:25:32,3420,browser
SVP01767,SV100021,SVC0010,2022-02-26,16:26:32,3480,browser
SVP01768,SV100021,SVC0010,2022-02-26,16:27:32,3540,browser
SVP01769,SV100021,SVC0010,2022-02-26,16:28:32,3600,browser
SVP01770,SV100021,SVC0010,2022-02-26,16:29:32,3660,browser
SVP01771,SV100021,SVC0010,2022-02-26,16:30:32,3720,browser
SVP01772,SV100021,SVC0010,2022-02-26,16:31:32,3780,browser
SVP01773,SV100021,SVC0010,2022-02-26,16:32:32,3840,browser
SVP01774,SV100021,SVC0010,2022-02-26,16:33:32,3900,browser
SVP01775,SV100021,SVC0010,2022-02-26,16:34:32,3960,browser
SVP01776,SV100021,SVC0010,2022-02-26,16:35:32,4020,browser
SVP01777,SV100021,SVC0010,2022-02-26,16:36:32,4080,browser
SVP01778,SV100021,SVC0010,2022-02-26,16:37:32,4140,browser
SVP01779,SV100021,SVC0010,2022-02-26,16:38:32,4200,browser
SVP01780,SV100021,SVC0010,2022-02-26,16:39:32,4260,browser
SVP01781,SV100021,SVC0010,2022-02-26,16:40:32,4320,browser
SVP01782,SV100021,SVC0010,2022-02-26,16:41:32,4380,browser
SVP01783,SV100021,SVC0010,2022-02-26,16:42:32,4440,browser
SVP01784,SV100001,SVC0009,2021-02-01,06:46:32,0,stb
SVP01785,SV100001,SVC0009,2021-02-01,06:47:32,60,stb
SVP01786,SV100001,SVC0009,2021-02-01,06:48:32,120,stb
SVP01787,SV100001,SVC0009,2021-02-01,06:49:32,180,stb
SVP01788,SV100001,SVC0009,2021-02-01,06:50:32,240,stb
SVP01789,SV100001,SVC0009,2021-02-01,06:51:32,300,stb
SVP01790,SV100001,SVC0009,2021-02-01,06:52:32,360,stb
SVP01791,SV100001,SVC0009,2021-02-01,06:53:32,420,stb
SVP01792,SV100001,SVC0009,2021-02-01,06:54:32,480,stb
SVP01793,SV100001,SVC0009,2021-02-01,06:55:32,540,stb
SVP01794,SV100001,SVC0009,2021-02-01,06:56:32,600,stb
SVP01795,SV100001,SVC0009,2021-02-01,06:57:32,660,stb
SVP01796,SV100001,SVC0009,2021-02-01,06:58:32,720,stb
SVP01797,SV100001,SVC0009,2021-02-01,06:59:32,780,stb
SVP01798,SV100001,SVC0009,2021-02-01,07:00:32,840,stb
SVP01799,SV100001,SVC0009,2021-02-01,07:01:32,900,stb
SVP01800,SV100001,SVC0009,2021-02-01,07:02:32,960,stb
SVP01801,SV100001,SVC0009,2021-02-01,07:03:32,1020,stb
SVP01802,SV100001,SVC0009,2021-02-01,07:04:32,1080,stb
SVP01803,SV100001,SVC0009,2021-02-01,07:05:32,1140,stb
SVP01804,SV100001,SVC0009,2021-02-01,07:06:32,1200,stb
SVP01805,SV100001,SVC0009,2021-02-01,07:07:32,1260,stb
SVP01806,SV100001,SVC0009,2021-02-01,07:08:32,1320,stb
SVP01807,SV100001,SVC0009,2021-02-01,07:09:32,1380,stb
SVP01808,SV100001,SVC0009,2021-02-01,07:10:32,1440,stb
SVP01809,SV100001,SVC0009,2021-02-01,07:11:32,1500,stb
SVP01810,SV100001,SVC0009,2021-02-01,07:12:32,1560,stb
SVP01811,SV100001,SVC0009,2021-02-01,07:13:32,1620,stb
SVP01812,SV100001,SVC0009,2021-02-01,07:14:32,1680,stb
SVP01813,SV100001,SVC0009,2021-02-01,07:15:32,1740,stb
SVP01814,SV100001,SVC0009,2021-02-01,07:16:32,1800,stb
SVP01815,SV100001,SVC0009,2021-02-01,07:17:32,1860,stb
SVP01816,SV100001,SVC0009,2021-02-01,07:18:32,1920,stb
SVP01817,SV100001,SVC0009,2021-02-01,07:19:32,1980,stb
SVP01818,SV100001,SVC0009,2021-02-01,07:20:32,2040,stb
SVP01819,SV100001,SVC0009,2021-02-01,07:21:32,2100,stb
SVP01820,SV100001,SVC0009,2021-02-01,07:22:32,2160,stb
SVP01821,SV100001,SVC0009,2021-02-01,07:23:32,2220,stb
SVP01822,SV100001,SVC0009,2021-02-01,07:24:32,2280,stb
SVP01823,SV100001,SVC0009,2021-02-01,07:25:32,2340,stb
SVP01824,SV100001,SVC0009,2021-02-01,07:26:32,2400,stb
SVP01825,SV100001,SVC0009,2021-02-01,07:27:32,2460,stb
SVP01826,SV100001,SVC0009,2021-02-01,07:28:32,2520,stb
SVP01827,SV100001,SVC0009,2021-02-01,07:29:32,2580,stb
SVP01828,SV100001,SVC0009,2021-02-01,07:30:32,2640,stb
SVP01829,SV100001,SVC0009,2021-02-01,07:31:32,2700,stb
SVP01830,SV100001,SVC0009,2021-02-01,07:32:32,2760,stb
SVP01831,SV100001,SVC0009,2021-02-01,07:33:32,2820,stb
SVP01832,SV100001,SVC0009,2021-02-01,07:34:32,2880,stb
SVP01833,SV100001,SVC0009,2021-02-01,07:35:32,2940,stb
SVP01834,SV100017,SVC0016,2023-07-05,09:42:52,0,stb
SVP01835,SV100017,SVC0016,2023-07-05,09:43:52,60,stb
SVP01836,SV100017,SVC0016,2023-07-05,09:44:52,120,stb
SVP01837,SV100017,SVC0016,2023-07-05,09:45:52,180,stb
SVP01838,SV100017,SVC0016,2023-07-05,09:46:52,240,stb
SVP01839,SV100017,SVC0016,2023-07-05,09:47:52,300,stb
SVP01840,SV100017,SVC0016,2023-07-05,09:48:52,360,stb
SVP01841,SV100017,SVC0016,2023-07-05,09:49:52,420,stb
SVP01842,SV100017,SVC0016,2023-07-05,09:50:52,480,stb
SVP01843,SV100017,SVC0016,2023-07-05,09:51:52,540,stb
SVP01844,SV100017,SVC0016,2023-07-05,09:52:52,600,stb
SVP01845,SV100017,SVC0016,2023-07-05,09:53:52,660,stb
SVP01846,SV100017,SVC0016,2023-07-05,09:54:52,720,stb
SVP01847,SV100017,SVC0016,2023-07-05,09:55:52,780,stb
SVP01848,SV100017,SVC0016,2023-07-05,09:56:52,840,stb
SVP01849,SV100017,SVC0016,2023-07-05,09:57:52,900,stb
SVP01850,SV100017,SVC0016,2023-07-05,09:58:52,960,stb
SVP01851,SV100017,SVC0016,2023-07-05,09:59:52,1020,stb
SVP01852,SV100017,SVC0016,2023-07-05,10:00:52,1080,stb
SVP01853,SV100017,SVC0016,2023-07-05,10:01:52,1140,stb
SVP01854,SV100017,SVC0016,2023-07-05,10:02:52,1200,stb
SVP01855,SV100017,SVC0016,2023-07-05,10:03:52,1260,stb
SVP01856,SV100017,SVC0016,2023-07-05,10:04:52,1320,stb
SVP01857,SV100017,SVC0016,2023-07-05,10:05:52,1380,stb
SVP01858,SV100017,SVC0016,2023-07-05,10:06:52,1440,stb
SVP01859,SV100017,SVC0016,2023-07-05,10:07:52,1500,stb
SVP01860,SV100017,SVC0016,2023-07-05,10:08:52,1560,stb
SVP01861,SV100017,SVC0016,2023-07-05,10:09:52,1620,stb
SVP01862,SV100017,SVC0016,2023-07-05,10:10:52,1680,stb
SVP01863,SV100017,SVC0016,2023-07-05,10:11:52,1740,stb
SVP01864,SV100017,SVC0016,2023-07-05,10:12:52,1800,stb
SVP01865,SV100017,SVC0016,2023-07-05,10:13:52,1860,stb
SVP01866,SV100017,SVC0016,2023-07-05,10:14:52,1920,stb
SVP01867,SV100017,SVC0016,2023-07-05,10:15:52,1980,stb
SVP01868,SV100017,SVC0016,2023-07-05,10:16:52,2040,stb
SVP01869,SV100017,SVC0016,2023-07-05,10:17:52,2100,stb
SVP01870,SV100017,SVC0016,2023-07-05,10:18:52,2160,stb
SVP01871,SV100017,SVC0016,2023-07-05,10:19:52,2220,stb
SVP01872,SV100017,SVC0016,2023-07-05,10:20:52,2280,stb
SVP01873,SV100017,SVC0016,2023-07-05,10:21:52,2340,stb
SVP01874,SV100017,SVC0016,2023-07-05,10:22:52,2400,stb
SVP01875,SV100017,SVC0016,2023-07-05,10:23:52,2460,stb
SVP01876,SV100017,SVC0016,2023-07-05,10:24:52,2520,stb
SVP01877,SV100017,SVC0016,2023-07-05,10:25:52,2580,stb
SVP01878,SV100017,SVC0016,2023-07-05,10:26:52,2640,stb
SVP01879,SV100017,SVC0016,2023-07-05,10:27:52,2700,stb
SVP01880,SV100017,SVC0016,2023-07-05,10:28:52,2760,stb
SVP01881,SV100017,SVC0016,2023-07-05,10:29:52,2820,stb
SVP01882,SV100017,SVC0016,2023-07-05,10:30:52,2880,stb
SVP01883,SV100017,SVC0016,2023-07-05,10:31:52,2940,stb
SVP01884,SV100017,SVC0016,2023-07-05,10:32:52,3000,stb
SVP01885,SV100017,SVC0016,2023-07-05,10:33:52,3060,stb
SVP01886,SV100017,SVC0016,2023-07-05,10:34:52,3120,stb
SVP01887,SV100017,SVC0016,2023-07-05,10:35:52,3180,stb
SVP01888,SV100017,SVC0016,2023-07-05,10:36:52,3240,stb
SVP01889,SV100017,SVC0016,2023-07-05,10:37:52,3300,stb
SVP01890,SV100017,SVC0016,2023-07-05,10:38:52,3360,stb
SVP01891,SV100017,SVC0016,2023-07-05,10:39:52,3420,stb
SVP01892,SV100017,SVC0016,2023-07-05,10:40:52,3480,stb
SVP01893,SV100017,SVC0016,2023-07-05,10:41:52,3540,stb
SVP01894,SV100017,SVC0016,2023-07-05,10:42:52,3600,stb
SVP01895,SV100017,SVC0016,2023-07-05,10:43:52,3660,stb
SVP01896,SV100017,SVC0016,2023-07-05,10:44:52,3720,stb
SVP01897,SV100017,SVC0016,2023-07-05,10:45:52,3780,stb
SVP01898,SV100017,SVC0016,2023-07-05,10:46:52,3840,stb
SVP01899,SV100017,SVC0016,2023-07-05,10:47:52,3900,stb
SVP01900,SV100017,SVC0016,2023-07-05,10:48:52,3960,stb
SVP01901,SV100017,SVC0016,2023-07-05,10:49:52,4020,stb
SVP01902,SV100017,SVC0016,2023-07-05,10:50:52,4080,stb
SVP01903,SV100017,SVC0016,2023-07-05,10:51:52,4140,stb
SVP01904,SV100017,SVC0016,2023-07-05,10:52:52,4200,stb
SVP01905,SV100017,SVC0016,2023-07-05,10:53:52,4260,stb
SVP01906,SV100017,SVC0016,2023-07-05,10:54:52,4320,stb
SVP01907,SV100017,SVC0016,2023-07-05,10:55:52,4380,stb
SVP01908,SV100017,SVC0016,2023-07-05,10:56:52,4440,stb
SVP01909,SV100016,SVC0018,2023-11-04,15:44:13,0,browser
SVP01910,SV100016,SVC0018,2023-11-04,15:45:13,60,browser
SVP01911,SV100016,SVC0018,2023-11-04,15:46:13,120,browser
SVP01912,SV100016,SVC0018,2023-11-04,15:47:13,180,browser
SVP01913,SV100016,SVC0018,2023-11-04,15:48:13,240,browser
SVP01914,SV100016,SVC0018,2023-11-04,15:49:13,300,browser
SVP01915,SV100016,SVC0018,2023-11-04,15:50:13,360,browser
SVP01916,SV100016,SVC0018,2023-11-04,15:51:13,420,browser
SVP01917,SV100016,SVC0018,2023-11-04,15:52:13,480,browser
SVP01918,SV100016,SVC0018,2023-11-04,15:53:13,540,browser
SVP01919,SV100016,SVC0018,2023-11-04,15:54:13,600,browser
SVP01920,SV100016,SVC0018,2023-11-04,15:55:13,660,browser
SVP01921,SV100016,SVC0018,2023-11-04,15:56:13,720,browser
SVP01922,SV100016,SVC0018,2023-11-04,15:57:13,780,browser
SVP01923,SV100016,SVC0018,2023-11-04,15:58:13,840,browser
SVP01924,SV100016,SVC0018,2023-11-04,15:59:13,900,browser
SVP01925,SV100016,SVC0018,2023-11-04,16:00:13,960,browser
SVP01926,SV100016,SVC0018,2023-11-04,16:01:13,1020,browser
