event_id,user_id,content_id,watched_at,watch_duration_seconds,device_type,batched_at
evt_3064,usr_560,cnt_054,2024-01-01 00:21:00,3281,SMART TV,2024-01-02 00:00:00
evt_4518,usr_729,cnt_059,2024-01-01 00:30:00,1620,web,2024-01-02 00:00:00
evt_1938,usr_820,cnt_095,2024-01-01 00:34:00,2328,smart tv,2024-01-02 00:00:00
evt_3306,usr_791,cnt_046,2024-01-01 00:56:00,4447,mobile,2024-01-02 00:00:00
evt_2068,usr_445,cnt_028,2024-01-01 13:01:00,5037,Smart TV,2024-01-02 00:00:00
evt_3216,usr_362,cnt_096,2024-01-01 13:10:00,6947,mobile,2024-01-02 00:00:00
evt_4341,usr_589,cnt_011,2024-01-01 15:25:00,3023,Mobile,2024-01-02 00:00:00
evt_1015,usr_232,cnt_009,2024-01-01 15:38:00,547,MOBILE,2024-01-02 00:00:00
evt_0907,usr_648,cnt_010,2024-01-01 15:49:00,2100,Web,2024-01-02 00:00:00
evt_4487,usr_445,cnt_014,2024-01-01 16:28:00,3183,MOBILE,2024-01-02 00:00:00
evt_3192,usr_791,cnt_114,2024-01-01 16:33:00,7201,mobile,2024-01-02 00:00:00
evt_1431,usr_554,cnt_014,2024-01-01 16:42:00,931,mobile,2024-01-02 00:00:00
evt_3287,usr_229,cnt_068,2024-01-01 17:18:00,2314,mobile,2024-01-02 00:00:00
evt_4477,usr_113,cnt_114,2024-01-01 17:18:00,6304,Mobile,2024-01-02 00:00:00
evt_4949,usr_394,cnt_103,2024-01-01 17:25:00,3919,TABLET,2024-01-02 00:00:00
evt_2815,usr_232,cnt_100,2024-01-01 17:34:00,5486,mobile,2024-01-02 00:00:00
evt_2847,usr_817,cnt_108,2024-01-01 17:36:00,2309,mobile,2024-01-02 00:00:00
evt_3211,usr_590,cnt_055,2024-01-01 17:37:00,2368,Mobile,2024-01-02 00:00:00
evt_2180,usr_109,cnt_052,2024-01-01 17:58:00,1001,Mobile,2024-01-02 00:00:00
evt_1356,usr_576,cnt_082,2024-01-01 18:22:00,8234,Tablet,2024-01-02 00:00:00
evt_3567,usr_440,cnt_093,2024-01-01 18:58:00,6336,mobile,2024-01-02 00:00:00
evt_2108,usr_732,cnt_096,2024-01-01 20:08:00,1258,Mobile,2024-01-02 00:00:00
evt_4252,usr_696,cnt_003,2024-01-01 20:16:00,1594,TABLET,2024-01-02 00:00:00
evt_0943,usr_613,cnt_067,2024-01-01 20:53:00,557,Smart TV,2024-01-02 00:00:00
evt_2090,usr_131,cnt_058,2024-01-01 21:25:00,9278,Smart TV,2024-01-02 00:00:00
evt_2151,usr_587,cnt_058,2024-01-01 21:54:00,3281,Tablet,2024-01-02 00:00:00
evt_3407,usr_349,cnt_108,2024-01-01 22:41:00,439,tablet,2024-01-02 00:00:00
evt_2917,usr_527,cnt_054,2024-01-01 22:47:00,862,WEB,2024-01-02 00:00:00
evt_0564,usr_757,cnt_082,2024-01-01 23:04:00,2863,MOBILE,2024-01-02 00:00:00
evt_3885,usr_842,cnt_052,2024-01-01 23:06:00,2685,smart tv,2024-01-02 00:00:00
evt_0749,usr_920,cnt_029,2024-01-01 23:14:00,1719,Web,2024-01-02 00:00:00
evt_0892,usr_606,cnt_015,2024-01-01 23:22:00,6681,Smart TV,2024-01-02 00:00:00
evt_0236,usr_631,cnt_043,2024-01-01 23:24:00,2759,Mobile,2024-01-02 00:00:00
evt_4685,usr_623,cnt_025,2024-01-01 23:29:00,8015,mobile,2024-01-02 00:00:00
evt_1642,usr_608,cnt_018,2024-01-02 13:02:00,2756,smart tv,2024-01-03 00:00:00
evt_2324,usr_332,cnt_036,2024-01-02 13:03:00,5765,MOBILE,2024-01-03 00:00:00
evt_3388,usr_362,cnt_015,2024-01-02 13:56:00,3288,Mobile,2024-01-03 00:00:00
evt_1506,usr_848,cnt_076,2024-01-02 14:57:00,1674,mobile,2024-01-03 00:00:00
evt_2904,usr_372,cnt_008,2024-01-02 15:08:00,7838,Mobile,2024-01-03 00:00:00
evt_2498,usr_748,cnt_116,2024-01-02 15:09:00,2698,SMART TV,2024-01-03 00:00:00
evt_0962,usr_872,cnt_070,2024-01-02 15:33:00,1998,tablet,2024-01-03 00:00:00
evt_3596,usr_928,cnt_105,2024-01-02 15:41:00,8562,web,2024-01-03 00:00:00
evt_1553,usr_898,cnt_068,2024-01-02 17:40:00,10083,mobile,2024-01-03 00:00:00
evt_3578,usr_433,cnt_090,2024-01-02 17:45:00,3594,Smart TV,2024-01-03 00:00:00
evt_3351,usr_895,cnt_098,2024-01-02 17:51:00,1875,Web,2024-01-03 00:00:00
evt_2831,usr_770,cnt_103,2024-01-02 18:15:00,3180,Smart TV,2024-01-03 00:00:00
evt_3080,usr_853,cnt_096,2024-01-02 19:11:00,4817,MOBILE,2024-01-03 00:00:00
evt_2837,usr_585,cnt_065,2024-01-02 20:00:00,339,Tablet,2024-01-03 00:00:00
evt_3802,usr_504,cnt_113,2024-01-02 20:07:00,2765,mobile,2024-01-03 00:00:00
evt_2054,usr_888,cnt_107,2024-01-02 20:16:00,6440,mobile,2024-01-03 00:00:00
evt_1529,usr_503,cnt_090,2024-01-02 20:52:00,743,WEB,2024-01-03 00:00:00
evt_2146,usr_898,cnt_072,2024-01-02 21:14:00,1633,Mobile,2024-01-03 00:00:00
evt_3049,usr_589,cnt_118,2024-01-02 21:20:00,3533,Web,2024-01-03 00:00:00
evt_0410,usr_465,cnt_030,2024-01-02 21:23:00,686,WEB,2024-01-03 00:00:00
evt_4698,usr_546,cnt_062,2024-01-02 21:26:00,5486,Mobile,2024-01-03 00:00:00
evt_2213,usr_788,cnt_095,2024-01-02 21:27:00,2574,mobile,2024-01-03 00:00:00
evt_3248,usr_842,cnt_016,2024-01-02 22:05:00,5114,Smart TV,2024-01-03 00:00:00
evt_3404,usr_277,cnt_048,2024-01-02 22:16:00,2236,Web,2024-01-03 00:00:00
evt_4601,usr_327,cnt_042,2024-01-02 23:01:00,5128,Smart TV,2024-01-03 00:00:00
evt_4291,usr_879,cnt_047,2024-01-02 23:25:00,3632,Mobile,2024-01-03 00:00:00
evt_3382,usr_761,cnt_040,2024-01-02 23:30:00,1281,MOBILE,2024-01-03 00:00:00
evt_1910,usr_787,cnt_032,2024-01-03 13:19:00,9125,MOBILE,2024-01-04 00:00:00
evt_2185,usr_842,cnt_046,2024-01-03 13:36:00,966,Tablet,2024-01-04 00:00:00
evt_1543,usr_331,cnt_005,2024-01-03 13:49:00,1599,WEB,2024-01-04 00:00:00
evt_3980,usr_240,cnt_014,2024-01-03 14:35:00,1701,Mobile,2024-01-04 00:00:00
evt_4058,usr_506,cnt_105,2024-01-03 15:15:00,6976,MOBILE,2024-01-04 00:00:00
evt_0396,usr_408,cnt_061,2024-01-03 15:26:00,2050,TABLET,2024-01-04 00:00:00
evt_2794,usr_778,cnt_050,2024-01-03 16:00:00,3472,TABLET,2024-01-04 00:00:00
evt_3769,usr_554,cnt_044,2024-01-03 16:12:00,3403,web,2024-01-04 00:00:00
evt_3499,usr_946,cnt_086,2024-01-03 17:01:00,6557,Smart TV,2024-01-04 00:00:00
evt_3825,usr_416,cnt_079,2024-01-03 17:28:00,1486,SMART TV,2024-01-04 00:00:00
evt_3199,usr_393,cnt_078,2024-01-03 17:35:00,6246,MOBILE,2024-01-04 00:00:00
evt_1990,usr_809,cnt_078,2024-01-03 18:15:00,2707,Mobile,2024-01-04 00:00:00
evt_2723,usr_288,cnt_001,2024-01-03 18:36:00,771,MOBILE,2024-01-04 00:00:00
evt_0200,usr_277,cnt_046,2024-01-03 20:08:00,3072,TABLET,2024-01-04 00:00:00
evt_1978,usr_178,cnt_041,2024-01-03 22:10:00,8676,mobile,2024-01-04 00:00:00
evt_0994,usr_832,cnt_087,2024-01-03 22:22:00,1504,mobile,2024-01-04 00:00:00
evt_1527,usr_787,cnt_033,2024-01-03 22:26:00,546,SMART TV,2024-01-04 00:00:00
evt_3173,usr_576,cnt_031,2024-01-03 22:58:00,6780,Mobile,2024-01-04 00:00:00
evt_4230,usr_250,cnt_027,2024-01-03 23:37:00,1953,Mobile,2024-01-04 00:00:00
evt_4493,usr_585,cnt_010,2024-01-03 23:58:00,3529,Smart TV,2024-01-04 00:00:00
evt_0520,usr_280,cnt_033,2024-01-04 00:07:00,2215,MOBILE,2024-01-05 00:00:00
evt_1098,usr_406,cnt_003,2024-01-04 00:53:00,1409,Web,2024-01-05 00:00:00
evt_3650,usr_412,cnt_089,2024-01-04 13:44:00,1930,mobile,2024-01-05 00:00:00
evt_3625,usr_501,cnt_053,2024-01-04 13:50:00,4793,MOBILE,2024-01-05 00:00:00
evt_4153,usr_531,cnt_007,2024-01-04 13:56:00,3184,Mobile,2024-01-05 00:00:00
evt_1409,usr_583,cnt_066,2024-01-04 14:33:00,8484,mobile,2024-01-05 00:00:00
evt_2142,usr_105,cnt_071,2024-01-04 14:56:00,2255,Mobile,2024-01-05 00:00:00
evt_1153,usr_139,cnt_052,2024-01-04 15:20:00,563,WEB,2024-01-05 00:00:00
evt_3551,usr_458,cnt_044,2024-01-04 15:50:00,872,TABLET,2024-01-05 00:00:00
evt_4988,usr_280,cnt_060,2024-01-04 16:43:00,2196,web,2024-01-05 00:00:00
evt_0158,usr_853,cnt_117,2024-01-04 16:59:00,6923,Web,2024-01-05 00:00:00
evt_1734,usr_613,cnt_021,2024-01-04 17:20:00,2991,SMART TV,2024-01-05 00:00:00
evt_1742,usr_427,cnt_101,2024-01-04 17:28:00,5155,tablet,2024-01-05 00:00:00
evt_3182,usr_879,cnt_119,2024-01-04 17:29:00,3827,Web,2024-01-05 00:00:00
evt_4142,usr_430,cnt_007,2024-01-04 17:58:00,1059,mobile,2024-01-05 00:00:00
evt_3042,usr_676,cnt_023,2024-01-04 18:03:00,2925,WEB,2024-01-05 00:00:00
evt_2534,usr_871,cnt_091,2024-01-04 20:01:00,2665,Web,2024-01-05 00:00:00
evt_2211,usr_185,cnt_113,2024-01-04 20:12:00,7169,TABLET,2024-01-05 00:00:00
evt_4129,usr_939,cnt_062,2024-01-04 21:22:00,4680,mobile,2024-01-05 00:00:00
evt_3911,usr_939,cnt_002,2024-01-04 21:54:00,8700,SMART TV,2024-01-05 00:00:00
evt_2039,usr_478,cnt_078,2024-01-04 22:58:00,4581,smart tv,2024-01-05 00:00:00
evt_1525,usr_415,cnt_072,2024-01-05 00:04:00,9364,Mobile,2024-01-06 00:00:00
evt_2181,usr_517,cnt_006,2024-01-05 00:14:00,1806,mobile,2024-01-06 00:00:00
evt_2957,usr_873,cnt_020,2024-01-05 00:46:00,845,MOBILE,2024-01-06 00:00:00
evt_2314,usr_776,cnt_033,2024-01-05 13:44:00,6689,smart tv,2024-01-06 00:00:00
evt_4408,usr_110,cnt_084,2024-01-05 14:13:00,1656,TABLET,2024-01-06 00:00:00
evt_2215,usr_872,cnt_089,2024-01-05 14:18:00,6219,web,2024-01-06 00:00:00
evt_2379,usr_700,cnt_095,2024-01-05 14:30:00,5682,Mobile,2024-01-06 00:00:00
evt_4110,usr_560,cnt_061,2024-01-05 14:58:00,2841,TABLET,2024-01-06 00:00:00
evt_2433,usr_636,cnt_119,2024-01-05 15:19:00,1517,Web,2024-01-06 00:00:00
evt_2564,usr_902,cnt_083,2024-01-05 15:37:00,4011,MOBILE,2024-01-06 00:00:00
evt_3144,usr_280,cnt_115,2024-01-05 16:17:00,7546,Smart TV,2024-01-06 00:00:00
evt_3272,usr_546,cnt_059,2024-01-05 16:25:00,1088,Web,2024-01-06 00:00:00
evt_3479,usr_650,cnt_066,2024-01-05 16:45:00,6049,smart tv,2024-01-06 00:00:00
evt_4202,usr_618,cnt_019,2024-01-05 17:01:00,3065,tablet,2024-01-06 00:00:00
evt_1888,usr_377,cnt_018,2024-01-05 17:10:00,3122,web,2024-01-06 00:00:00
evt_2270,usr_226,cnt_019,2024-01-05 18:14:00,3426,MOBILE,2024-01-06 00:00:00
evt_2099,usr_277,cnt_100,2024-01-05 18:54:00,501,Smart TV,2024-01-06 00:00:00
evt_4498,usr_131,cnt_101,2024-01-05 19:35:00,690,MOBILE,2024-01-06 00:00:00
evt_0344,usr_332,cnt_041,2024-01-05 19:43:00,542,Smart TV,2024-01-06 00:00:00
evt_3635,usr_288,cnt_046,2024-01-05 21:20:00,986,tablet,2024-01-06 00:00:00
evt_4221,usr_501,cnt_081,2024-01-05 21:34:00,2919,Mobile,2024-01-06 00:00:00
evt_2699,usr_880,cnt_048,2024-01-05 21:41:00,5262,web,2024-01-06 00:00:00
evt_2417,usr_657,cnt_092,2024-01-05 21:57:00,586,mobile,2024-01-06 00:00:00
evt_0948,usr_791,cnt_084,2024-01-05 22:59:00,1142,TABLET,2024-01-06 00:00:00
evt_2978,usr_575,cnt_105,2024-01-05 23:39:00,1135,SMART TV,2024-01-06 00:00:00
evt_1502,usr_635,cnt_053,2024-01-06 13:18:00,7125,web,2024-01-07 00:00:00
evt_4309,usr_416,cnt_010,2024-01-06 13:38:00,8388,web,2024-01-07 00:00:00
evt_4844,usr_136,cnt_090,2024-01-06 14:26:00,5762,Mobile,2024-01-07 00:00:00
evt_2152,usr_237,cnt_053,2024-01-06 15:02:00,10628,SMART TV,2024-01-07 00:00:00
evt_1132,usr_744,cnt_081,2024-01-06 15:50:00,321,web,2024-01-07 00:00:00
evt_3188,usr_273,cnt_048,2024-01-06 16:10:00,6064,Tablet,2024-01-07 00:00:00
evt_4963,usr_873,cnt_060,2024-01-06 16:23:00,9115,smart tv,2024-01-07 00:00:00
evt_1537,usr_648,cnt_099,2024-01-06 16:25:00,6745,MOBILE,2024-01-07 00:00:00
evt_2328,usr_563,cnt_058,2024-01-06 16:26:00,697,MOBILE,2024-01-07 00:00:00
evt_1560,usr_558,cnt_118,2024-01-06 16:46:00,4977,Tablet,2024-01-07 00:00:00
evt_3084,usr_945,cnt_117,2024-01-06 17:45:00,2542,Mobile,2024-01-07 00:00:00
evt_4278,usr_770,cnt_064,2024-01-06 17:57:00,2866,web,2024-01-07 00:00:00
evt_4629,usr_522,cnt_085,2024-01-06 18:29:00,8336,SMART TV,2024-01-07 00:00:00
evt_1436,usr_842,cnt_103,2024-01-06 19:36:00,2972,Web,2024-01-07 00:00:00
evt_4239,usr_299,cnt_117,2024-01-06 19:39:00,6597,tablet,2024-01-07 00:00:00
evt_2114,usr_914,cnt_061,2024-01-06 19:51:00,3543,MOBILE,2024-01-07 00:00:00
evt_4763,usr_761,cnt_012,2024-01-06 19:57:00,2799,Mobile,2024-01-07 00:00:00
evt_1611,usr_415,cnt_095,2024-01-06 20:50:00,3255,Web,2024-01-07 00:00:00
evt_4000,usr_890,cnt_070,2024-01-06 22:25:00,3563,SMART TV,2024-01-07 00:00:00
evt_0493,usr_288,cnt_040,2024-01-06 22:48:00,939,Mobile,2024-01-07 00:00:00
evt_0770,usr_394,cnt_076,2024-01-06 22:50:00,2069,SMART TV,2024-01-07 00:00:00
evt_2664,usr_454,cnt_044,2024-01-06 22:55:00,8228,SMART TV,2024-01-07 00:00:00
evt_0938,usr_496,cnt_028,2024-01-06 23:27:00,852,mobile,2024-01-07 00:00:00
evt_1545,usr_291,cnt_078,2024-01-07 00:09:00,6105,Tablet,2024-01-08 00:00:00
evt_4849,usr_210,cnt_011,2024-01-07 00:32:00,8348,mobile,2024-01-08 00:00:00
evt_4546,usr_302,cnt_075,2024-01-07 13:15:00,7303,Mobile,2024-01-08 00:00:00
evt_4986,usr_820,cnt_024,2024-01-07 14:00:00,1958,Mobile,2024-01-08 00:00:00
evt_4151,usr_787,cnt_119,2024-01-07 14:14:00,1821,web,2024-01-08 00:00:00
evt_4823,usr_630,cnt_073,2024-01-07 14:26:00,1555,SMART TV,2024-01-08 00:00:00
evt_2555,usr_914,cnt_046,2024-01-07 14:46:00,9767,mobile,2024-01-08 00:00:00
evt_1695,usr_879,cnt_076,2024-01-07 14:50:00,6661,Mobile,2024-01-08 00:00:00
evt_2807,usr_864,cnt_016,2024-01-07 15:47:00,466,tablet,2024-01-08 00:00:00
evt_4245,usr_770,cnt_074,2024-01-07 15:54:00,1232,MOBILE,2024-01-08 00:00:00
evt_2775,usr_809,cnt_060,2024-01-07 16:38:00,1912,web,2024-01-08 00:00:00
evt_1149,usr_540,cnt_076,2024-01-07 16:56:00,2229,tablet,2024-01-08 00:00:00
evt_4405,usr_406,cnt_028,2024-01-07 17:07:00,1080,MOBILE,2024-01-08 00:00:00
evt_4935,usr_888,cnt_013,2024-01-07 17:20:00,2821,tablet,2024-01-08 00:00:00
evt_2689,usr_888,cnt_037,2024-01-07 17:55:00,1592,MOBILE,2024-01-08 00:00:00
evt_1010,usr_778,cnt_072,2024-01-07 19:05:00,2738,MOBILE,2024-01-08 00:00:00
evt_2204,usr_240,cnt_028,2024-01-07 19:30:00,4728,tablet,2024-01-08 00:00:00
evt_2422,usr_817,cnt_087,2024-01-07 19:43:00,1427,mobile,2024-01-08 00:00:00
evt_0578,usr_401,cnt_016,2024-01-07 19:59:00,1322,SMART TV,2024-01-08 00:00:00
evt_2126,usr_829,cnt_014,2024-01-07 20:13:00,3548,SMART TV,2024-01-08 00:00:00
evt_1268,usr_914,cnt_036,2024-01-07 20:14:00,2396,smart tv,2024-01-08 00:00:00
evt_0490,usr_829,cnt_065,2024-01-07 20:57:00,8786,WEB,2024-01-08 00:00:00
evt_2883,usr_539,cnt_055,2024-01-07 21:02:00,1514,Mobile,2024-01-08 00:00:00
evt_4870,usr_502,cnt_045,2024-01-07 21:42:00,347,Smart TV,2024-01-08 00:00:00
evt_2804,usr_808,cnt_074,2024-01-07 21:45:00,3365,MOBILE,2024-01-08 00:00:00
evt_4801,usr_274,cnt_008,2024-01-07 22:12:00,898,mobile,2024-01-08 00:00:00
evt_1868,usr_145,cnt_055,2024-01-07 22:19:00,2005,web,2024-01-08 00:00:00
evt_4725,usr_811,cnt_008,2024-01-07 22:39:00,3936,Smart TV,2024-01-08 00:00:00
evt_1870,usr_210,cnt_117,2024-01-07 22:41:00,681,MOBILE,2024-01-08 00:00:00
evt_4005,usr_226,cnt_079,2024-01-07 23:05:00,4894,Mobile,2024-01-08 00:00:00
evt_1025,usr_746,cnt_006,2024-01-08 00:10:00,10091,tablet,2024-01-09 00:00:00
evt_3139,usr_247,cnt_055,2024-01-08 13:14:00,3759,Mobile,2024-01-09 00:00:00
evt_3674,usr_188,cnt_095,2024-01-08 14:30:00,2127,Mobile,2024-01-09 00:00:00
evt_1986,usr_249,cnt_005,2024-01-08 14:40:00,717,Mobile,2024-01-09 00:00:00
evt_3948,usr_809,cnt_003,2024-01-08 14:47:00,7133,Web,2024-01-09 00:00:00
evt_3073,usr_284,cnt_067,2024-01-08 15:40:00,1428,MOBILE,2024-01-09 00:00:00
evt_2727,usr_712,cnt_071,2024-01-08 15:50:00,3104,Smart TV,2024-01-09 00:00:00
evt_4426,usr_767,cnt_011,2024-01-08 16:24:00,2890,web,2024-01-09 00:00:00
evt_3767,usr_105,cnt_078,2024-01-08 16:40:00,1101,WEB,2024-01-09 00:00:00
evt_4488,usr_514,cnt_093,2024-01-08 17:13:00,2546,SMART TV,2024-01-09 00:00:00
evt_3068,usr_429,cnt_067,2024-01-08 18:14:00,3287,Tablet,2024-01-09 00:00:00
evt_1466,usr_406,cnt_061,2024-01-08 18:23:00,9985,Tablet,2024-01-09 00:00:00
evt_4365,usr_618,cnt_072,2024-01-08 18:47:00,8294,MOBILE,2024-01-09 00:00:00
evt_1415,usr_332,cnt_077,2024-01-08 19:04:00,1847,Mobile,2024-01-09 00:00:00
evt_4275,usr_558,cnt_089,2024-01-08 19:45:00,3199,WEB,2024-01-09 00:00:00
evt_0346,usr_793,cnt_085,2024-01-08 20:10:00,4117,Smart TV,2024-01-09 00:00:00
evt_4207,usr_527,cnt_054,2024-01-08 20:14:00,313,MOBILE,2024-01-09 00:00:00
evt_3504,usr_609,cnt_029,2024-01-08 20:15:00,6081,TABLET,2024-01-09 00:00:00
evt_0553,usr_210,cnt_021,2024-01-08 20:32:00,1790,mobile,2024-01-09 00:00:00
evt_2536,usr_150,cnt_002,2024-01-08 21:02:00,3143,Mobile,2024-01-09 00:00:00
evt_3338,usr_206,cnt_042,2024-01-08 21:36:00,5360,Mobile,2024-01-09 00:00:00
evt_0698,usr_226,cnt_003,2024-01-08 21:37:00,9463,mobile,2024-01-09 00:00:00
evt_0816,usr_563,cnt_044,2024-01-08 22:15:00,1278,web,2024-01-09 00:00:00
evt_2375,usr_637,cnt_120,2024-01-08 22:46:00,3074,Mobile,2024-01-09 00:00:00
evt_1079,usr_503,cnt_022,2024-01-08 22:57:00,3054,mobile,2024-01-09 00:00:00
evt_2246,usr_219,cnt_030,2024-01-08 22:59:00,6507,MOBILE,2024-01-09 00:00:00
evt_1587,usr_540,cnt_115,2024-01-08 23:28:00,10601,WEB,2024-01-09 00:00:00
evt_4135,usr_627,cnt_066,2024-01-08 23:35:00,5637,MOBILE,2024-01-09 00:00:00
evt_2615,usr_113,cnt_047,2024-01-08 23:42:00,1391,Mobile,2024-01-09 00:00:00
evt_1851,usr_631,cnt_105,2024-01-09 00:15:00,1822,MOBILE,2024-01-10 00:00:00
evt_2964,usr_591,cnt_032,2024-01-09 00:32:00,8070,TABLET,2024-01-10 00:00:00
evt_3782,usr_776,cnt_053,2024-01-09 00:33:00,1309,mobile,2024-01-10 00:00:00
evt_4723,usr_349,cnt_093,2024-01-09 00:39:00,5601,mobile,2024-01-10 00:00:00
evt_4573,usr_247,cnt_060,2024-01-09 13:01:00,3108,tablet,2024-01-10 00:00:00
evt_0616,usr_788,cnt_005,2024-01-09 15:35:00,2741,Mobile,2024-01-10 00:00:00
evt_0872,usr_288,cnt_043,2024-01-09 15:42:00,3463,TABLET,2024-01-10 00:00:00
evt_1869,usr_920,cnt_022,2024-01-09 16:07:00,5833,Tablet,2024-01-10 00:00:00
evt_4212,usr_582,cnt_004,2024-01-09 17:21:00,7985,WEB,2024-01-10 00:00:00
evt_0146,usr_789,cnt_061,2024-01-09 17:26:00,9067,Mobile,2024-01-10 00:00:00
evt_2359,usr_946,cnt_116,2024-01-09 18:08:00,1883,Web,2024-01-10 00:00:00
evt_4774,usr_248,cnt_001,2024-01-09 18:12:00,6143,Mobile,2024-01-10 00:00:00
evt_2305,usr_128,cnt_049,2024-01-09 18:39:00,941,MOBILE,2024-01-10 00:00:00
evt_3997,usr_711,cnt_037,2024-01-09 18:46:00,1775,Mobile,2024-01-10 00:00:00
evt_2304,usr_558,cnt_090,2024-01-09 19:25:00,911,tablet,2024-01-10 00:00:00
evt_2825,usr_433,cnt_102,2024-01-09 19:34:00,1637,mobile,2024-01-10 00:00:00
evt_2829,usr_327,cnt_007,2024-01-09 19:55:00,2539,Smart TV,2024-01-10 00:00:00
evt_3792,usr_292,cnt_114,2024-01-09 20:13:00,3574,SMART TV,2024-01-10 00:00:00
evt_0204,usr_635,cnt_112,2024-01-09 20:16:00,6596,MOBILE,2024-01-10 00:00:00
evt_2226,usr_523,cnt_072,2024-01-09 21:08:00,334,web,2024-01-10 00:00:00
evt_2222,usr_218,cnt_070,2024-01-09 21:40:00,434,Mobile,2024-01-10 00:00:00
evt_0099,usr_466,cnt_073,2024-01-09 22:09:00,3342,mobile,2024-01-10 00:00:00
evt_4446,usr_164,cnt_059,2024-01-09 22:22:00,8853,Mobile,2024-01-10 00:00:00
evt_2051,usr_237,cnt_100,2024-01-09 23:28:00,651,SMART TV,2024-01-10 00:00:00
evt_0476,usr_787,cnt_019,2024-01-09 23:36:00,1535,mobile,2024-01-10 00:00:00
evt_1180,usr_546,cnt_096,2024-01-09 23:43:00,6156,SMART TV,2024-01-10 00:00:00
evt_2691,usr_880,cnt_008,2024-01-09 23:45:00,2637,MOBILE,2024-01-10 00:00:00
evt_1063,usr_219,cnt_075,2024-01-09 23:46:00,6633,SMART TV,2024-01-10 00:00:00
evt_1796,usr_110,cnt_056,2024-01-10 00:27:00,8059,SMART TV,2024-01-11 00:00:00
evt_1619,usr_788,cnt_104,2024-01-10 00:41:00,1203,Tablet,2024-01-11 00:00:00
evt_3082,usr_502,cnt_083,2024-01-10 13:16:00,2372,web,2024-01-11 00:00:00
evt_2923,usr_142,cnt_108,2024-01-10 14:01:00,3163,Mobile,2024-01-11 00:00:00
evt_0806,usr_926,cnt_053,2024-01-10 14:24:00,9574,SMART TV,2024-01-11 00:00:00
evt_2515,usr_117,cnt_034,2024-01-10 14:59:00,4267,Web,2024-01-11 00:00:00
evt_4664,usr_433,cnt_064,2024-01-10 15:21:00,1887,WEB,2024-01-11 00:00:00
evt_0023,usr_408,cnt_064,2024-01-10 15:32:00,1508,smart tv,2024-01-11 00:00:00
evt_2428,usr_486,cnt_117,2024-01-10 15:33:00,3208,tablet,2024-01-11 00:00:00
evt_2715,usr_298,cnt_029,2024-01-10 16:03:00,2715,MOBILE,2024-01-11 00:00:00
evt_2030,usr_539,cnt_016,2024-01-10 16:42:00,10017,mobile,2024-01-11 00:00:00
evt_0796,usr_454,cnt_083,2024-01-10 16:59:00,3317,web,2024-01-11 00:00:00
evt_2511,usr_522,cnt_097,2024-01-10 17:16:00,1606,Mobile,2024-01-11 00:00:00
evt_2885,usr_465,cnt_027,2024-01-10 17:51:00,1969,MOBILE,2024-01-11 00:00:00
evt_1037,usr_734,cnt_107,2024-01-10 18:04:00,1830,mobile,2024-01-11 00:00:00
evt_4435,usr_678,cnt_079,2024-01-10 18:49:00,1425,mobile,2024-01-11 00:00:00
evt_1302,usr_149,cnt_030,2024-01-10 19:11:00,4980,tablet,2024-01-11 00:00:00
evt_4243,usr_502,cnt_114,2024-01-10 19:17:00,6852,Mobile,2024-01-11 00:00:00
evt_2235,usr_902,cnt_055,2024-01-10 19:25:00,1249,Mobile,2024-01-11 00:00:00
evt_2924,usr_576,cnt_051,2024-01-10 19:59:00,1587,Smart TV,2024-01-11 00:00:00
evt_1844,usr_635,cnt_084,2024-01-10 20:27:00,5508,Tablet,2024-01-11 00:00:00
evt_3497,usr_607,cnt_120,2024-01-10 20:48:00,6735,TABLET,2024-01-11 00:00:00
evt_2002,usr_500,cnt_055,2024-01-10 21:30:00,3559,Tablet,2024-01-11 00:00:00
evt_1159,usr_895,cnt_094,2024-01-10 21:47:00,2518,mobile,2024-01-11 00:00:00
evt_4025,usr_871,cnt_088,2024-01-10 23:24:00,2760,MOBILE,2024-01-11 00:00:00
evt_4675,usr_134,cnt_096,2024-01-10 23:25:00,961,mobile,2024-01-11 00:00:00
evt_4029,usr_787,cnt_099,2024-01-11 00:02:00,832,WEB,2024-01-12 00:00:00
evt_0203,usr_506,cnt_106,2024-01-11 00:28:00,6482,web,2024-01-12 00:00:00
evt_4691,usr_368,cnt_105,2024-01-11 00:43:00,496,mobile,2024-01-12 00:00:00
evt_0817,usr_914,cnt_075,2024-01-11 14:13:00,10260,Web,2024-01-12 00:00:00
evt_2776,usr_464,cnt_109,2024-01-11 14:28:00,6768,mobile,2024-01-12 00:00:00
evt_3657,usr_133,cnt_084,2024-01-11 15:05:00,1957,Mobile,2024-01-12 00:00:00
evt_1558,usr_277,cnt_112,2024-01-11 15:25:00,5784,MOBILE,2024-01-12 00:00:00
evt_4625,usr_226,cnt_084,2024-01-11 15:29:00,3580,MOBILE,2024-01-12 00:00:00
evt_1323,usr_650,cnt_097,2024-01-11 15:56:00,1080,MOBILE,2024-01-12 00:00:00
evt_3675,usr_416,cnt_060,2024-01-11 15:56:00,3034,mobile,2024-01-12 00:00:00
evt_1665,usr_648,cnt_108,2024-01-11 16:01:00,4935,SMART TV,2024-01-12 00:00:00
evt_2911,usr_635,cnt_047,2024-01-11 16:04:00,4249,web,2024-01-12 00:00:00
evt_2983,usr_210,cnt_052,2024-01-11 16:05:00,1211,Smart TV,2024-01-12 00:00:00
evt_4450,usr_390,cnt_097,2024-01-11 16:43:00,1822,WEB,2024-01-12 00:00:00
evt_0242,usr_412,cnt_078,2024-01-11 16:53:00,8033,mobile,2024-01-12 00:00:00
evt_3464,usr_729,cnt_114,2024-01-11 17:11:00,5885,MOBILE,2024-01-12 00:00:00
evt_4745,usr_914,cnt_102,2024-01-11 17:12:00,2888,TABLET,2024-01-12 00:00:00
evt_1505,usr_237,cnt_120,2024-01-11 17:58:00,5730,mobile,2024-01-12 00:00:00
evt_1182,usr_219,cnt_106,2024-01-11 18:25:00,6604,Mobile,2024-01-12 00:00:00
evt_1557,usr_706,cnt_112,2024-01-11 19:18:00,8905,Mobile,2024-01-12 00:00:00
evt_4504,usr_331,cnt_118,2024-01-11 20:11:00,3142,smart tv,2024-01-12 00:00:00
evt_1389,usr_274,cnt_070,2024-01-11 21:06:00,5086,mobile,2024-01-12 00:00:00
evt_1471,usr_293,cnt_011,2024-01-11 22:00:00,693,WEB,2024-01-12 00:00:00
evt_3866,usr_631,cnt_079,2024-01-11 22:26:00,5539,Mobile,2024-01-12 00:00:00
evt_2586,usr_503,cnt_056,2024-01-11 22:52:00,1581,Tablet,2024-01-12 00:00:00
evt_3102,usr_249,cnt_027,2024-01-11 23:08:00,1269,TABLET,2024-01-12 00:00:00
evt_0891,usr_128,cnt_038,2024-01-11 23:09:00,5215,mobile,2024-01-12 00:00:00
evt_4799,usr_808,cnt_057,2024-01-11 23:29:00,6630,TABLET,2024-01-12 00:00:00
evt_1303,usr_829,cnt_077,2024-01-11 23:59:00,1331,mobile,2024-01-12 00:00:00
evt_1829,usr_585,cnt_067,2024-01-12 00:03:00,6921,web,2024-01-13 00:00:00
evt_0653,usr_897,cnt_096,2024-01-12 13:16:00,5478,MOBILE,2024-01-13 00:00:00
evt_3699,usr_284,cnt_054,2024-01-12 13:58:00,820,SMART TV,2024-01-13 00:00:00
evt_4863,usr_736,cnt_017,2024-01-12 14:04:00,594,Smart TV,2024-01-13 00:00:00
evt_1606,usr_609,cnt_066,2024-01-12 14:27:00,2666,web,2024-01-13 00:00:00
evt_0902,usr_587,cnt_106,2024-01-12 14:34:00,907,smart tv,2024-01-13 00:00:00
evt_3291,usr_131,cnt_016,2024-01-12 15:48:00,3376,web,2024-01-13 00:00:00
evt_2771,usr_109,cnt_052,2024-01-12 15:50:00,2575,MOBILE,2024-01-13 00:00:00
evt_1229,usr_185,cnt_042,2024-01-12 15:54:00,2226,Mobile,2024-01-13 00:00:00
evt_4773,usr_206,cnt_018,2024-01-12 16:38:00,1743,Tablet,2024-01-13 00:00:00
evt_0092,usr_609,cnt_026,2024-01-12 16:56:00,2792,Smart TV,2024-01-13 00:00:00
evt_4555,usr_938,cnt_017,2024-01-12 17:25:00,1498,Mobile,2024-01-13 00:00:00
evt_2666,usr_372,cnt_043,2024-01-12 17:29:00,3037,Smart TV,2024-01-13 00:00:00
evt_4273,usr_623,cnt_074,2024-01-12 17:57:00,2510,SMART TV,2024-01-13 00:00:00
evt_4168,usr_817,cnt_068,2024-01-12 18:15:00,2106,Smart TV,2024-01-13 00:00:00
evt_2281,usr_631,cnt_018,2024-01-12 18:18:00,1440,MOBILE,2024-01-13 00:00:00
evt_4232,usr_832,cnt_088,2024-01-12 18:37:00,5347,SMART TV,2024-01-13 00:00:00
evt_2726,usr_736,cnt_116,2024-01-12 18:43:00,1594,smart tv,2024-01-13 00:00:00
evt_1708,usr_250,cnt_070,2024-01-12 19:30:00,3767,mobile,2024-01-13 00:00:00
evt_2207,usr_872,cnt_104,2024-01-12 19:30:00,4674,MOBILE,2024-01-13 00:00:00
evt_2130,usr_327,cnt_039,2024-01-12 20:26:00,2526,SMART TV,2024-01-13 00:00:00
evt_4603,usr_301,cnt_056,2024-01-12 20:34:00,2304,web,2024-01-13 00:00:00
evt_0670,usr_623,cnt_010,2024-01-12 21:06:00,3240,Web,2024-01-13 00:00:00
evt_0687,usr_440,cnt_046,2024-01-12 21:17:00,3413,smart tv,2024-01-13 00:00:00
evt_3751,usr_486,cnt_039,2024-01-12 22:15:00,2478,MOBILE,2024-01-13 00:00:00
evt_1382,usr_794,cnt_115,2024-01-12 23:04:00,6925,Mobile,2024-01-13 00:00:00
evt_2884,usr_156,cnt_013,2024-01-13 00:13:00,2109,TABLET,2024-01-14 00:00:00
evt_2504,usr_793,cnt_108,2024-01-13 00:43:00,1360,SMART TV,2024-01-14 00:00:00
evt_0685,usr_124,cnt_072,2024-01-13 13:22:00,4299,smart tv,2024-01-14 00:00:00
evt_1548,usr_761,cnt_077,2024-01-13 13:42:00,6095,MOBILE,2024-01-14 00:00:00
evt_1783,usr_673,cnt_094,2024-01-13 14:40:00,2399,mobile,2024-01-14 00:00:00
evt_2993,usr_412,cnt_051,2024-01-13 16:13:00,3489,WEB,2024-01-14 00:00:00
evt_2607,usr_128,cnt_084,2024-01-13 17:00:00,5237,Tablet,2024-01-14 00:00:00
evt_1004,usr_327,cnt_001,2024-01-13 17:08:00,1017,Mobile,2024-01-14 00:00:00
evt_3061,usr_108,cnt_069,2024-01-13 17:22:00,9653,SMART TV,2024-01-14 00:00:00
evt_3913,usr_149,cnt_089,2024-01-13 18:24:00,5795,WEB,2024-01-14 00:00:00
evt_1261,usr_678,cnt_101,2024-01-13 18:29:00,2577,SMART TV,2024-01-14 00:00:00
evt_3693,usr_185,cnt_031,2024-01-13 18:29:00,5130,smart tv,2024-01-14 00:00:00
evt_4246,usr_299,cnt_099,2024-01-13 18:58:00,10468,Mobile,2024-01-14 00:00:00
evt_2275,usr_321,cnt_052,2024-01-13 18:59:00,3111,mobile,2024-01-14 00:00:00
evt_1766,usr_880,cnt_066,2024-01-13 20:17:00,2066,SMART TV,2024-01-14 00:00:00
evt_3603,usr_237,cnt_045,2024-01-13 20:17:00,8021,TABLET,2024-01-14 00:00:00
evt_1934,usr_301,cnt_110,2024-01-13 20:18:00,1647,WEB,2024-01-14 00:00:00
evt_1224,usr_124,cnt_049,2024-01-13 20:28:00,2313,mobile,2024-01-14 00:00:00
evt_3633,usr_871,cnt_004,2024-01-13 20:32:00,2772,MOBILE,2024-01-14 00:00:00
evt_0317,usr_540,cnt_036,2024-01-13 21:14:00,1427,TABLET,2024-01-14 00:00:00
evt_2747,usr_478,cnt_117,2024-01-13 22:13:00,4504,mobile,2024-01-14 00:00:00
evt_4786,usr_500,cnt_088,2024-01-13 22:16:00,8105,Tablet,2024-01-14 00:00:00
evt_1157,usr_788,cnt_047,2024-01-13 22:43:00,6487,web,2024-01-14 00:00:00
evt_2716,usr_552,cnt_115,2024-01-13 22:56:00,2976,MOBILE,2024-01-14 00:00:00
evt_0989,usr_932,cnt_088,2024-01-13 23:15:00,6435,web,2024-01-14 00:00:00
evt_3618,usr_706,cnt_066,2024-01-13 23:32:00,1213,smart tv,2024-01-14 00:00:00
evt_0443,usr_136,cnt_020,2024-01-13 23:46:00,1104,Mobile,2024-01-14 00:00:00
evt_1911,usr_576,cnt_073,2024-01-14 13:09:00,1028,Smart TV,2024-01-15 00:00:00
evt_4642,usr_576,cnt_006,2024-01-14 13:11:00,5139,mobile,2024-01-15 00:00:00
evt_3459,usr_679,cnt_089,2024-01-14 13:15:00,747,WEB,2024-01-15 00:00:00
evt_1469,usr_517,cnt_020,2024-01-14 13:30:00,8387,MOBILE,2024-01-15 00:00:00
evt_3654,usr_206,cnt_033,2024-01-14 13:39:00,4655,tablet,2024-01-15 00:00:00
evt_1426,usr_445,cnt_103,2024-01-14 13:54:00,2636,mobile,2024-01-15 00:00:00
evt_1012,usr_788,cnt_108,2024-01-14 14:03:00,5731,TABLET,2024-01-15 00:00:00
evt_3717,usr_206,cnt_082,2024-01-14 14:42:00,7292,WEB,2024-01-15 00:00:00
evt_2508,usr_530,cnt_092,2024-01-14 14:55:00,5142,MOBILE,2024-01-15 00:00:00
evt_0058,usr_465,cnt_011,2024-01-14 15:10:00,1703,TABLET,2024-01-15 00:00:00
evt_0343,usr_791,cnt_010,2024-01-14 15:50:00,1788,Tablet,2024-01-15 00:00:00
evt_0016,usr_879,cnt_057,2024-01-14 16:17:00,9589,tablet,2024-01-15 00:00:00
evt_3223,usr_341,cnt_086,2024-01-14 16:30:00,1799,Tablet,2024-01-15 00:00:00
evt_0221,usr_609,cnt_083,2024-01-14 16:31:00,4974,mobile,2024-01-15 00:00:00
evt_1538,usr_696,cnt_116,2024-01-14 16:47:00,9232,WEB,2024-01-15 00:00:00
evt_3069,usr_285,cnt_032,2024-01-14 16:53:00,2221,web,2024-01-15 00:00:00
evt_0320,usr_711,cnt_106,2024-01-14 16:54:00,6875,MOBILE,2024-01-15 00:00:00
evt_1154,usr_188,cnt_055,2024-01-14 17:27:00,1974,Tablet,2024-01-15 00:00:00
evt_2500,usr_412,cnt_084,2024-01-14 20:01:00,2442,tablet,2024-01-15 00:00:00
evt_4318,usr_134,cnt_059,2024-01-14 20:03:00,6636,SMART TV,2024-01-15 00:00:00
evt_2251,usr_650,cnt_002,2024-01-14 20:31:00,2304,smart tv,2024-01-15 00:00:00
evt_1539,usr_514,cnt_018,2024-01-14 21:11:00,7970,TABLET,2024-01-15 00:00:00
evt_2221,usr_232,cnt_061,2024-01-14 22:09:00,9655,MOBILE,2024-01-15 00:00:00
evt_0123,usr_794,cnt_030,2024-01-14 22:30:00,649,smart tv,2024-01-15 00:00:00
evt_4513,usr_712,cnt_079,2024-01-14 23:18:00,896,mobile,2024-01-15 00:00:00
evt_4080,usr_377,cnt_050,2024-01-14 23:36:00,724,mobile,2024-01-15 00:00:00
evt_1802,usr_638,cnt_050,2024-01-14 23:44:00,3194,mobile,2024-01-15 00:00:00
evt_4836,usr_523,cnt_041,2024-01-15 00:04:00,1433,smart tv,2024-01-16 00:00:00
evt_4170,usr_631,cnt_052,2024-01-15 00:39:00,467,smart tv,2024-01-16 00:00:00
evt_2042,usr_563,cnt_003,2024-01-15 00:44:00,1313,mobile,2024-01-16 00:00:00
evt_1016,usr_829,cnt_051,2024-01-15 14:19:00,4507,TABLET,2024-01-16 00:00:00
evt_0839,usr_679,cnt_022,2024-01-15 14:22:00,6961,WEB,2024-01-16 00:00:00
evt_1051,usr_440,cnt_094,2024-01-15 14:35:00,2677,TABLET,2024-01-16 00:00:00
evt_0151,usr_506,cnt_028,2024-01-15 15:32:00,2459,Web,2024-01-16 00:00:00
evt_2102,usr_466,cnt_007,2024-01-15 16:10:00,2325,WEB,2024-01-16 00:00:00
evt_0330,usr_496,cnt_086,2024-01-15 16:17:00,5052,Web,2024-01-16 00:00:00
evt_0251,usr_606,cnt_105,2024-01-15 16:36:00,1095,MOBILE,2024-01-16 00:00:00
evt_3103,usr_272,cnt_039,2024-01-15 16:52:00,4982,mobile,2024-01-16 00:00:00
evt_3920,usr_871,cnt_045,2024-01-15 17:15:00,3122,MOBILE,2024-01-16 00:00:00
evt_0027,usr_394,cnt_102,2024-01-15 17:22:00,3264,tablet,2024-01-16 00:00:00
evt_0717,usr_500,cnt_004,2024-01-15 17:24:00,9381,mobile,2024-01-16 00:00:00
evt_2898,usr_608,cnt_085,2024-01-15 18:18:00,7155,WEB,2024-01-16 00:00:00
evt_0541,usr_787,cnt_044,2024-01-15 18:50:00,1776,WEB,2024-01-16 00:00:00
evt_2865,usr_757,cnt_082,2024-01-15 19:19:00,3165,Tablet,2024-01-16 00:00:00
evt_3617,usr_546,cnt_081,2024-01-15 20:40:00,6616,mobile,2024-01-16 00:00:00
evt_3846,usr_116,cnt_042,2024-01-15 20:47:00,766,web,2024-01-16 00:00:00
evt_0741,usr_784,cnt_087,2024-01-15 21:03:00,6290,MOBILE,2024-01-16 00:00:00
evt_3023,usr_341,cnt_111,2024-01-15 21:08:00,3592,Mobile,2024-01-16 00:00:00
evt_4652,usr_351,cnt_087,2024-01-15 21:18:00,687,MOBILE,2024-01-16 00:00:00
evt_2349,usr_920,cnt_078,2024-01-15 21:37:00,919,smart tv,2024-01-16 00:00:00
evt_1668,usr_129,cnt_025,2024-01-15 22:52:00,702,Web,2024-01-16 00:00:00
evt_1210,usr_583,cnt_013,2024-01-15 23:21:00,865,MOBILE,2024-01-16 00:00:00
evt_4004,usr_501,cnt_113,2024-01-15 23:41:00,2636,Mobile,2024-01-16 00:00:00
evt_2544,usr_556,cnt_094,2024-01-15 23:44:00,8623,smart tv,2024-01-16 00:00:00
evt_4624,usr_890,cnt_098,2024-01-15 23:54:00,2719,MOBILE,2024-01-16 00:00:00
evt_2346,usr_522,cnt_058,2024-01-15 23:56:00,2649,web,2024-01-16 00:00:00
evt_0125,usr_443,cnt_109,2024-01-16 00:08:00,2349,mobile,2024-01-17 00:00:00
evt_1908,usr_678,cnt_017,2024-01-16 00:11:00,3460,SMART TV,2024-01-17 00:00:00
evt_4568,usr_650,cnt_059,2024-01-16 00:22:00,6808,Tablet,2024-01-17 00:00:00
evt_3886,usr_637,cnt_049,2024-01-16 13:18:00,3815,Smart TV,2024-01-17 00:00:00
evt_1787,usr_402,cnt_090,2024-01-16 14:07:00,3008,smart tv,2024-01-17 00:00:00
evt_1013,usr_537,cnt_111,2024-01-16 14:47:00,3592,Tablet,2024-01-17 00:00:00
evt_2426,usr_613,cnt_012,2024-01-16 14:55:00,1189,MOBILE,2024-01-17 00:00:00
evt_4486,usr_502,cnt_082,2024-01-16 15:07:00,2208,Mobile,2024-01-17 00:00:00
evt_2149,usr_514,cnt_055,2024-01-16 15:53:00,6707,Smart TV,2024-01-17 00:00:00
evt_0244,usr_809,cnt_002,2024-01-16 16:08:00,3140,mobile,2024-01-17 00:00:00
evt_4242,usr_420,cnt_056,2024-01-16 16:44:00,3010,SMART TV,2024-01-17 00:00:00
evt_4062,usr_590,cnt_046,2024-01-16 17:25:00,6361,Mobile,2024-01-17 00:00:00
evt_1127,usr_522,cnt_091,2024-01-16 18:06:00,2636,Web,2024-01-17 00:00:00
evt_2650,usr_776,cnt_104,2024-01-16 19:43:00,2257,smart tv,2024-01-17 00:00:00
evt_3100,usr_272,cnt_104,2024-01-16 20:57:00,3550,mobile,2024-01-17 00:00:00
evt_3720,usr_781,cnt_001,2024-01-16 21:16:00,2902,MOBILE,2024-01-17 00:00:00
evt_3340,usr_425,cnt_110,2024-01-16 21:48:00,2049,Mobile,2024-01-17 00:00:00
evt_4959,usr_440,cnt_103,2024-01-16 22:36:00,3391,Web,2024-01-17 00:00:00
evt_1341,usr_657,cnt_094,2024-01-16 22:48:00,6098,Web,2024-01-17 00:00:00
evt_1230,usr_347,cnt_005,2024-01-16 22:51:00,6044,mobile,2024-01-17 00:00:00
evt_4853,usr_530,cnt_069,2024-01-16 23:10:00,9759,mobile,2024-01-17 00:00:00
evt_1532,usr_609,cnt_059,2024-01-16 23:28:00,3257,Web,2024-01-17 00:00:00
evt_1275,usr_638,cnt_046,2024-01-17 00:17:00,2532,web,2024-01-18 00:00:00
evt_2440,usr_767,cnt_093,2024-01-17 00:29:00,2630,MOBILE,2024-01-18 00:00:00
evt_2744,usr_292,cnt_088,2024-01-17 00:40:00,3080,WEB,2024-01-18 00:00:00
evt_1478,usr_797,cnt_045,2024-01-17 13:02:00,3095,SMART TV,2024-01-18 00:00:00
evt_1552,usr_736,cnt_017,2024-01-17 13:17:00,6208,MOBILE,2024-01-18 00:00:00
evt_3210,usr_558,cnt_058,2024-01-17 13:33:00,8704,Mobile,2024-01-18 00:00:00
evt_1319,usr_650,cnt_101,2024-01-17 14:01:00,1716,smart tv,2024-01-18 00:00:00
evt_1234,usr_928,cnt_054,2024-01-17 14:30:00,7101,smart tv,2024-01-18 00:00:00
evt_3406,usr_464,cnt_050,2024-01-17 14:35:00,1193,web,2024-01-18 00:00:00
evt_4456,usr_364,cnt_016,2024-01-17 14:47:00,887,Mobile,2024-01-18 00:00:00
evt_4298,usr_237,cnt_117,2024-01-17 14:52:00,1313,mobile,2024-01-18 00:00:00
evt_1648,usr_302,cnt_108,2024-01-17 15:12:00,3058,MOBILE,2024-01-18 00:00:00
evt_1333,usr_210,cnt_048,2024-01-17 15:36:00,3617,Web,2024-01-18 00:00:00
evt_3843,usr_141,cnt_095,2024-01-17 15:36:00,1431,mobile,2024-01-18 00:00:00
evt_1022,usr_474,cnt_066,2024-01-17 15:41:00,5779,Smart TV,2024-01-18 00:00:00
evt_4856,usr_554,cnt_109,2024-01-17 16:01:00,331,Tablet,2024-01-18 00:00:00
evt_3973,usr_587,cnt_021,2024-01-17 16:27:00,2676,mobile,2024-01-18 00:00:00
evt_1492,usr_853,cnt_031,2024-01-17 17:11:00,3348,SMART TV,2024-01-18 00:00:00
evt_2391,usr_394,cnt_012,2024-01-17 17:14:00,6379,smart tv,2024-01-18 00:00:00
evt_3124,usr_920,cnt_111,2024-01-17 17:41:00,399,mobile,2024-01-18 00:00:00
evt_1287,usr_890,cnt_071,2024-01-17 18:15:00,1048,Mobile,2024-01-18 00:00:00
evt_4354,usr_842,cnt_057,2024-01-17 18:16:00,1299,smart tv,2024-01-18 00:00:00
evt_4928,usr_521,cnt_116,2024-01-17 19:29:00,1161,Smart TV,2024-01-18 00:00:00
evt_3481,usr_613,cnt_055,2024-01-17 19:40:00,1426,MOBILE,2024-01-18 00:00:00
evt_0633,usr_475,cnt_039,2024-01-17 19:57:00,1044,WEB,2024-01-18 00:00:00
evt_1056,usr_623,cnt_041,2024-01-17 20:11:00,828,web,2024-01-18 00:00:00
evt_4102,usr_575,cnt_019,2024-01-17 20:18:00,5660,Mobile,2024-01-18 00:00:00
evt_0046,usr_351,cnt_015,2024-01-17 20:28:00,1041,WEB,2024-01-18 00:00:00
evt_3697,usr_648,cnt_110,2024-01-17 21:58:00,1305,Mobile,2024-01-18 00:00:00
evt_1166,usr_394,cnt_029,2024-01-17 22:18:00,3386,TABLET,2024-01-18 00:00:00
evt_2195,usr_757,cnt_035,2024-01-17 23:00:00,10103,Web,2024-01-18 00:00:00
evt_4205,usr_124,cnt_116,2024-01-17 23:05:00,1966,mobile,2024-01-18 00:00:00
evt_4533,usr_606,cnt_040,2024-01-17 23:41:00,2506,Mobile,2024-01-18 00:00:00
evt_2659,usr_928,cnt_107,2024-01-17 23:52:00,3133,Mobile,2024-01-18 00:00:00
evt_3704,usr_898,cnt_055,2024-01-18 00:22:00,4389,SMART TV,2024-01-19 00:00:00
evt_0223,usr_673,cnt_076,2024-01-18 13:16:00,1663,WEB,2024-01-19 00:00:00
evt_2694,usr_411,cnt_011,2024-01-18 13:47:00,802,WEB,2024-01-19 00:00:00
evt_0428,usr_732,cnt_085,2024-01-18 13:53:00,565,mobile,2024-01-19 00:00:00
evt_0693,usr_798,cnt_067,2024-01-18 14:21:00,944,WEB,2024-01-19 00:00:00
evt_0273,usr_898,cnt_104,2024-01-18 14:24:00,3127,smart tv,2024-01-19 00:00:00
evt_0150,usr_285,cnt_027,2024-01-18 14:38:00,3398,mobile,2024-01-19 00:00:00
evt_4762,usr_284,cnt_041,2024-01-18 15:07:00,6303,Smart TV,2024-01-19 00:00:00
evt_1283,usr_313,cnt_048,2024-01-18 15:12:00,1603,MOBILE,2024-01-19 00:00:00
evt_3644,usr_150,cnt_075,2024-01-18 15:41:00,7045,web,2024-01-19 00:00:00
evt_1601,usr_606,cnt_034,2024-01-18 16:12:00,6730,Smart TV,2024-01-19 00:00:00
evt_3541,usr_503,cnt_022,2024-01-18 17:12:00,6156,Mobile,2024-01-19 00:00:00
evt_0090,usr_895,cnt_101,2024-01-18 18:15:00,1645,TABLET,2024-01-19 00:00:00
evt_2839,usr_711,cnt_035,2024-01-18 19:17:00,1385,Smart TV,2024-01-19 00:00:00
evt_0185,usr_219,cnt_089,2024-01-18 19:43:00,2070,Mobile,2024-01-19 00:00:00
evt_2190,usr_430,cnt_055,2024-01-18 20:20:00,1909,Smart TV,2024-01-19 00:00:00
evt_0233,usr_853,cnt_052,2024-01-18 20:55:00,2772,mobile,2024-01-19 00:00:00
evt_0536,usr_349,cnt_052,2024-01-18 21:14:00,3074,Smart TV,2024-01-19 00:00:00
evt_3974,usr_820,cnt_078,2024-01-18 21:17:00,3517,Web,2024-01-19 00:00:00
evt_4112,usr_719,cnt_065,2024-01-18 21:17:00,2127,mobile,2024-01-19 00:00:00
evt_2608,usr_635,cnt_081,2024-01-18 21:45:00,2098,mobile,2024-01-19 00:00:00
evt_2947,usr_676,cnt_054,2024-01-18 22:08:00,558,mobile,2024-01-19 00:00:00
evt_2382,usr_590,cnt_028,2024-01-18 22:37:00,3062,mobile,2024-01-19 00:00:00
evt_3148,usr_149,cnt_054,2024-01-18 23:28:00,2609,SMART TV,2024-01-19 00:00:00
evt_3214,usr_161,cnt_090,2024-01-18 23:36:00,1608,tablet,2024-01-19 00:00:00
evt_1526,usr_606,cnt_095,2024-01-19 14:43:00,4111,mobile,2024-01-20 00:00:00
evt_3389,usr_853,cnt_010,2024-01-19 15:05:00,9716,web,2024-01-20 00:00:00
evt_1411,usr_879,cnt_070,2024-01-19 15:42:00,3588,smart tv,2024-01-20 00:00:00
evt_1540,usr_110,cnt_114,2024-01-19 16:34:00,1842,Mobile,2024-01-20 00:00:00
evt_3799,usr_185,cnt_108,2024-01-19 16:49:00,4740,SMART TV,2024-01-20 00:00:00
evt_0502,usr_585,cnt_084,2024-01-19 17:34:00,6386,Tablet,2024-01-20 00:00:00
evt_2881,usr_788,cnt_056,2024-01-19 18:02:00,3448,WEB,2024-01-20 00:00:00
evt_2394,usr_945,cnt_104,2024-01-19 18:16:00,667,mobile,2024-01-20 00:00:00
evt_4961,usr_613,cnt_021,2024-01-19 18:16:00,6288,mobile,2024-01-20 00:00:00
evt_3652,usr_232,cnt_048,2024-01-19 18:18:00,5494,MOBILE,2024-01-20 00:00:00
evt_1542,usr_871,cnt_057,2024-01-19 19:46:00,1598,Mobile,2024-01-20 00:00:00
evt_2592,usr_872,cnt_044,2024-01-19 19:47:00,1311,MOBILE,2024-01-20 00:00:00
evt_0102,usr_809,cnt_018,2024-01-19 20:11:00,3719,WEB,2024-01-20 00:00:00
evt_1750,usr_142,cnt_022,2024-01-19 20:22:00,3497,mobile,2024-01-20 00:00:00
evt_2143,usr_110,cnt_004,2024-01-19 20:29:00,9277,tablet,2024-01-20 00:00:00
evt_3897,usr_288,cnt_056,2024-01-19 20:35:00,10538,MOBILE,2024-01-20 00:00:00
evt_0186,usr_501,cnt_049,2024-01-19 20:38:00,3141,Smart TV,2024-01-20 00:00:00
evt_2012,usr_210,cnt_019,2024-01-19 20:47:00,3395,TABLET,2024-01-20 00:00:00
evt_1027,usr_206,cnt_096,2024-01-19 20:48:00,1066,tablet,2024-01-20 00:00:00
evt_0294,usr_164,cnt_080,2024-01-19 20:56:00,3549,mobile,2024-01-20 00:00:00
evt_4626,usr_284,cnt_104,2024-01-19 21:39:00,3438,Smart TV,2024-01-20 00:00:00
evt_3021,usr_500,cnt_094,2024-01-19 21:41:00,4894,Mobile,2024-01-20 00:00:00
evt_1472,usr_184,cnt_068,2024-01-19 22:18:00,583,SMART TV,2024-01-20 00:00:00
evt_0534,usr_393,cnt_010,2024-01-19 22:46:00,813,web,2024-01-20 00:00:00
evt_1299,usr_873,cnt_029,2024-01-19 23:07:00,536,MOBILE,2024-01-20 00:00:00
evt_0920,usr_475,cnt_108,2024-01-20 00:29:00,1277,SMART TV,2024-01-21 00:00:00
evt_3440,usr_351,cnt_110,2024-01-20 13:28:00,1483,Mobile,2024-01-21 00:00:00
evt_3662,usr_732,cnt_036,2024-01-20 13:42:00,6664,Mobile,2024-01-21 00:00:00
evt_4715,usr_142,cnt_027,2024-01-20 13:51:00,1012,WEB,2024-01-21 00:00:00
evt_1747,usr_206,cnt_113,2024-01-20 14:08:00,6665,WEB,2024-01-21 00:00:00
evt_4860,usr_627,cnt_040,2024-01-20 14:13:00,6668,Web,2024-01-21 00:00:00
evt_1595,usr_274,cnt_026,2024-01-20 14:42:00,6392,mobile,2024-01-21 00:00:00
evt_2400,usr_503,cnt_006,2024-01-20 14:48:00,725,mobile,2024-01-21 00:00:00
evt_1442,usr_475,cnt_092,2024-01-20 14:49:00,507,Tablet,2024-01-21 00:00:00
evt_4945,usr_539,cnt_031,2024-01-20 15:06:00,3003,TABLET,2024-01-21 00:00:00
evt_4386,usr_117,cnt_095,2024-01-20 15:45:00,2413,web,2024-01-21 00:00:00
evt_3222,usr_450,cnt_018,2024-01-20 16:17:00,1480,Smart TV,2024-01-21 00:00:00
evt_0960,usr_415,cnt_081,2024-01-20 16:43:00,5568,mobile,2024-01-21 00:00:00
evt_3629,usr_761,cnt_070,2024-01-20 16:50:00,1296,mobile,2024-01-21 00:00:00
evt_0172,usr_793,cnt_051,2024-01-20 17:10:00,2484,web,2024-01-21 00:00:00
evt_3008,usr_672,cnt_063,2024-01-20 17:27:00,1554,Mobile,2024-01-21 00:00:00
evt_3157,usr_406,cnt_016,2024-01-20 17:59:00,5085,mobile,2024-01-21 00:00:00
evt_1082,usr_105,cnt_029,2024-01-20 18:10:00,5261,tablet,2024-01-21 00:00:00
evt_2414,usr_247,cnt_085,2024-01-20 19:06:00,1025,SMART TV,2024-01-21 00:00:00
evt_4865,usr_149,cnt_053,2024-01-20 19:25:00,8518,Mobile,2024-01-21 00:00:00
evt_1059,usr_637,cnt_014,2024-01-20 21:28:00,531,WEB,2024-01-21 00:00:00
evt_0387,usr_793,cnt_044,2024-01-20 21:59:00,665,web,2024-01-21 00:00:00
evt_1376,usr_280,cnt_032,2024-01-20 22:06:00,6091,Smart TV,2024-01-21 00:00:00
evt_0232,usr_481,cnt_106,2024-01-20 22:23:00,544,tablet,2024-01-21 00:00:00
evt_1434,usr_272,cnt_091,2024-01-20 22:53:00,1731,Mobile,2024-01-21 00:00:00
evt_0164,usr_393,cnt_108,2024-01-20 23:03:00,313,mobile,2024-01-21 00:00:00
evt_0626,usr_864,cnt_102,2024-01-20 23:52:00,5456,Mobile,2024-01-21 00:00:00
evt_0673,usr_560,cnt_024,2024-01-21 00:38:00,831,mobile,2024-01-22 00:00:00
evt_3536,usr_902,cnt_065,2024-01-21 14:01:00,1526,web,2024-01-22 00:00:00
evt_3355,usr_683,cnt_077,2024-01-21 14:06:00,1056,mobile,2024-01-22 00:00:00
evt_3764,usr_184,cnt_053,2024-01-21 14:35:00,3105,TABLET,2024-01-22 00:00:00
evt_2103,usr_778,cnt_007,2024-01-21 14:51:00,1632,smart tv,2024-01-22 00:00:00
evt_1335,usr_556,cnt_118,2024-01-21 15:05:00,3031,mobile,2024-01-22 00:00:00
evt_4117,usr_124,cnt_031,2024-01-21 15:21:00,3490,SMART TV,2024-01-22 00:00:00
evt_1046,usr_767,cnt_036,2024-01-21 16:58:00,580,mobile,2024-01-22 00:00:00
evt_4512,usr_313,cnt_117,2024-01-21 17:07:00,1404,WEB,2024-01-22 00:00:00
evt_2016,usr_327,cnt_069,2024-01-21 17:58:00,3185,mobile,2024-01-22 00:00:00
evt_0084,usr_128,cnt_050,2024-01-21 18:14:00,3811,Mobile,2024-01-22 00:00:00
evt_1861,usr_427,cnt_016,2024-01-21 18:46:00,3329,Mobile,2024-01-22 00:00:00
evt_0129,usr_341,cnt_037,2024-01-21 18:59:00,1205,TABLET,2024-01-22 00:00:00
evt_3391,usr_734,cnt_041,2024-01-21 19:21:00,1729,mobile,2024-01-22 00:00:00
evt_0400,usr_678,cnt_114,2024-01-21 19:39:00,4186,Smart TV,2024-01-22 00:00:00
evt_0800,usr_128,cnt_065,2024-01-21 19:46:00,1256,mobile,2024-01-22 00:00:00
evt_0669,usr_458,cnt_056,2024-01-21 20:19:00,2023,mobile,2024-01-22 00:00:00
evt_0498,usr_377,cnt_069,2024-01-21 20:36:00,1880,WEB,2024-01-22 00:00:00
evt_0173,usr_501,cnt_089,2024-01-21 21:47:00,1008,MOBILE,2024-01-22 00:00:00
evt_0810,usr_757,cnt_076,2024-01-21 21:58:00,3232,MOBILE,2024-01-22 00:00:00
evt_0028,usr_832,cnt_023,2024-01-21 22:55:00,1083,Tablet,2024-01-22 00:00:00
evt_1369,usr_637,cnt_090,2024-01-21 22:56:00,1053,TABLET,2024-01-22 00:00:00
evt_2421,usr_206,cnt_086,2024-01-21 23:07:00,3194,Mobile,2024-01-22 00:00:00
evt_4607,usr_638,cnt_114,2024-01-21 23:10:00,3574,MOBILE,2024-01-22 00:00:00
evt_2058,usr_455,cnt_053,2024-01-21 23:29:00,2729,MOBILE,2024-01-22 00:00:00
evt_3189,usr_648,cnt_047,2024-01-21 23:43:00,1789,TABLET,2024-01-22 00:00:00
evt_3614,usr_249,cnt_024,2024-01-22 00:05:00,4452,WEB,2024-01-23 00:00:00
evt_3441,usr_218,cnt_098,2024-01-22 00:11:00,4355,Tablet,2024-01-23 00:00:00
evt_1544,usr_293,cnt_011,2024-01-22 00:12:00,6596,MOBILE,2024-01-23 00:00:00
evt_2748,usr_184,cnt_005,2024-01-22 00:20:00,7413,MOBILE,2024-01-23 00:00:00
evt_4923,usr_527,cnt_013,2024-01-22 00:42:00,1108,Mobile,2024-01-23 00:00:00
evt_1048,usr_466,cnt_039,2024-01-22 13:17:00,6154,mobile,2024-01-23 00:00:00
evt_4729,usr_563,cnt_113,2024-01-22 13:21:00,443,mobile,2024-01-23 00:00:00
evt_2824,usr_746,cnt_086,2024-01-22 13:28:00,2964,mobile,2024-01-23 00:00:00
evt_4061,usr_164,cnt_103,2024-01-22 13:43:00,3246,MOBILE,2024-01-23 00:00:00
evt_1468,usr_751,cnt_110,2024-01-22 14:05:00,1534,SMART TV,2024-01-23 00:00:00
evt_2074,usr_631,cnt_058,2024-01-22 14:33:00,3757,Web,2024-01-23 00:00:00
evt_4834,usr_454,cnt_097,2024-01-22 15:03:00,3177,Web,2024-01-23 00:00:00
evt_2528,usr_829,cnt_117,2024-01-22 15:04:00,398,Web,2024-01-23 00:00:00
evt_2549,usr_608,cnt_066,2024-01-22 15:08:00,8857,SMART TV,2024-01-23 00:00:00
evt_1943,usr_637,cnt_070,2024-01-22 15:51:00,2048,smart tv,2024-01-23 00:00:00
evt_3111,usr_454,cnt_065,2024-01-22 16:02:00,488,WEB,2024-01-23 00:00:00
evt_1704,usr_299,cnt_103,2024-01-22 16:23:00,7200,Mobile,2024-01-23 00:00:00
evt_4795,usr_427,cnt_061,2024-01-22 16:47:00,3528,web,2024-01-23 00:00:00
evt_4068,usr_142,cnt_059,2024-01-22 17:48:00,4597,smart tv,2024-01-23 00:00:00
evt_4367,usr_583,cnt_026,2024-01-22 18:04:00,3194,Tablet,2024-01-23 00:00:00
evt_2863,usr_247,cnt_062,2024-01-22 18:15:00,1581,SMART TV,2024-01-23 00:00:00
evt_4175,usr_673,cnt_090,2024-01-22 18:23:00,5311,SMART TV,2024-01-23 00:00:00
evt_3949,usr_500,cnt_041,2024-01-22 18:31:00,8075,web,2024-01-23 00:00:00
evt_2387,usr_820,cnt_090,2024-01-22 18:43:00,2697,MOBILE,2024-01-23 00:00:00
evt_1681,usr_829,cnt_093,2024-01-22 19:27:00,1509,SMART TV,2024-01-23 00:00:00
evt_2028,usr_210,cnt_067,2024-01-22 19:51:00,822,SMART TV,2024-01-23 00:00:00
evt_1997,usr_491,cnt_079,2024-01-22 20:04:00,10334,Mobile,2024-01-23 00:00:00
evt_3438,usr_546,cnt_063,2024-01-22 20:15:00,2708,SMART TV,2024-01-23 00:00:00
evt_1559,usr_587,cnt_086,2024-01-22 20:24:00,3184,SMART TV,2024-01-23 00:00:00
evt_3424,usr_164,cnt_029,2024-01-22 20:41:00,8749,mobile,2024-01-23 00:00:00
evt_2072,usr_635,cnt_070,2024-01-22 21:27:00,1283,MOBILE,2024-01-23 00:00:00
evt_0582,usr_683,cnt_003,2024-01-22 21:54:00,1212,MOBILE,2024-01-23 00:00:00
evt_0238,usr_531,cnt_096,2024-01-22 22:06:00,2046,MOBILE,2024-01-23 00:00:00
evt_4904,usr_443,cnt_012,2024-01-22 22:37:00,5623,mobile,2024-01-23 00:00:00
evt_3739,usr_475,cnt_115,2024-01-22 22:42:00,2729,WEB,2024-01-23 00:00:00
evt_3446,usr_210,cnt_022,2024-01-22 22:55:00,1920,Smart TV,2024-01-23 00:00:00
evt_4258,usr_273,cnt_025,2024-01-22 23:19:00,2646,mobile,2024-01-23 00:00:00
evt_2759,usr_219,cnt_044,2024-01-22 23:50:00,1909,mobile,2024-01-23 00:00:00
evt_1770,usr_635,cnt_112,2024-01-23 00:05:00,5311,tablet,2024-01-24 00:00:00
evt_2482,usr_226,cnt_071,2024-01-23 00:41:00,3450,SMART TV,2024-01-24 00:00:00
evt_0259,usr_134,cnt_114,2024-01-23 00:42:00,2875,mobile,2024-01-24 00:00:00
evt_2084,usr_272,cnt_059,2024-01-23 13:05:00,2219,SMART TV,2024-01-24 00:00:00
evt_4806,usr_292,cnt_023,2024-01-23 13:06:00,2881,WEB,2024-01-24 00:00:00
evt_4333,usr_575,cnt_025,2024-01-23 14:47:00,2169,MOBILE,2024-01-24 00:00:00
evt_2757,usr_117,cnt_018,2024-01-23 15:24:00,7782,Mobile,2024-01-24 00:00:00
evt_3385,usr_939,cnt_103,2024-01-23 15:26:00,9261,mobile,2024-01-24 00:00:00
evt_3781,usr_627,cnt_037,2024-01-23 15:40:00,1241,SMART TV,2024-01-24 00:00:00
evt_2148,usr_500,cnt_070,2024-01-23 15:57:00,1982,MOBILE,2024-01-24 00:00:00
evt_4023,usr_590,cnt_056,2024-01-23 16:41:00,5256,mobile,2024-01-24 00:00:00
evt_3642,usr_406,cnt_103,2024-01-23 16:42:00,10599,MOBILE,2024-01-24 00:00:00
evt_0999,usr_527,cnt_027,2024-01-23 16:58:00,10463,TABLET,2024-01-24 00:00:00
evt_1788,usr_450,cnt_085,2024-01-23 18:11:00,1175,Smart TV,2024-01-24 00:00:00
evt_3174,usr_776,cnt_043,2024-01-23 19:32:00,2100,Web,2024-01-24 00:00:00
evt_3747,usr_249,cnt_088,2024-01-23 19:56:00,6943,Tablet,2024-01-24 00:00:00
evt_3587,usr_867,cnt_025,2024-01-23 21:44:00,6162,mobile,2024-01-24 00:00:00
evt_2538,usr_895,cnt_063,2024-01-23 22:11:00,2661,Smart TV,2024-01-24 00:00:00
evt_2252,usr_576,cnt_054,2024-01-23 22:48:00,3368,SMART TV,2024-01-24 00:00:00
evt_1131,usr_184,cnt_090,2024-01-23 22:59:00,1248,Mobile,2024-01-24 00:00:00
evt_3821,usr_389,cnt_036,2024-01-24 00:11:00,4142,Mobile,2024-01-25 00:00:00
evt_1195,usr_623,cnt_036,2024-01-24 00:12:00,430,MOBILE,2024-01-25 00:00:00
evt_0926,usr_699,cnt_081,2024-01-24 00:14:00,2076,WEB,2024-01-25 00:00:00
evt_2736,usr_880,cnt_046,2024-01-24 00:26:00,2380,MOBILE,2024-01-25 00:00:00
evt_1874,usr_455,cnt_051,2024-01-24 13:35:00,1686,tablet,2024-01-25 00:00:00
evt_3278,usr_528,cnt_072,2024-01-24 14:33:00,1647,smart tv,2024-01-25 00:00:00
evt_3694,usr_676,cnt_065,2024-01-24 15:16:00,2728,Web,2024-01-25 00:00:00
evt_0861,usr_339,cnt_031,2024-01-24 15:36:00,10539,smart tv,2024-01-25 00:00:00
evt_3105,usr_794,cnt_033,2024-01-24 15:51:00,3317,Web,2024-01-25 00:00:00
evt_4206,usr_853,cnt_113,2024-01-24 16:30:00,1689,Mobile,2024-01-25 00:00:00
evt_1765,usr_748,cnt_050,2024-01-24 17:03:00,5370,web,2024-01-25 00:00:00
evt_0034,usr_156,cnt_017,2024-01-24 17:20:00,4644,Smart TV,2024-01-25 00:00:00
evt_4588,usr_425,cnt_090,2024-01-24 18:40:00,4883,Tablet,2024-01-25 00:00:00
evt_3749,usr_108,cnt_118,2024-01-24 18:43:00,10268,Mobile,2024-01-25 00:00:00
evt_0026,usr_776,cnt_096,2024-01-24 19:06:00,6634,smart tv,2024-01-25 00:00:00
evt_0052,usr_219,cnt_011,2024-01-24 19:06:00,2032,Web,2024-01-25 00:00:00
evt_2647,usr_537,cnt_084,2024-01-24 19:25:00,1340,web,2024-01-25 00:00:00
evt_2070,usr_164,cnt_110,2024-01-24 19:36:00,4925,Mobile,2024-01-25 00:00:00
evt_4250,usr_458,cnt_011,2024-01-24 20:35:00,5830,MOBILE,2024-01-25 00:00:00
evt_3399,usr_288,cnt_061,2024-01-24 20:41:00,1404,Mobile,2024-01-25 00:00:00
evt_1956,usr_277,cnt_015,2024-01-24 20:55:00,3328,WEB,2024-01-25 00:00:00
evt_1649,usr_478,cnt_114,2024-01-24 21:15:00,1150,Tablet,2024-01-25 00:00:00
evt_1041,usr_128,cnt_030,2024-01-24 22:00:00,6122,mobile,2024-01-25 00:00:00
evt_4803,usr_772,cnt_057,2024-01-24 22:00:00,1606,TABLET,2024-01-25 00:00:00
evt_4409,usr_238,cnt_109,2024-01-24 22:19:00,5271,MOBILE,2024-01-25 00:00:00
evt_0070,usr_425,cnt_083,2024-01-24 22:38:00,3074,smart tv,2024-01-25 00:00:00
evt_0319,usr_205,cnt_106,2024-01-24 22:39:00,1605,Web,2024-01-25 00:00:00
evt_1439,usr_898,cnt_021,2024-01-24 22:44:00,1705,mobile,2024-01-25 00:00:00
evt_1564,usr_285,cnt_076,2024-01-24 23:43:00,3517,mobile,2024-01-25 00:00:00
evt_3808,usr_412,cnt_047,2024-01-25 00:47:00,2795,Mobile,2024-01-26 00:00:00
evt_0266,usr_729,cnt_026,2024-01-25 13:13:00,3671,Mobile,2024-01-26 00:00:00
evt_3453,usr_782,cnt_004,2024-01-25 14:12:00,426,MOBILE,2024-01-26 00:00:00
evt_4802,usr_712,cnt_062,2024-01-25 14:22:00,2260,Smart TV,2024-01-26 00:00:00
evt_3264,usr_116,cnt_062,2024-01-25 14:43:00,7990,Smart TV,2024-01-26 00:00:00
evt_0432,usr_415,cnt_067,2024-01-25 14:46:00,3078,MOBILE,2024-01-26 00:00:00
evt_0207,usr_630,cnt_087,2024-01-25 15:48:00,5271,mobile,2024-01-26 00:00:00
evt_0341,usr_671,cnt_011,2024-01-25 15:49:00,3536,SMART TV,2024-01-26 00:00:00
evt_1393,usr_506,cnt_082,2024-01-25 16:01:00,333,SMART TV,2024-01-26 00:00:00
evt_1947,usr_623,cnt_044,2024-01-25 16:13:00,4827,Mobile,2024-01-26 00:00:00
evt_1075,usr_880,cnt_036,2024-01-25 16:19:00,2897,TABLET,2024-01-26 00:00:00
evt_2581,usr_736,cnt_072,2024-01-25 17:13:00,7140,WEB,2024-01-26 00:00:00
evt_2198,usr_364,cnt_095,2024-01-25 17:14:00,1233,MOBILE,2024-01-26 00:00:00
evt_3850,usr_141,cnt_106,2024-01-25 17:35:00,2506,Smart TV,2024-01-26 00:00:00
evt_1503,usr_527,cnt_015,2024-01-25 17:49:00,2803,web,2024-01-26 00:00:00
evt_2396,usr_820,cnt_013,2024-01-25 17:50:00,1611,mobile,2024-01-26 00:00:00
evt_0051,usr_188,cnt_054,2024-01-25 18:27:00,6066,tablet,2024-01-26 00:00:00
evt_4732,usr_302,cnt_096,2024-01-25 18:29:00,1480,Mobile,2024-01-26 00:00:00
evt_1184,usr_124,cnt_034,2024-01-25 18:41:00,6753,Web,2024-01-26 00:00:00
evt_2172,usr_332,cnt_046,2024-01-25 18:55:00,1734,Tablet,2024-01-26 00:00:00
evt_4038,usr_543,cnt_064,2024-01-25 19:02:00,2206,Smart TV,2024-01-26 00:00:00
evt_4218,usr_547,cnt_101,2024-01-25 19:03:00,1586,Smart TV,2024-01-26 00:00:00
evt_1354,usr_129,cnt_113,2024-01-25 19:48:00,2817,WEB,2024-01-26 00:00:00
evt_4665,usr_776,cnt_045,2024-01-25 20:08:00,2310,MOBILE,2024-01-26 00:00:00
evt_4294,usr_787,cnt_007,2024-01-25 20:56:00,6277,SMART TV,2024-01-26 00:00:00
evt_0843,usr_420,cnt_089,2024-01-25 22:11:00,3483,mobile,2024-01-26 00:00:00
evt_4611,usr_250,cnt_106,2024-01-25 22:39:00,1096,Tablet,2024-01-26 00:00:00
evt_4542,usr_332,cnt_014,2024-01-25 22:50:00,6721,mobile,2024-01-26 00:00:00
evt_0397,usr_618,cnt_051,2024-01-26 00:10:00,5083,MOBILE,2024-01-27 00:00:00
evt_4608,usr_478,cnt_087,2024-01-26 15:29:00,9624,Web,2024-01-27 00:00:00
evt_2313,usr_552,cnt_017,2024-01-26 15:45:00,3854,Tablet,2024-01-27 00:00:00
evt_0990,usr_563,cnt_069,2024-01-26 17:14:00,1570,WEB,2024-01-27 00:00:00
evt_4204,usr_781,cnt_068,2024-01-26 17:39:00,1110,Web,2024-01-27 00:00:00
evt_2119,usr_761,cnt_019,2024-01-26 18:58:00,6901,Web,2024-01-27 00:00:00
evt_0855,usr_420,cnt_002,2024-01-26 19:14:00,1930,SMART TV,2024-01-27 00:00:00
evt_0131,usr_902,cnt_007,2024-01-26 19:21:00,1769,tablet,2024-01-27 00:00:00
evt_2446,usr_481,cnt_103,2024-01-26 20:08:00,2076,MOBILE,2024-01-27 00:00:00
evt_3643,usr_128,cnt_112,2024-01-26 21:15:00,1613,Mobile,2024-01-27 00:00:00
evt_2903,usr_797,cnt_046,2024-01-26 21:38:00,1073,SMART TV,2024-01-27 00:00:00
evt_1196,usr_729,cnt_060,2024-01-26 21:56:00,2806,Tablet,2024-01-27 00:00:00
evt_4147,usr_368,cnt_069,2024-01-26 22:38:00,2577,Smart TV,2024-01-27 00:00:00
evt_4361,usr_563,cnt_043,2024-01-26 22:48:00,2544,SMART TV,2024-01-27 00:00:00
evt_4830,usr_683,cnt_073,2024-01-26 23:00:00,1801,WEB,2024-01-27 00:00:00
evt_2859,usr_531,cnt_008,2024-01-26 23:21:00,6890,Mobile,2024-01-27 00:00:00
evt_0547,usr_341,cnt_018,2024-01-26 23:39:00,1070,mobile,2024-01-27 00:00:00
evt_2651,usr_486,cnt_070,2024-01-26 23:50:00,2688,Smart TV,2024-01-27 00:00:00
evt_3528,usr_890,cnt_115,2024-01-27 00:30:00,4018,Mobile,2024-01-28 00:00:00
evt_4406,usr_238,cnt_073,2024-01-27 13:36:00,1004,smart tv,2024-01-28 00:00:00
evt_4402,usr_486,cnt_030,2024-01-27 14:10:00,2961,mobile,2024-01-28 00:00:00
evt_1739,usr_474,cnt_004,2024-01-27 14:11:00,9051,Smart TV,2024-01-28 00:00:00
evt_2713,usr_411,cnt_119,2024-01-27 15:04:00,9868,mobile,2024-01-28 00:00:00
evt_3012,usr_411,cnt_052,2024-01-27 15:10:00,2470,MOBILE,2024-01-28 00:00:00
evt_4127,usr_156,cnt_113,2024-01-27 15:13:00,7868,SMART TV,2024-01-28 00:00:00
evt_2897,usr_719,cnt_002,2024-01-27 15:16:00,9071,Mobile,2024-01-28 00:00:00
evt_1689,usr_109,cnt_058,2024-01-27 16:03:00,6652,Smart TV,2024-01-28 00:00:00
evt_0342,usr_808,cnt_107,2024-01-27 16:34:00,1739,web,2024-01-28 00:00:00
evt_4374,usr_292,cnt_048,2024-01-27 16:39:00,1417,Smart TV,2024-01-28 00:00:00
evt_0414,usr_587,cnt_024,2024-01-27 17:17:00,556,mobile,2024-01-28 00:00:00
evt_0983,usr_302,cnt_063,2024-01-27 18:13:00,5554,smart tv,2024-01-28 00:00:00
evt_3683,usr_226,cnt_008,2024-01-27 19:27:00,698,web,2024-01-28 00:00:00
evt_4898,usr_832,cnt_054,2024-01-27 19:46:00,2830,MOBILE,2024-01-28 00:00:00
evt_1928,usr_706,cnt_094,2024-01-27 20:41:00,3528,WEB,2024-01-28 00:00:00
evt_2489,usr_842,cnt_034,2024-01-27 20:42:00,2326,Mobile,2024-01-28 00:00:00
evt_4364,usr_474,cnt_013,2024-01-27 20:48:00,7336,Mobile,2024-01-28 00:00:00
evt_0971,usr_351,cnt_028,2024-01-27 21:17:00,1806,mobile,2024-01-28 00:00:00
evt_0781,usr_425,cnt_097,2024-01-27 21:49:00,3179,Tablet,2024-01-28 00:00:00
evt_4598,usr_141,cnt_103,2024-01-27 22:28:00,2570,mobile,2024-01-28 00:00:00
evt_3835,usr_425,cnt_098,2024-01-27 23:00:00,1347,Web,2024-01-28 00:00:00
evt_1139,usr_298,cnt_090,2024-01-27 23:22:00,2150,web,2024-01-28 00:00:00
evt_4125,usr_298,cnt_014,2024-01-27 23:56:00,1603,Mobile,2024-01-28 00:00:00
evt_0260,usr_637,cnt_033,2024-01-28 00:00:00,9437,Smart TV,2024-01-29 00:00:00
evt_4990,usr_873,cnt_036,2024-01-28 00:03:00,4075,mobile,2024-01-29 00:00:00
evt_4217,usr_582,cnt_034,2024-01-28 00:33:00,7087,MOBILE,2024-01-29 00:00:00
evt_2926,usr_939,cnt_052,2024-01-28 13:03:00,3419,smart tv,2024-01-29 00:00:00
evt_2111,usr_113,cnt_111,2024-01-28 13:11:00,1561,smart tv,2024-01-29 00:00:00
evt_0868,usr_635,cnt_046,2024-01-28 13:22:00,1779,tablet,2024-01-29 00:00:00
evt_1703,usr_206,cnt_022,2024-01-28 14:26:00,412,SMART TV,2024-01-29 00:00:00
evt_3053,usr_411,cnt_076,2024-01-28 14:57:00,1870,web,2024-01-29 00:00:00
evt_4820,usr_411,cnt_113,2024-01-28 14:58:00,2589,Web,2024-01-29 00:00:00
evt_4403,usr_142,cnt_028,2024-01-28 15:04:00,1964,web,2024-01-29 00:00:00
evt_2558,usr_313,cnt_069,2024-01-28 15:20:00,999,MOBILE,2024-01-29 00:00:00
evt_2423,usr_853,cnt_050,2024-01-28 15:22:00,3930,MOBILE,2024-01-29 00:00:00
evt_1685,usr_429,cnt_062,2024-01-28 15:53:00,814,tablet,2024-01-29 00:00:00
evt_1202,usr_797,cnt_100,2024-01-28 16:13:00,5501,TABLET,2024-01-29 00:00:00
evt_0345,usr_161,cnt_065,2024-01-28 17:50:00,3708,Tablet,2024-01-29 00:00:00
evt_1682,usr_492,cnt_116,2024-01-28 18:20:00,3062,smart tv,2024-01-29 00:00:00
evt_3893,usr_131,cnt_089,2024-01-28 18:45:00,2937,Mobile,2024-01-29 00:00:00
evt_4293,usr_618,cnt_077,2024-01-28 19:25:00,8783,smart tv,2024-01-29 00:00:00
evt_2588,usr_736,cnt_070,2024-01-28 19:29:00,2513,smart tv,2024-01-29 00:00:00
evt_4841,usr_880,cnt_033,2024-01-28 20:51:00,6788,mobile,2024-01-29 00:00:00
evt_2177,usr_478,cnt_097,2024-01-28 21:11:00,3161,tablet,2024-01-29 00:00:00
evt_4359,usr_563,cnt_047,2024-01-28 21:46:00,6122,Mobile,2024-01-29 00:00:00
evt_0900,usr_415,cnt_102,2024-01-28 21:47:00,1848,Tablet,2024-01-29 00:00:00
evt_3433,usr_368,cnt_001,2024-01-28 21:51:00,445,MOBILE,2024-01-29 00:00:00
evt_4545,usr_503,cnt_027,2024-01-28 22:22:00,397,SMART TV,2024-01-29 00:00:00
evt_4821,usr_465,cnt_095,2024-01-28 22:24:00,1693,MOBILE,2024-01-29 00:00:00
evt_4862,usr_829,cnt_015,2024-01-28 22:55:00,5573,SMART TV,2024-01-29 00:00:00
evt_3252,usr_284,cnt_065,2024-01-28 23:00:00,387,Mobile,2024-01-29 00:00:00
evt_4033,usr_590,cnt_078,2024-01-28 23:11:00,1425,Mobile,2024-01-29 00:00:00
evt_3134,usr_210,cnt_070,2024-01-29 00:19:00,1756,tablet,2024-01-30 00:00:00
evt_3750,usr_288,cnt_060,2024-01-29 00:20:00,6663,MOBILE,2024-01-30 00:00:00
evt_0659,usr_788,cnt_064,2024-01-29 00:55:00,603,mobile,2024-01-30 00:00:00
evt_2008,usr_873,cnt_005,2024-01-29 13:34:00,2893,tablet,2024-01-30 00:00:00
evt_1243,usr_531,cnt_059,2024-01-29 14:35:00,2711,tablet,2024-01-30 00:00:00
evt_4735,usr_808,cnt_100,2024-01-29 14:54:00,3013,web,2024-01-30 00:00:00
evt_3689,usr_469,cnt_080,2024-01-29 14:58:00,7422,Web,2024-01-30 00:00:00
evt_3398,usr_781,cnt_008,2024-01-29 15:21:00,7738,WEB,2024-01-30 00:00:00
evt_0904,usr_390,cnt_022,2024-01-29 16:06:00,877,smart tv,2024-01-30 00:00:00
evt_4398,usr_336,cnt_100,2024-01-29 16:11:00,1183,tablet,2024-01-30 00:00:00
evt_3128,usr_362,cnt_112,2024-01-29 16:39:00,7759,tablet,2024-01-30 00:00:00
evt_4174,usr_729,cnt_062,2024-01-29 17:02:00,1027,MOBILE,2024-01-30 00:00:00
evt_1088,usr_650,cnt_029,2024-01-29 17:26:00,1215,Tablet,2024-01-30 00:00:00
evt_1805,usr_284,cnt_041,2024-01-29 18:13:00,2249,Smart TV,2024-01-30 00:00:00
evt_2765,usr_285,cnt_039,2024-01-29 18:13:00,7023,web,2024-01-30 00:00:00
evt_2854,usr_527,cnt_061,2024-01-29 18:57:00,10247,web,2024-01-30 00:00:00
evt_3659,usr_558,cnt_015,2024-01-29 19:59:00,1259,mobile,2024-01-30 00:00:00
evt_2069,usr_285,cnt_076,2024-01-29 22:00:00,306,smart tv,2024-01-30 00:00:00
evt_4726,usr_299,cnt_091,2024-01-29 22:08:00,6665,MOBILE,2024-01-30 00:00:00
evt_0908,usr_450,cnt_009,2024-01-29 22:27:00,2640,Mobile,2024-01-30 00:00:00
evt_0307,usr_791,cnt_117,2024-01-29 22:42:00,1311,Web,2024-01-30 00:00:00
evt_0617,usr_767,cnt_098,2024-01-29 22:43:00,10605,Tablet,2024-01-30 00:00:00
evt_2616,usr_284,cnt_098,2024-01-29 22:48:00,2584,MOBILE,2024-01-30 00:00:00
evt_1720,usr_926,cnt_028,2024-01-29 22:57:00,7337,SMART TV,2024-01-30 00:00:00
evt_3696,usr_744,cnt_050,2024-01-30 00:01:00,9652,web,2024-01-31 00:00:00
evt_2949,usr_613,cnt_098,2024-01-30 00:40:00,1193,SMART TV,2024-01-31 00:00:00
evt_3896,usr_879,cnt_084,2024-01-30 00:55:00,1143,MOBILE,2024-01-31 00:00:00
evt_0523,usr_613,cnt_097,2024-01-30 13:10:00,3133,SMART TV,2024-01-31 00:00:00
evt_4021,usr_719,cnt_037,2024-01-30 13:50:00,6029,Web,2024-01-31 00:00:00
evt_4090,usr_575,cnt_111,2024-01-30 14:04:00,828,WEB,2024-01-31 00:00:00
evt_0842,usr_478,cnt_016,2024-01-30 14:07:00,3587,Smart TV,2024-01-31 00:00:00
evt_0039,usr_401,cnt_064,2024-01-30 14:15:00,2055,SMART TV,2024-01-31 00:00:00
evt_2954,usr_558,cnt_015,2024-01-30 14:19:00,2404,WEB,2024-01-31 00:00:00
evt_1944,usr_744,cnt_037,2024-01-30 14:20:00,2394,MOBILE,2024-01-31 00:00:00
evt_2026,usr_501,cnt_113,2024-01-30 14:24:00,6218,smart tv,2024-01-31 00:00:00
evt_1730,usr_761,cnt_045,2024-01-30 14:30:00,3506,TABLET,2024-01-31 00:00:00
evt_4866,usr_341,cnt_063,2024-01-30 14:38:00,1379,Tablet,2024-01-31 00:00:00
evt_1669,usr_928,cnt_078,2024-01-30 15:25:00,399,MOBILE,2024-01-31 00:00:00
evt_3532,usr_156,cnt_065,2024-01-30 15:28:00,3894,MOBILE,2024-01-31 00:00:00
evt_4804,usr_356,cnt_026,2024-01-30 16:06:00,2719,Mobile,2024-01-31 00:00:00
evt_4782,usr_607,cnt_045,2024-01-30 16:28:00,4046,Mobile,2024-01-31 00:00:00
evt_0230,usr_907,cnt_093,2024-01-30 16:47:00,1342,Tablet,2024-01-31 00:00:00
evt_3108,usr_791,cnt_101,2024-01-30 16:51:00,5146,tablet,2024-01-31 00:00:00
evt_4041,usr_648,cnt_114,2024-01-30 16:59:00,3396,Tablet,2024-01-31 00:00:00
evt_3094,usr_907,cnt_003,2024-01-30 18:52:00,6744,Mobile,2024-01-31 00:00:00
evt_3286,usr_116,cnt_052,2024-01-30 18:55:00,356,Web,2024-01-31 00:00:00
evt_2637,usr_412,cnt_022,2024-01-30 19:14:00,6453,Mobile,2024-01-31 00:00:00
evt_4022,usr_164,cnt_032,2024-01-30 19:24:00,328,WEB,2024-01-31 00:00:00
evt_1969,usr_853,cnt_053,2024-01-30 20:58:00,1953,tablet,2024-01-31 00:00:00
evt_1610,usr_240,cnt_113,2024-01-30 21:11:00,2804,Web,2024-01-31 00:00:00
evt_4500,usr_450,cnt_088,2024-01-30 21:29:00,1648,Mobile,2024-01-31 00:00:00
evt_3491,usr_576,cnt_036,2024-01-30 21:35:00,7084,SMART TV,2024-01-31 00:00:00
evt_1499,usr_113,cnt_099,2024-01-30 22:08:00,5791,MOBILE,2024-01-31 00:00:00
evt_3987,usr_539,cnt_022,2024-01-30 22:18:00,2808,web,2024-01-31 00:00:00
evt_2830,usr_240,cnt_014,2024-01-30 22:40:00,1540,smart tv,2024-01-31 00:00:00
evt_4948,usr_523,cnt_114,2024-01-30 22:52:00,8021,Tablet,2024-01-31 00:00:00
evt_3512,usr_522,cnt_009,2024-01-30 22:53:00,355,MOBILE,2024-01-31 00:00:00
evt_4977,usr_914,cnt_067,2024-01-30 23:05:00,7263,MOBILE,2024-01-31 00:00:00
evt_4734,usr_377,cnt_042,2024-01-30 23:08:00,10605,MOBILE,2024-01-31 00:00:00
evt_0484,usr_589,cnt_001,2024-01-30 23:21:00,999,SMART TV,2024-01-31 00:00:00
evt_2209,usr_192,cnt_018,2024-01-31 00:29:00,2574,MOBILE,2024-02-01 00:00:00
evt_0228,usr_156,cnt_114,2024-01-31 13:21:00,3523,web,2024-02-01 00:00:00
evt_0482,usr_797,cnt_001,2024-01-31 13:29:00,1983,MOBILE,2024-02-01 00:00:00
evt_2354,usr_787,cnt_112,2024-01-31 13:29:00,4797,web,2024-02-01 00:00:00
evt_4815,usr_336,cnt_112,2024-01-31 14:08:00,7191,web,2024-02-01 00:00:00
evt_1846,usr_430,cnt_107,2024-01-31 14:18:00,4773,SMART TV,2024-02-01 00:00:00
evt_4373,usr_134,cnt_001,2024-01-31 14:20:00,6909,SMART TV,2024-02-01 00:00:00
evt_1678,usr_776,cnt_059,2024-01-31 15:17:00,3236,Mobile,2024-02-01 00:00:00
evt_3959,usr_928,cnt_059,2024-01-31 15:18:00,3008,SMART TV,2024-02-01 00:00:00
evt_0460,usr_606,cnt_093,2024-01-31 15:20:00,9391,MOBILE,2024-02-01 00:00:00
evt_3316,usr_506,cnt_088,2024-01-31 15:38:00,6777,tablet,2024-02-01 00:00:00
evt_1258,usr_794,cnt_013,2024-01-31 16:23:00,3227,Smart TV,2024-02-01 00:00:00
evt_2066,usr_558,cnt_021,2024-01-31 16:36:00,3180,mobile,2024-02-01 00:00:00
evt_1308,usr_589,cnt_073,2024-01-31 16:48:00,3605,SMART TV,2024-02-01 00:00:00
evt_4679,usr_364,cnt_087,2024-01-31 17:00:00,2039,MOBILE,2024-02-01 00:00:00
evt_3912,usr_341,cnt_070,2024-01-31 17:01:00,2387,MOBILE,2024-02-01 00:00:00
evt_0101,usr_778,cnt_072,2024-01-31 17:49:00,4757,smart tv,2024-02-01 00:00:00
evt_2121,usr_394,cnt_003,2024-01-31 17:58:00,3222,SMART TV,2024-02-01 00:00:00
evt_3328,usr_402,cnt_076,2024-01-31 18:17:00,7707,mobile,2024-02-01 00:00:00
evt_0591,usr_888,cnt_089,2024-01-31 18:32:00,1571,Mobile,2024-02-01 00:00:00
evt_3919,usr_630,cnt_112,2024-01-31 19:25:00,1025,MOBILE,2024-02-01 00:00:00
evt_3623,usr_556,cnt_043,2024-01-31 20:20:00,5568,tablet,2024-02-01 00:00:00
evt_4974,usr_161,cnt_120,2024-01-31 20:43:00,4670,WEB,2024-02-01 00:00:00
evt_4116,usr_408,cnt_086,2024-01-31 20:59:00,1493,smart tv,2024-02-01 00:00:00
evt_1692,usr_331,cnt_027,2024-01-31 21:00:00,983,Smart TV,2024-02-01 00:00:00
evt_1251,usr_478,cnt_082,2024-01-31 21:19:00,6859,mobile,2024-02-01 00:00:00
evt_4251,usr_291,cnt_089,2024-01-31 21:40:00,3200,smart tv,2024-02-01 00:00:00
evt_4614,usr_608,cnt_086,2024-01-31 21:49:00,3110,Mobile,2024-02-01 00:00:00
evt_2480,usr_523,cnt_101,2024-01-31 22:18:00,3855,Smart TV,2024-02-01 00:00:00
evt_1953,usr_636,cnt_100,2024-01-31 22:27:00,4783,mobile,2024-02-01 00:00:00
evt_0364,usr_916,cnt_105,2024-01-31 23:14:00,3928,TABLET,2024-02-01 00:00:00
evt_2530,usr_657,cnt_055,2024-01-31 23:37:00,3444,Web,2024-02-01 00:00:00
evt_2302,usr_623,cnt_029,2024-02-01 13:00:00,1767,Mobile,2024-02-02 00:00:00
evt_1580,usr_300,cnt_093,2024-02-01 13:06:00,6698,Mobile,2024-02-02 00:00:00
evt_1683,usr_939,cnt_008,2024-02-01 13:39:00,10623,Web,2024-02-02 00:00:00
evt_3262,usr_134,cnt_105,2024-02-01 13:51:00,1834,WEB,2024-02-02 00:00:00
evt_3525,usr_552,cnt_018,2024-02-01 13:56:00,7287,Mobile,2024-02-02 00:00:00
evt_4719,usr_784,cnt_043,2024-02-01 14:05:00,4426,Mobile,2024-02-02 00:00:00
evt_1430,usr_377,cnt_063,2024-02-01 14:15:00,4982,smart tv,2024-02-02 00:00:00
evt_1171,usr_356,cnt_109,2024-02-01 14:25:00,2365,SMART TV,2024-02-02 00:00:00
evt_4316,usr_339,cnt_107,2024-02-01 15:33:00,634,mobile,2024-02-02 00:00:00
evt_3437,usr_778,cnt_023,2024-02-01 16:21:00,1752,Mobile,2024-02-02 00:00:00
evt_4419,usr_285,cnt_083,2024-02-01 17:25:00,1522,Web,2024-02-02 00:00:00
evt_1514,usr_676,cnt_083,2024-02-01 18:20:00,5253,smart tv,2024-02-02 00:00:00
evt_2122,usr_247,cnt_055,2024-02-01 18:30:00,805,Smart TV,2024-02-02 00:00:00
evt_0728,usr_829,cnt_087,2024-02-01 18:52:00,6168,smart tv,2024-02-02 00:00:00
evt_2113,usr_540,cnt_106,2024-02-01 19:37:00,3074,Tablet,2024-02-02 00:00:00
evt_1493,usr_458,cnt_066,2024-02-01 20:42:00,3682,Mobile,2024-02-02 00:00:00
evt_4226,usr_362,cnt_033,2024-02-01 20:50:00,3309,tablet,2024-02-02 00:00:00
evt_2001,usr_136,cnt_025,2024-02-01 21:13:00,1162,WEB,2024-02-02 00:00:00
evt_0820,usr_608,cnt_078,2024-02-01 21:17:00,6018,Web,2024-02-02 00:00:00
evt_0601,usr_503,cnt_013,2024-02-01 22:13:00,1503,MOBILE,2024-02-02 00:00:00
evt_3953,usr_232,cnt_059,2024-02-01 22:29:00,3523,Smart TV,2024-02-02 00:00:00
evt_0128,usr_420,cnt_037,2024-02-01 22:43:00,8827,Smart TV,2024-02-02 00:00:00
evt_2376,usr_817,cnt_059,2024-02-01 22:47:00,9567,Mobile,2024-02-02 00:00:00
evt_2912,usr_368,cnt_034,2024-02-01 22:48:00,809,mobile,2024-02-02 00:00:00
evt_3366,usr_563,cnt_115,2024-02-01 23:34:00,4195,WEB,2024-02-02 00:00:00
evt_1745,usr_636,cnt_017,2024-02-01 23:35:00,8656,Mobile,2024-02-02 00:00:00
evt_3227,usr_506,cnt_011,2024-02-01 23:46:00,569,MOBILE,2024-02-02 00:00:00
evt_0919,usr_732,cnt_049,2024-02-02 00:13:00,1120,WEB,2024-02-03 00:00:00
evt_0403,usr_582,cnt_003,2024-02-02 00:15:00,1655,mobile,2024-02-03 00:00:00
evt_3172,usr_867,cnt_028,2024-02-02 00:24:00,7407,Mobile,2024-02-03 00:00:00
evt_2527,usr_192,cnt_041,2024-02-02 00:46:00,1284,web,2024-02-03 00:00:00
evt_0272,usr_798,cnt_025,2024-02-02 13:27:00,4654,MOBILE,2024-02-03 00:00:00
evt_1809,usr_554,cnt_045,2024-02-02 13:56:00,3373,Smart TV,2024-02-03 00:00:00
evt_3110,usr_285,cnt_038,2024-02-02 14:49:00,3212,SMART TV,2024-02-03 00:00:00
evt_0858,usr_719,cnt_085,2024-02-02 15:24:00,3433,MOBILE,2024-02-03 00:00:00
evt_1476,usr_932,cnt_058,2024-02-02 15:46:00,2657,Web,2024-02-03 00:00:00
evt_2398,usr_321,cnt_019,2024-02-02 15:54:00,6258,MOBILE,2024-02-03 00:00:00
evt_3378,usr_627,cnt_036,2024-02-02 16:13:00,1422,SMART TV,2024-02-03 00:00:00
evt_4632,usr_113,cnt_015,2024-02-02 16:24:00,4533,Smart TV,2024-02-03 00:00:00
evt_4887,usr_890,cnt_045,2024-02-02 16:25:00,6847,mobile,2024-02-03 00:00:00
evt_2062,usr_907,cnt_054,2024-02-02 16:29:00,1740,Mobile,2024-02-03 00:00:00
evt_4880,usr_678,cnt_089,2024-02-02 17:03:00,2999,Smart TV,2024-02-03 00:00:00
evt_2159,usr_902,cnt_016,2024-02-02 17:48:00,853,SMART TV,2024-02-03 00:00:00
evt_2725,usr_300,cnt_064,2024-02-02 17:51:00,4000,Mobile,2024-02-03 00:00:00
evt_2857,usr_729,cnt_054,2024-02-02 17:56:00,643,mobile,2024-02-03 00:00:00
evt_2301,usr_873,cnt_044,2024-02-02 19:03:00,6575,web,2024-02-03 00:00:00
evt_2040,usr_736,cnt_070,2024-02-02 19:08:00,6323,mobile,2024-02-03 00:00:00
evt_1042,usr_425,cnt_008,2024-02-02 20:11:00,5573,Smart TV,2024-02-03 00:00:00
evt_3607,usr_563,cnt_057,2024-02-02 20:22:00,2422,Smart TV,2024-02-03 00:00:00
evt_0824,usr_558,cnt_005,2024-02-02 20:50:00,7376,Smart TV,2024-02-03 00:00:00
evt_4875,usr_748,cnt_090,2024-02-02 20:57:00,3838,smart tv,2024-02-03 00:00:00
evt_4544,usr_481,cnt_115,2024-02-02 21:01:00,1708,SMART TV,2024-02-03 00:00:00
evt_1032,usr_530,cnt_011,2024-02-02 21:19:00,506,tablet,2024-02-03 00:00:00
evt_2374,usr_696,cnt_076,2024-02-02 21:25:00,4648,TABLET,2024-02-03 00:00:00
evt_0697,usr_676,cnt_093,2024-02-02 21:34:00,2375,TABLET,2024-02-03 00:00:00
evt_4169,usr_809,cnt_055,2024-02-02 21:36:00,6617,TABLET,2024-02-03 00:00:00
evt_0106,usr_321,cnt_045,2024-02-02 21:40:00,2245,smart tv,2024-02-03 00:00:00
evt_3609,usr_288,cnt_112,2024-02-02 22:17:00,7137,MOBILE,2024-02-03 00:00:00
evt_3151,usr_292,cnt_014,2024-02-02 23:45:00,2662,MOBILE,2024-02-03 00:00:00
evt_4589,usr_928,cnt_051,2024-02-02 23:52:00,1570,web,2024-02-03 00:00:00
evt_3225,usr_657,cnt_054,2024-02-03 00:02:00,2440,smart tv,2024-02-04 00:00:00
evt_2276,usr_491,cnt_006,2024-02-03 00:33:00,6513,WEB,2024-02-04 00:00:00
evt_0328,usr_368,cnt_087,2024-02-03 00:41:00,5640,TABLET,2024-02-04 00:00:00
evt_1490,usr_587,cnt_013,2024-02-03 00:46:00,2192,smart tv,2024-02-04 00:00:00
evt_1097,usr_782,cnt_052,2024-02-03 00:56:00,1847,WEB,2024-02-04 00:00:00
evt_2471,usr_872,cnt_018,2024-02-03 13:19:00,10436,mobile,2024-02-04 00:00:00
evt_0045,usr_277,cnt_004,2024-02-03 13:22:00,2826,Mobile,2024-02-04 00:00:00
evt_3667,usr_938,cnt_031,2024-02-03 13:23:00,4291,Mobile,2024-02-04 00:00:00
evt_2158,usr_744,cnt_055,2024-02-03 13:51:00,5841,TABLET,2024-02-04 00:00:00
evt_3936,usr_576,cnt_079,2024-02-03 15:16:00,2974,Mobile,2024-02-04 00:00:00
evt_2985,usr_547,cnt_116,2024-02-03 15:38:00,5690,mobile,2024-02-04 00:00:00
evt_4746,usr_456,cnt_086,2024-02-03 15:39:00,1714,SMART TV,2024-02-04 00:00:00
evt_2265,usr_727,cnt_054,2024-02-03 16:03:00,8159,TABLET,2024-02-04 00:00:00
evt_2483,usr_583,cnt_020,2024-02-03 16:04:00,6201,Web,2024-02-04 00:00:00
evt_1679,usr_347,cnt_119,2024-02-03 16:54:00,355,smart tv,2024-02-04 00:00:00
evt_4307,usr_299,cnt_059,2024-02-03 17:40:00,1603,SMART TV,2024-02-04 00:00:00
evt_2876,usr_280,cnt_012,2024-02-03 18:14:00,1345,mobile,2024-02-04 00:00:00
evt_0562,usr_631,cnt_028,2024-02-03 18:18:00,3130,Mobile,2024-02-04 00:00:00
evt_1238,usr_699,cnt_035,2024-02-03 18:27:00,3280,smart tv,2024-02-04 00:00:00
evt_1331,usr_897,cnt_044,2024-02-03 18:46:00,2290,SMART TV,2024-02-04 00:00:00
evt_1556,usr_503,cnt_092,2024-02-03 18:46:00,3264,smart tv,2024-02-04 00:00:00
evt_3955,usr_429,cnt_116,2024-02-03 19:51:00,985,Mobile,2024-02-04 00:00:00
evt_3606,usr_456,cnt_119,2024-02-03 20:30:00,2403,Mobile,2024-02-04 00:00:00
evt_4681,usr_650,cnt_025,2024-02-03 20:33:00,4319,MOBILE,2024-02-04 00:00:00
evt_0313,usr_430,cnt_108,2024-02-03 20:58:00,1299,Mobile,2024-02-04 00:00:00
evt_2434,usr_928,cnt_016,2024-02-03 21:29:00,7119,smart tv,2024-02-04 00:00:00
evt_4661,usr_657,cnt_005,2024-02-03 21:47:00,6115,Smart TV,2024-02-04 00:00:00
evt_3777,usr_238,cnt_110,2024-02-03 22:19:00,5428,Web,2024-02-04 00:00:00
evt_3334,usr_427,cnt_036,2024-02-03 22:22:00,7512,Mobile,2024-02-04 00:00:00
evt_0481,usr_865,cnt_119,2024-02-03 22:36:00,7473,Mobile,2024-02-04 00:00:00
evt_1987,usr_401,cnt_033,2024-02-03 22:38:00,6964,SMART TV,2024-02-04 00:00:00
evt_4594,usr_502,cnt_039,2024-02-03 22:40:00,711,Mobile,2024-02-04 00:00:00
evt_3612,usr_746,cnt_107,2024-02-03 22:55:00,9685,web,2024-02-04 00:00:00
evt_0285,usr_478,cnt_061,2024-02-03 23:11:00,4833,SMART TV,2024-02-04 00:00:00
evt_2991,usr_291,cnt_010,2024-02-03 23:32:00,2430,SMART TV,2024-02-04 00:00:00
evt_3095,usr_788,cnt_003,2024-02-03 23:41:00,4357,Mobile,2024-02-04 00:00:00
evt_1643,usr_415,cnt_031,2024-02-03 23:56:00,537,Mobile,2024-02-04 00:00:00
evt_4561,usr_150,cnt_047,2024-02-04 00:45:00,351,MOBILE,2024-02-05 00:00:00
evt_4921,usr_902,cnt_103,2024-02-04 00:45:00,7518,Mobile,2024-02-05 00:00:00
evt_3057,usr_433,cnt_120,2024-02-04 13:21:00,2714,Smart TV,2024-02-05 00:00:00
evt_2278,usr_272,cnt_047,2024-02-04 13:38:00,4294,Tablet,2024-02-05 00:00:00
evt_2971,usr_478,cnt_058,2024-02-04 15:15:00,959,web,2024-02-05 00:00:00
evt_1111,usr_582,cnt_119,2024-02-04 15:33:00,3440,mobile,2024-02-05 00:00:00
evt_4271,usr_817,cnt_077,2024-02-04 15:40:00,884,MOBILE,2024-02-05 00:00:00
evt_2205,usr_117,cnt_120,2024-02-04 15:47:00,9894,web,2024-02-05 00:00:00
evt_3703,usr_184,cnt_035,2024-02-04 17:25:00,328,WEB,2024-02-05 00:00:00
evt_1784,usr_560,cnt_106,2024-02-04 17:54:00,7334,WEB,2024-02-05 00:00:00
evt_2938,usr_809,cnt_050,2024-02-04 18:01:00,2269,MOBILE,2024-02-05 00:00:00
evt_0592,usr_528,cnt_089,2024-02-04 18:10:00,5958,smart tv,2024-02-05 00:00:00
evt_4382,usr_547,cnt_087,2024-02-04 19:09:00,1838,mobile,2024-02-05 00:00:00
evt_2844,usr_719,cnt_030,2024-02-04 19:31:00,5803,Web,2024-02-05 00:00:00
evt_0324,usr_880,cnt_065,2024-02-04 20:00:00,1698,tablet,2024-02-05 00:00:00
evt_1758,usr_164,cnt_090,2024-02-04 20:06:00,3340,mobile,2024-02-05 00:00:00
evt_2280,usr_332,cnt_006,2024-02-04 20:22:00,5635,SMART TV,2024-02-05 00:00:00
evt_0445,usr_595,cnt_098,2024-02-04 20:35:00,705,WEB,2024-02-05 00:00:00
evt_1561,usr_537,cnt_093,2024-02-04 20:39:00,1752,Web,2024-02-05 00:00:00
evt_3408,usr_443,cnt_026,2024-02-04 20:44:00,8823,SMART TV,2024-02-05 00:00:00
evt_3929,usr_469,cnt_116,2024-02-04 21:01:00,7072,mobile,2024-02-05 00:00:00
evt_3032,usr_105,cnt_077,2024-02-04 21:50:00,3142,tablet,2024-02-05 00:00:00
evt_0280,usr_558,cnt_052,2024-02-04 21:56:00,7579,mobile,2024-02-05 00:00:00
evt_3098,usr_218,cnt_050,2024-02-04 22:45:00,1839,Mobile,2024-02-05 00:00:00
evt_1973,usr_411,cnt_039,2024-02-04 22:55:00,6645,MOBILE,2024-02-05 00:00:00
evt_3457,usr_636,cnt_099,2024-02-04 22:58:00,7042,Smart TV,2024-02-05 00:00:00
evt_4926,usr_772,cnt_028,2024-02-04 23:00:00,1228,WEB,2024-02-05 00:00:00
evt_4383,usr_491,cnt_026,2024-02-04 23:28:00,5463,Smart TV,2024-02-05 00:00:00
evt_0217,usr_590,cnt_100,2024-02-04 23:43:00,1780,WEB,2024-02-05 00:00:00
evt_4196,usr_888,cnt_102,2024-02-04 23:50:00,3359,Mobile,2024-02-05 00:00:00
evt_3330,usr_848,cnt_069,2024-02-05 00:02:00,3074,SMART TV,2024-02-06 00:00:00
evt_4858,usr_938,cnt_079,2024-02-05 00:08:00,3442,WEB,2024-02-06 00:00:00
evt_0701,usr_389,cnt_087,2024-02-05 00:24:00,2514,Mobile,2024-02-06 00:00:00
evt_3027,usr_164,cnt_042,2024-02-05 00:56:00,6345,MOBILE,2024-02-06 00:00:00
evt_2420,usr_932,cnt_059,2024-02-05 00:59:00,2731,WEB,2024-02-06 00:00:00
evt_3476,usr_575,cnt_113,2024-02-05 14:04:00,3307,Web,2024-02-06 00:00:00
evt_4813,usr_300,cnt_079,2024-02-05 14:05:00,2216,MOBILE,2024-02-06 00:00:00
evt_3383,usr_237,cnt_020,2024-02-05 14:25:00,5355,Mobile,2024-02-06 00:00:00
evt_0130,usr_412,cnt_035,2024-02-05 14:39:00,4986,TABLET,2024-02-06 00:00:00
evt_0690,usr_711,cnt_043,2024-02-05 14:54:00,713,Smart TV,2024-02-06 00:00:00
evt_3273,usr_751,cnt_092,2024-02-05 15:54:00,3984,web,2024-02-06 00:00:00
evt_0587,usr_503,cnt_118,2024-02-05 16:11:00,7018,MOBILE,2024-02-06 00:00:00
evt_4634,usr_678,cnt_116,2024-02-05 17:44:00,3414,Tablet,2024-02-06 00:00:00
evt_3734,usr_673,cnt_056,2024-02-05 19:00:00,3302,SMART TV,2024-02-06 00:00:00
evt_1250,usr_539,cnt_036,2024-02-05 19:07:00,1786,Mobile,2024-02-06 00:00:00
evt_3712,usr_504,cnt_085,2024-02-05 19:19:00,1642,Smart TV,2024-02-06 00:00:00
evt_0692,usr_247,cnt_030,2024-02-05 19:26:00,3379,SMART TV,2024-02-06 00:00:00
evt_4705,usr_156,cnt_029,2024-02-05 19:40:00,8444,web,2024-02-06 00:00:00
evt_1979,usr_469,cnt_052,2024-02-05 20:02:00,5374,MOBILE,2024-02-06 00:00:00
evt_0363,usr_274,cnt_113,2024-02-05 20:10:00,771,MOBILE,2024-02-06 00:00:00
evt_0784,usr_842,cnt_057,2024-02-05 20:52:00,4397,mobile,2024-02-06 00:00:00
evt_1367,usr_631,cnt_020,2024-02-05 21:20:00,3087,mobile,2024-02-06 00:00:00
evt_4249,usr_491,cnt_089,2024-02-05 21:23:00,449,Mobile,2024-02-06 00:00:00
evt_2732,usr_696,cnt_114,2024-02-05 22:01:00,1900,Smart TV,2024-02-06 00:00:00
evt_1068,usr_293,cnt_086,2024-02-05 22:16:00,887,tablet,2024-02-06 00:00:00
evt_2561,usr_746,cnt_106,2024-02-05 22:55:00,3123,TABLET,2024-02-06 00:00:00
evt_3915,usr_587,cnt_114,2024-02-05 23:04:00,6523,smart tv,2024-02-06 00:00:00
evt_1007,usr_249,cnt_075,2024-02-05 23:49:00,2524,mobile,2024-02-06 00:00:00
evt_0237,usr_539,cnt_008,2024-02-06 00:17:00,1679,Smart TV,2024-02-07 00:00:00
evt_0451,usr_871,cnt_094,2024-02-06 00:44:00,10775,Tablet,2024-02-07 00:00:00
evt_2867,usr_920,cnt_077,2024-02-06 00:45:00,6628,MOBILE,2024-02-07 00:00:00
evt_4427,usr_429,cnt_038,2024-02-06 00:45:00,1971,Mobile,2024-02-07 00:00:00
evt_4946,usr_252,cnt_058,2024-02-06 13:17:00,482,web,2024-02-07 00:00:00
evt_4987,usr_390,cnt_077,2024-02-06 13:28:00,6001,SMART TV,2024-02-07 00:00:00
evt_0993,usr_630,cnt_059,2024-02-06 13:42:00,1271,mobile,2024-02-07 00:00:00
evt_1563,usr_136,cnt_104,2024-02-06 14:05:00,3362,web,2024-02-07 00:00:00
evt_3473,usr_699,cnt_118,2024-02-06 15:15:00,6439,Smart TV,2024-02-07 00:00:00
evt_0716,usr_832,cnt_037,2024-02-06 15:16:00,5513,Mobile,2024-02-07 00:00:00
evt_0119,usr_585,cnt_047,2024-02-06 16:38:00,1342,Mobile,2024-02-07 00:00:00
evt_2826,usr_496,cnt_101,2024-02-06 16:39:00,2441,SMART TV,2024-02-07 00:00:00
evt_4223,usr_761,cnt_038,2024-02-06 17:04:00,1141,smart tv,2024-02-07 00:00:00
evt_0347,usr_415,cnt_082,2024-02-06 17:43:00,10534,mobile,2024-02-07 00:00:00
evt_0721,usr_274,cnt_027,2024-02-06 18:34:00,2504,Mobile,2024-02-07 00:00:00
evt_3884,usr_288,cnt_090,2024-02-06 18:41:00,1725,tablet,2024-02-07 00:00:00
evt_0112,usr_521,cnt_078,2024-02-06 18:55:00,1771,MOBILE,2024-02-07 00:00:00
evt_1233,usr_411,cnt_112,2024-02-06 19:02:00,1404,mobile,2024-02-07 00:00:00
evt_3307,usr_249,cnt_095,2024-02-06 19:23:00,2443,Mobile,2024-02-07 00:00:00
evt_4198,usr_873,cnt_060,2024-02-06 19:35:00,6992,SMART TV,2024-02-07 00:00:00
evt_3428,usr_280,cnt_076,2024-02-06 20:10:00,2612,Web,2024-02-07 00:00:00
evt_4047,usr_527,cnt_099,2024-02-06 20:21:00,3006,Mobile,2024-02-07 00:00:00
evt_3533,usr_139,cnt_085,2024-02-06 20:46:00,7188,mobile,2024-02-07 00:00:00
evt_0155,usr_280,cnt_091,2024-02-06 20:58:00,3190,Mobile,2024-02-07 00:00:00
evt_0198,usr_748,cnt_089,2024-02-06 21:24:00,1156,WEB,2024-02-07 00:00:00
evt_0913,usr_609,cnt_059,2024-02-06 21:59:00,1162,MOBILE,2024-02-07 00:00:00
evt_3031,usr_349,cnt_012,2024-02-06 22:32:00,3358,mobile,2024-02-07 00:00:00
evt_4575,usr_455,cnt_110,2024-02-06 23:12:00,407,tablet,2024-02-07 00:00:00
evt_0152,usr_128,cnt_039,2024-02-06 23:33:00,752,SMART TV,2024-02-07 00:00:00
evt_3236,usr_284,cnt_040,2024-02-06 23:39:00,1565,SMART TV,2024-02-07 00:00:00
evt_2077,usr_332,cnt_057,2024-02-07 00:03:00,8187,web,2024-02-08 00:00:00
evt_0702,usr_301,cnt_013,2024-02-07 00:27:00,1835,mobile,2024-02-08 00:00:00
evt_2627,usr_794,cnt_024,2024-02-07 00:38:00,2186,Web,2024-02-08 00:00:00
evt_3966,usr_556,cnt_050,2024-02-07 00:59:00,1720,MOBILE,2024-02-08 00:00:00
evt_0161,usr_277,cnt_029,2024-02-07 13:16:00,1433,MOBILE,2024-02-08 00:00:00
evt_0650,usr_109,cnt_102,2024-02-07 13:18:00,2464,Web,2024-02-08 00:00:00
evt_3025,usr_486,cnt_071,2024-02-07 13:25:00,4300,web,2024-02-08 00:00:00
evt_4192,usr_772,cnt_084,2024-02-07 13:51:00,3487,Mobile,2024-02-08 00:00:00
evt_4678,usr_206,cnt_039,2024-02-07 13:53:00,3891,MOBILE,2024-02-08 00:00:00
evt_2742,usr_888,cnt_043,2024-02-07 14:14:00,2321,MOBILE,2024-02-08 00:00:00
evt_4077,usr_232,cnt_057,2024-02-07 14:40:00,459,mobile,2024-02-08 00:00:00
evt_1864,usr_528,cnt_095,2024-02-07 16:57:00,3395,Mobile,2024-02-08 00:00:00
evt_4922,usr_637,cnt_031,2024-02-07 18:03:00,3107,Smart TV,2024-02-08 00:00:00
evt_0637,usr_539,cnt_036,2024-02-07 18:30:00,5524,smart tv,2024-02-08 00:00:00
evt_1930,usr_455,cnt_081,2024-02-07 18:32:00,2236,SMART TV,2024-02-08 00:00:00
evt_1482,usr_556,cnt_028,2024-02-07 18:43:00,3568,TABLET,2024-02-08 00:00:00
evt_4564,usr_249,cnt_038,2024-02-07 21:54:00,2463,Mobile,2024-02-08 00:00:00
evt_0044,usr_537,cnt_100,2024-02-07 22:00:00,2092,MOBILE,2024-02-08 00:00:00
evt_1688,usr_678,cnt_014,2024-02-07 22:01:00,1943,mobile,2024-02-08 00:00:00
evt_3754,usr_696,cnt_011,2024-02-07 23:45:00,5555,Web,2024-02-08 00:00:00
evt_4355,usr_466,cnt_058,2024-02-08 00:42:00,1768,web,2024-02-09 00:00:00
evt_3916,usr_558,cnt_015,2024-02-08 00:43:00,4557,Mobile,2024-02-09 00:00:00
evt_1231,usr_789,cnt_067,2024-02-08 00:51:00,5990,mobile,2024-02-09 00:00:00
evt_3196,usr_393,cnt_007,2024-02-08 00:54:00,9831,Mobile,2024-02-09 00:00:00
evt_2048,usr_867,cnt_120,2024-02-08 13:02:00,9202,mobile,2024-02-09 00:00:00
evt_2595,usr_178,cnt_084,2024-02-08 13:09:00,2492,smart tv,2024-02-09 00:00:00
evt_2838,usr_142,cnt_011,2024-02-08 13:09:00,3029,Tablet,2024-02-09 00:00:00
evt_2474,usr_546,cnt_024,2024-02-08 13:26:00,495,Mobile,2024-02-09 00:00:00
evt_0925,usr_552,cnt_065,2024-02-08 13:37:00,1082,web,2024-02-09 00:00:00
evt_3246,usr_108,cnt_099,2024-02-08 13:40:00,5707,mobile,2024-02-09 00:00:00
evt_1662,usr_240,cnt_017,2024-02-08 13:51:00,1903,smart tv,2024-02-09 00:00:00
evt_1883,usr_113,cnt_042,2024-02-08 13:56:00,1651,WEB,2024-02-09 00:00:00
evt_2303,usr_879,cnt_093,2024-02-08 15:31:00,1220,MOBILE,2024-02-09 00:00:00
evt_0571,usr_133,cnt_064,2024-02-08 16:33:00,9412,tablet,2024-02-09 00:00:00
evt_1593,usr_188,cnt_070,2024-02-08 16:37:00,6332,smart tv,2024-02-09 00:00:00
evt_4474,usr_744,cnt_067,2024-02-08 16:49:00,6593,Smart TV,2024-02-09 00:00:00
evt_2660,usr_782,cnt_081,2024-02-08 17:00:00,4455,mobile,2024-02-09 00:00:00
evt_4415,usr_327,cnt_120,2024-02-08 17:00:00,2767,Web,2024-02-09 00:00:00
evt_3630,usr_527,cnt_082,2024-02-08 17:57:00,4251,mobile,2024-02-09 00:00:00
evt_0756,usr_609,cnt_102,2024-02-08 18:15:00,10163,smart tv,2024-02-09 00:00:00
evt_2079,usr_292,cnt_001,2024-02-08 19:09:00,2919,web,2024-02-09 00:00:00
evt_1459,usr_648,cnt_106,2024-02-08 19:35:00,6004,mobile,2024-02-09 00:00:00
evt_3298,usr_590,cnt_026,2024-02-08 20:25:00,5872,SMART TV,2024-02-09 00:00:00
evt_2584,usr_514,cnt_034,2024-02-08 21:27:00,1683,Mobile,2024-02-09 00:00:00
evt_0289,usr_635,cnt_025,2024-02-08 21:48:00,6310,WEB,2024-02-09 00:00:00
evt_0694,usr_945,cnt_083,2024-02-08 22:03:00,9293,Web,2024-02-09 00:00:00
evt_1841,usr_131,cnt_021,2024-02-08 22:05:00,715,Mobile,2024-02-09 00:00:00
evt_0369,usr_142,cnt_054,2024-02-08 22:06:00,3449,Mobile,2024-02-09 00:00:00
evt_1346,usr_657,cnt_023,2024-02-08 22:11:00,1888,mobile,2024-02-09 00:00:00
evt_4452,usr_280,cnt_030,2024-02-08 22:49:00,1338,Web,2024-02-09 00:00:00
evt_2721,usr_945,cnt_017,2024-02-08 23:05:00,1596,SMART TV,2024-02-09 00:00:00
evt_4368,usr_210,cnt_099,2024-02-08 23:19:00,2744,SMART TV,2024-02-09 00:00:00
evt_4925,usr_298,cnt_109,2024-02-08 23:36:00,1131,WEB,2024-02-09 00:00:00
evt_3849,usr_744,cnt_035,2024-02-09 00:35:00,7841,TABLET,2024-02-10 00:00:00
evt_1126,usr_498,cnt_115,2024-02-09 00:47:00,3678,Mobile,2024-02-10 00:00:00
evt_0662,usr_184,cnt_042,2024-02-09 13:05:00,3465,mobile,2024-02-10 00:00:00
evt_4531,usr_636,cnt_116,2024-02-09 13:05:00,2596,smart tv,2024-02-10 00:00:00
evt_2718,usr_472,cnt_044,2024-02-09 13:26:00,1836,MOBILE,2024-02-10 00:00:00
evt_4388,usr_456,cnt_022,2024-02-09 13:34:00,5298,web,2024-02-10 00:00:00
evt_4638,usr_761,cnt_087,2024-02-09 15:12:00,2794,Mobile,2024-02-10 00:00:00
evt_0576,usr_657,cnt_086,2024-02-09 15:15:00,539,mobile,2024-02-10 00:00:00
evt_1622,usr_558,cnt_064,2024-02-09 15:20:00,7046,TABLET,2024-02-10 00:00:00
evt_1221,usr_416,cnt_074,2024-02-09 16:49:00,603,tablet,2024-02-10 00:00:00
evt_3480,usr_746,cnt_065,2024-02-09 17:04:00,1746,MOBILE,2024-02-10 00:00:00
evt_4352,usr_938,cnt_065,2024-02-09 17:49:00,9303,WEB,2024-02-10 00:00:00
evt_4692,usr_736,cnt_076,2024-02-09 17:51:00,3088,SMART TV,2024-02-10 00:00:00
evt_0511,usr_679,cnt_054,2024-02-09 17:55:00,1672,MOBILE,2024-02-10 00:00:00
evt_3716,usr_339,cnt_118,2024-02-09 18:04:00,5711,MOBILE,2024-02-10 00:00:00
evt_2105,usr_503,cnt_050,2024-02-09 18:43:00,1764,WEB,2024-02-10 00:00:00
evt_3960,usr_618,cnt_028,2024-02-09 18:48:00,7182,Mobile,2024-02-10 00:00:00
evt_3510,usr_481,cnt_026,2024-02-09 18:56:00,6232,SMART TV,2024-02-10 00:00:00
evt_2155,usr_746,cnt_006,2024-02-09 18:57:00,1635,smart tv,2024-02-10 00:00:00
evt_3682,usr_372,cnt_022,2024-02-09 20:15:00,8553,SMART TV,2024-02-10 00:00:00
evt_2919,usr_888,cnt_017,2024-02-09 20:20:00,3434,mobile,2024-02-10 00:00:00
evt_1310,usr_301,cnt_062,2024-02-09 20:34:00,4182,Mobile,2024-02-10 00:00:00
evt_4671,usr_563,cnt_068,2024-02-09 21:16:00,5433,web,2024-02-10 00:00:00
evt_0225,usr_531,cnt_104,2024-02-09 21:20:00,5540,smart tv,2024-02-10 00:00:00
evt_4191,usr_932,cnt_070,2024-02-09 21:29:00,9560,web,2024-02-10 00:00:00
evt_1443,usr_676,cnt_023,2024-02-09 21:59:00,8666,WEB,2024-02-10 00:00:00
evt_4619,usr_465,cnt_040,2024-02-09 23:35:00,5720,MOBILE,2024-02-10 00:00:00
evt_2249,usr_248,cnt_062,2024-02-09 23:58:00,1800,Smart TV,2024-02-10 00:00:00
evt_2979,usr_537,cnt_048,2024-02-10 00:15:00,10527,MOBILE,2024-02-11 00:00:00
evt_4160,usr_543,cnt_106,2024-02-10 00:15:00,549,Mobile,2024-02-11 00:00:00
evt_0689,usr_778,cnt_047,2024-02-10 00:18:00,7144,MOBILE,2024-02-11 00:00:00
evt_3207,usr_341,cnt_051,2024-02-10 00:20:00,2113,WEB,2024-02-11 00:00:00
evt_4181,usr_164,cnt_035,2024-02-10 00:56:00,1621,SMART TV,2024-02-11 00:00:00
evt_3077,usr_124,cnt_096,2024-02-10 13:13:00,1185,TABLET,2024-02-11 00:00:00
evt_0835,usr_778,cnt_109,2024-02-10 13:35:00,9878,Web,2024-02-11 00:00:00
evt_3577,usr_185,cnt_108,2024-02-10 14:20:00,3117,mobile,2024-02-11 00:00:00
evt_1246,usr_504,cnt_048,2024-02-10 14:43:00,10430,web,2024-02-11 00:00:00
evt_2712,usr_636,cnt_118,2024-02-10 14:44:00,7983,SMART TV,2024-02-11 00:00:00
evt_1921,usr_339,cnt_112,2024-02-10 16:12:00,573,Mobile,2024-02-11 00:00:00
evt_1875,usr_347,cnt_065,2024-02-10 16:24:00,379,Mobile,2024-02-11 00:00:00
evt_1799,usr_711,cnt_051,2024-02-10 16:36:00,10430,Smart TV,2024-02-11 00:00:00
evt_3326,usr_288,cnt_047,2024-02-10 16:53:00,1654,MOBILE,2024-02-11 00:00:00
evt_1965,usr_558,cnt_102,2024-02-10 16:57:00,3812,web,2024-02-11 00:00:00
evt_2787,usr_298,cnt_111,2024-02-10 19:05:00,4202,Smart TV,2024-02-11 00:00:00
evt_4084,usr_522,cnt_046,2024-02-10 19:14:00,3712,mobile,2024-02-11 00:00:00
evt_4197,usr_865,cnt_026,2024-02-10 19:28:00,5276,web,2024-02-11 00:00:00
evt_3564,usr_890,cnt_093,2024-02-10 20:13:00,3532,smart tv,2024-02-11 00:00:00
evt_1348,usr_349,cnt_110,2024-02-10 20:42:00,6548,WEB,2024-02-11 00:00:00
evt_0316,usr_402,cnt_120,2024-02-10 21:54:00,4354,Mobile,2024-02-11 00:00:00
evt_2739,usr_433,cnt_024,2024-02-10 21:57:00,637,mobile,2024-02-11 00:00:00
evt_2081,usr_609,cnt_012,2024-02-10 22:06:00,2071,web,2024-02-11 00:00:00
evt_2901,usr_576,cnt_041,2024-02-10 22:19:00,3145,web,2024-02-11 00:00:00
evt_1364,usr_784,cnt_067,2024-02-11 00:15:00,488,mobile,2024-02-12 00:00:00
evt_3818,usr_474,cnt_099,2024-02-11 00:59:00,10751,Smart TV,2024-02-12 00:00:00
evt_2294,usr_313,cnt_024,2024-02-11 13:38:00,1037,smart tv,2024-02-12 00:00:00
evt_1201,usr_455,cnt_064,2024-02-11 15:04:00,2747,web,2024-02-12 00:00:00
evt_2631,usr_867,cnt_041,2024-02-11 15:06:00,2008,Mobile,2024-02-12 00:00:00
evt_1306,usr_712,cnt_072,2024-02-11 15:35:00,1732,TABLET,2024-02-12 00:00:00
evt_1249,usr_672,cnt_106,2024-02-11 16:25:00,626,mobile,2024-02-12 00:00:00
evt_1825,usr_249,cnt_045,2024-02-11 16:45:00,1525,smart tv,2024-02-12 00:00:00
evt_0283,usr_637,cnt_045,2024-02-11 17:47:00,1870,MOBILE,2024-02-12 00:00:00
evt_3789,usr_809,cnt_008,2024-02-11 18:13:00,4442,Mobile,2024-02-12 00:00:00
evt_1311,usr_141,cnt_113,2024-02-11 18:47:00,342,MOBILE,2024-02-12 00:00:00
evt_0377,usr_757,cnt_007,2024-02-11 19:40:00,9863,tablet,2024-02-12 00:00:00
evt_3756,usr_867,cnt_045,2024-02-11 20:40:00,2564,smart tv,2024-02-12 00:00:00
evt_3663,usr_274,cnt_041,2024-02-11 21:18:00,1145,Tablet,2024-02-12 00:00:00
evt_4515,usr_547,cnt_084,2024-02-11 21:30:00,8601,smart tv,2024-02-12 00:00:00
evt_4848,usr_540,cnt_035,2024-02-11 21:41:00,440,Smart TV,2024-02-12 00:00:00
evt_4509,usr_890,cnt_004,2024-02-11 21:45:00,2637,web,2024-02-12 00:00:00
evt_1107,usr_503,cnt_002,2024-02-11 21:47:00,9584,Mobile,2024-02-12 00:00:00
evt_2639,usr_888,cnt_087,2024-02-11 22:22:00,905,web,2024-02-12 00:00:00
evt_2006,usr_751,cnt_120,2024-02-11 22:51:00,1114,MOBILE,2024-02-12 00:00:00
evt_4467,usr_238,cnt_090,2024-02-11 23:31:00,1922,MOBILE,2024-02-12 00:00:00
evt_2107,usr_108,cnt_068,2024-02-12 00:07:00,3435,Smart TV,2024-02-13 00:00:00
evt_0079,usr_377,cnt_116,2024-02-12 00:28:00,7945,WEB,2024-02-13 00:00:00
evt_1454,usr_945,cnt_065,2024-02-12 13:06:00,2604,Web,2024-02-13 00:00:00
evt_1743,usr_339,cnt_015,2024-02-12 13:13:00,2529,TABLET,2024-02-13 00:00:00
evt_4892,usr_788,cnt_022,2024-02-12 15:35:00,2539,Web,2024-02-13 00:00:00
evt_3776,usr_129,cnt_116,2024-02-12 15:45:00,5685,tablet,2024-02-13 00:00:00
evt_4304,usr_411,cnt_101,2024-02-12 16:03:00,502,WEB,2024-02-13 00:00:00
evt_3327,usr_793,cnt_115,2024-02-12 16:22:00,6026,MOBILE,2024-02-13 00:00:00
evt_2067,usr_832,cnt_009,2024-02-12 16:47:00,3513,mobile,2024-02-13 00:00:00
evt_4027,usr_192,cnt_112,2024-02-12 17:23:00,966,web,2024-02-13 00:00:00
evt_3817,usr_556,cnt_103,2024-02-12 17:43:00,597,TABLET,2024-02-13 00:00:00
evt_1535,usr_734,cnt_105,2024-02-12 17:45:00,6711,WEB,2024-02-13 00:00:00
evt_0366,usr_133,cnt_008,2024-02-12 17:59:00,8322,MOBILE,2024-02-13 00:00:00
evt_2524,usr_897,cnt_008,2024-02-12 18:08:00,1360,MOBILE,2024-02-13 00:00:00
evt_4938,usr_299,cnt_116,2024-02-12 18:19:00,3485,MOBILE,2024-02-13 00:00:00
evt_3197,usr_136,cnt_088,2024-02-12 18:47:00,1099,Web,2024-02-13 00:00:00
evt_0180,usr_133,cnt_009,2024-02-12 19:17:00,2727,SMART TV,2024-02-13 00:00:00
evt_3026,usr_415,cnt_011,2024-02-12 19:36:00,1717,MOBILE,2024-02-13 00:00:00
evt_1582,usr_293,cnt_104,2024-02-12 19:48:00,6079,WEB,2024-02-13 00:00:00
evt_4324,usr_719,cnt_068,2024-02-12 19:51:00,3824,Mobile,2024-02-13 00:00:00
evt_4788,usr_443,cnt_078,2024-02-12 20:03:00,2483,WEB,2024-02-13 00:00:00
evt_1650,usr_608,cnt_069,2024-02-12 20:25:00,6735,Smart TV,2024-02-13 00:00:00
evt_2297,usr_736,cnt_034,2024-02-12 20:30:00,10382,web,2024-02-13 00:00:00
evt_3361,usr_589,cnt_088,2024-02-12 20:38:00,3164,WEB,2024-02-13 00:00:00
evt_2526,usr_585,cnt_111,2024-02-12 20:50:00,1273,Web,2024-02-13 00:00:00
evt_4893,usr_427,cnt_038,2024-02-12 21:46:00,3672,SMART TV,2024-02-13 00:00:00
evt_0887,usr_501,cnt_003,2024-02-12 22:17:00,6372,MOBILE,2024-02-13 00:00:00
evt_0944,usr_412,cnt_070,2024-02-12 22:24:00,7565,web,2024-02-13 00:00:00
evt_1710,usr_481,cnt_102,2024-02-12 22:42:00,4232,MOBILE,2024-02-13 00:00:00
evt_1603,usr_116,cnt_116,2024-02-12 23:06:00,460,web,2024-02-13 00:00:00
evt_2841,usr_429,cnt_036,2024-02-13 13:14:00,3131,Web,2024-02-14 00:00:00
evt_2965,usr_458,cnt_029,2024-02-13 14:02:00,3681,Mobile,2024-02-14 00:00:00
evt_2833,usr_744,cnt_017,2024-02-13 14:15:00,3280,Web,2024-02-14 00:00:00
evt_0691,usr_712,cnt_065,2024-02-13 14:17:00,1062,Web,2024-02-14 00:00:00
evt_2557,usr_514,cnt_042,2024-02-13 15:35:00,1502,Mobile,2024-02-14 00:00:00
evt_4846,usr_607,cnt_051,2024-02-13 15:51:00,6986,Web,2024-02-14 00:00:00
evt_1602,usr_895,cnt_092,2024-02-13 16:22:00,10462,tablet,2024-02-14 00:00:00
evt_1103,usr_650,cnt_072,2024-02-13 16:55:00,2523,SMART TV,2024-02-14 00:00:00
evt_4680,usr_465,cnt_020,2024-02-13 17:15:00,4895,mobile,2024-02-14 00:00:00
evt_1429,usr_347,cnt_029,2024-02-13 19:13:00,1571,Web,2024-02-14 00:00:00
evt_2709,usr_105,cnt_010,2024-02-13 21:24:00,2978,web,2024-02-14 00:00:00
evt_4440,usr_164,cnt_114,2024-02-13 21:27:00,1533,mobile,2024-02-14 00:00:00
evt_0544,usr_301,cnt_079,2024-02-13 22:04:00,517,Mobile,2024-02-14 00:00:00
evt_1128,usr_185,cnt_091,2024-02-13 22:46:00,6302,web,2024-02-14 00:00:00
evt_2010,usr_657,cnt_037,2024-02-13 23:18:00,2634,TABLET,2024-02-14 00:00:00
evt_0334,usr_425,cnt_024,2024-02-14 00:32:00,3045,mobile,2024-02-15 00:00:00
evt_0325,usr_273,cnt_075,2024-02-14 00:52:00,1924,MOBILE,2024-02-15 00:00:00
evt_4150,usr_313,cnt_101,2024-02-14 13:07:00,7083,web,2024-02-15 00:00:00
evt_1697,usr_563,cnt_041,2024-02-14 13:16:00,3310,Web,2024-02-15 00:00:00
evt_2329,usr_364,cnt_008,2024-02-14 13:51:00,3397,tablet,2024-02-15 00:00:00
evt_1663,usr_117,cnt_025,2024-02-14 13:56:00,2586,TABLET,2024-02-15 00:00:00
evt_1615,usr_811,cnt_120,2024-02-14 14:36:00,6259,SMART TV,2024-02-15 00:00:00
evt_3576,usr_142,cnt_074,2024-02-14 14:40:00,2058,WEB,2024-02-15 00:00:00
evt_4994,usr_871,cnt_079,2024-02-14 14:57:00,636,smart tv,2024-02-15 00:00:00
evt_2154,usr_293,cnt_029,2024-02-14 15:22:00,694,Mobile,2024-02-15 00:00:00
evt_3760,usr_247,cnt_020,2024-02-14 16:00:00,2272,Web,2024-02-15 00:00:00
evt_0684,usr_672,cnt_017,2024-02-14 16:10:00,9407,tablet,2024-02-15 00:00:00
evt_4658,usr_394,cnt_075,2024-02-14 16:11:00,1728,smart tv,2024-02-15 00:00:00
evt_0276,usr_888,cnt_005,2024-02-14 17:25:00,9242,mobile,2024-02-15 00:00:00
evt_4189,usr_139,cnt_092,2024-02-14 17:39:00,3030,WEB,2024-02-15 00:00:00
evt_3651,usr_793,cnt_097,2024-02-14 17:54:00,5106,Tablet,2024-02-15 00:00:00
evt_4701,usr_205,cnt_096,2024-02-14 18:52:00,5164,web,2024-02-15 00:00:00
evt_0752,usr_699,cnt_034,2024-02-14 18:54:00,1435,smart tv,2024-02-15 00:00:00
evt_0253,usr_506,cnt_040,2024-02-14 20:02:00,484,Tablet,2024-02-15 00:00:00
evt_4793,usr_456,cnt_085,2024-02-14 20:10:00,929,Tablet,2024-02-15 00:00:00
evt_4043,usr_504,cnt_040,2024-02-14 20:42:00,6980,Mobile,2024-02-15 00:00:00
evt_0007,usr_226,cnt_031,2024-02-14 21:04:00,6346,tablet,2024-02-15 00:00:00
evt_3768,usr_401,cnt_062,2024-02-14 21:04:00,9392,MOBILE,2024-02-15 00:00:00
evt_0199,usr_368,cnt_083,2024-02-14 21:10:00,2683,tablet,2024-02-15 00:00:00
evt_2299,usr_445,cnt_103,2024-02-14 21:17:00,2066,MOBILE,2024-02-15 00:00:00
evt_4268,usr_789,cnt_088,2024-02-14 21:41:00,10460,mobile,2024-02-15 00:00:00
evt_2179,usr_530,cnt_074,2024-02-14 22:00:00,6231,tablet,2024-02-15 00:00:00
evt_0549,usr_364,cnt_031,2024-02-14 22:44:00,7095,Smart TV,2024-02-15 00:00:00
evt_0379,usr_848,cnt_100,2024-02-14 23:31:00,1543,MOBILE,2024-02-15 00:00:00
evt_1130,usr_558,cnt_053,2024-02-14 23:47:00,2774,MOBILE,2024-02-15 00:00:00
evt_0793,usr_336,cnt_043,2024-02-14 23:48:00,2802,WEB,2024-02-15 00:00:00
evt_4895,usr_782,cnt_045,2024-02-14 23:59:00,1488,smart tv,2024-02-15 00:00:00
evt_2384,usr_298,cnt_001,2024-02-15 00:51:00,3520,Smart TV,2024-02-16 00:00:00
evt_2605,usr_478,cnt_104,2024-02-15 13:08:00,3045,web,2024-02-16 00:00:00
evt_1086,usr_124,cnt_091,2024-02-15 13:26:00,1708,MOBILE,2024-02-16 00:00:00
evt_1541,usr_117,cnt_018,2024-02-15 13:27:00,4144,mobile,2024-02-16 00:00:00
evt_0231,usr_368,cnt_020,2024-02-15 13:35:00,1762,Smart TV,2024-02-16 00:00:00
evt_4891,usr_481,cnt_116,2024-02-15 15:02:00,1314,Web,2024-02-16 00:00:00
evt_2182,usr_773,cnt_080,2024-02-15 15:10:00,6711,mobile,2024-02-16 00:00:00
evt_3178,usr_502,cnt_087,2024-02-15 15:21:00,1487,Mobile,2024-02-16 00:00:00
evt_1152,usr_415,cnt_054,2024-02-15 15:25:00,1935,WEB,2024-02-16 00:00:00
evt_2238,usr_293,cnt_053,2024-02-15 16:57:00,1006,MOBILE,2024-02-16 00:00:00
evt_0654,usr_341,cnt_075,2024-02-15 17:10:00,1331,MOBILE,2024-02-16 00:00:00
evt_2288,usr_748,cnt_017,2024-02-15 17:19:00,2356,tablet,2024-02-16 00:00:00
evt_1158,usr_506,cnt_035,2024-02-15 17:22:00,1571,mobile,2024-02-16 00:00:00
evt_4186,usr_521,cnt_078,2024-02-15 18:02:00,3090,tablet,2024-02-16 00:00:00
evt_4941,usr_252,cnt_096,2024-02-15 18:18:00,2300,Web,2024-02-16 00:00:00
evt_1174,usr_226,cnt_119,2024-02-15 19:18:00,6801,MOBILE,2024-02-16 00:00:00
evt_0613,usr_946,cnt_004,2024-02-15 19:38:00,4251,mobile,2024-02-16 00:00:00
evt_1517,usr_607,cnt_036,2024-02-15 19:49:00,3438,Web,2024-02-16 00:00:00
evt_3285,usr_648,cnt_039,2024-02-15 19:50:00,4572,Mobile,2024-02-16 00:00:00
evt_2656,usr_867,cnt_066,2024-02-15 19:55:00,1789,Mobile,2024-02-16 00:00:00
evt_4353,usr_142,cnt_056,2024-02-15 20:16:00,6100,SMART TV,2024-02-16 00:00:00
evt_2405,usr_879,cnt_047,2024-02-15 22:30:00,2959,Mobile,2024-02-16 00:00:00
evt_4285,usr_780,cnt_079,2024-02-15 22:38:00,7108,TABLET,2024-02-16 00:00:00
evt_3977,usr_117,cnt_100,2024-02-15 22:59:00,2464,TABLET,2024-02-16 00:00:00
evt_2869,usr_744,cnt_111,2024-02-16 00:22:00,3420,MOBILE,2024-02-17 00:00:00
evt_1653,usr_117,cnt_112,2024-02-16 00:28:00,3420,Mobile,2024-02-17 00:00:00
evt_1194,usr_648,cnt_095,2024-02-16 00:59:00,1632,Smart TV,2024-02-17 00:00:00
evt_1946,usr_914,cnt_098,2024-02-16 13:27:00,5746,MOBILE,2024-02-17 00:00:00
evt_1729,usr_872,cnt_087,2024-02-16 13:54:00,5959,MOBILE,2024-02-17 00:00:00
evt_2045,usr_109,cnt_027,2024-02-16 15:23:00,460,MOBILE,2024-02-17 00:00:00
evt_3685,usr_585,cnt_054,2024-02-16 16:12:00,3381,MOBILE,2024-02-17 00:00:00
evt_3277,usr_902,cnt_013,2024-02-16 16:16:00,2583,WEB,2024-02-17 00:00:00
evt_2871,usr_124,cnt_007,2024-02-16 16:27:00,1915,Tablet,2024-02-17 00:00:00
evt_3986,usr_864,cnt_001,2024-02-16 16:31:00,2346,Mobile,2024-02-17 00:00:00
evt_1613,usr_679,cnt_022,2024-02-16 16:40:00,6706,WEB,2024-02-17 00:00:00
evt_3819,usr_672,cnt_054,2024-02-16 16:40:00,1600,Smart TV,2024-02-17 00:00:00
evt_1929,usr_789,cnt_111,2024-02-16 17:03:00,10397,TABLET,2024-02-17 00:00:00
evt_2649,usr_757,cnt_118,2024-02-16 17:08:00,1632,WEB,2024-02-17 00:00:00
evt_4162,usr_558,cnt_078,2024-02-16 17:43:00,1844,smart tv,2024-02-17 00:00:00
evt_2464,usr_139,cnt_117,2024-02-16 18:51:00,4508,smart tv,2024-02-17 00:00:00
evt_1481,usr_938,cnt_026,2024-02-16 19:02:00,2977,MOBILE,2024-02-17 00:00:00
evt_2860,usr_736,cnt_105,2024-02-16 19:19:00,2559,smart tv,2024-02-17 00:00:00
evt_4868,usr_188,cnt_002,2024-02-16 19:19:00,6303,MOBILE,2024-02-17 00:00:00
evt_3608,usr_458,cnt_013,2024-02-16 19:26:00,1933,SMART TV,2024-02-17 00:00:00
evt_2027,usr_455,cnt_063,2024-02-16 20:01:00,624,Smart TV,2024-02-17 00:00:00
evt_3405,usr_133,cnt_084,2024-02-16 20:07:00,6364,SMART TV,2024-02-17 00:00:00
evt_1738,usr_408,cnt_038,2024-02-16 20:27:00,1279,mobile,2024-02-17 00:00:00
evt_0916,usr_408,cnt_098,2024-02-16 20:47:00,6851,TABLET,2024-02-17 00:00:00
evt_0814,usr_683,cnt_063,2024-02-16 21:07:00,1222,mobile,2024-02-17 00:00:00
evt_0434,usr_504,cnt_102,2024-02-16 21:25:00,10373,Tablet,2024-02-17 00:00:00
evt_0521,usr_128,cnt_063,2024-02-16 21:55:00,2904,Smart TV,2024-02-17 00:00:00
evt_3963,usr_946,cnt_010,2024-02-16 23:24:00,4676,MOBILE,2024-02-17 00:00:00
evt_1422,usr_219,cnt_044,2024-02-16 23:51:00,3035,MOBILE,2024-02-17 00:00:00
evt_2470,usr_349,cnt_051,2024-02-17 00:39:00,1528,mobile,2024-02-18 00:00:00
evt_3496,usr_464,cnt_036,2024-02-17 13:43:00,5852,Web,2024-02-18 00:00:00
evt_1824,usr_865,cnt_067,2024-02-17 14:16:00,1246,tablet,2024-02-18 00:00:00
evt_0530,usr_313,cnt_103,2024-02-17 14:44:00,5413,Mobile,2024-02-18 00:00:00
evt_4889,usr_272,cnt_032,2024-02-17 14:53:00,1042,MOBILE,2024-02-18 00:00:00
evt_2153,usr_761,cnt_022,2024-02-17 14:57:00,2725,tablet,2024-02-18 00:00:00
evt_4953,usr_503,cnt_067,2024-02-17 16:07:00,2108,Smart TV,2024-02-18 00:00:00
evt_4845,usr_657,cnt_032,2024-02-17 16:35:00,2287,Mobile,2024-02-18 00:00:00
evt_1294,usr_552,cnt_059,2024-02-17 16:45:00,955,web,2024-02-18 00:00:00
evt_4903,usr_128,cnt_058,2024-02-17 17:25:00,1667,Tablet,2024-02-18 00:00:00
evt_1164,usr_873,cnt_100,2024-02-17 17:32:00,6265,Mobile,2024-02-18 00:00:00
evt_4721,usr_443,cnt_064,2024-02-17 18:22:00,741,smart tv,2024-02-18 00:00:00
evt_4597,usr_139,cnt_119,2024-02-17 18:33:00,9222,mobile,2024-02-18 00:00:00
evt_3903,usr_466,cnt_083,2024-02-17 18:42:00,1757,WEB,2024-02-18 00:00:00
evt_1138,usr_464,cnt_081,2024-02-17 20:08:00,2822,web,2024-02-18 00:00:00
evt_2128,usr_770,cnt_003,2024-02-17 20:18:00,7122,Web,2024-02-18 00:00:00
evt_1966,usr_637,cnt_115,2024-02-17 20:47:00,6906,WEB,2024-02-18 00:00:00
evt_3322,usr_595,cnt_062,2024-02-17 21:03:00,6964,TABLET,2024-02-18 00:00:00
evt_0488,usr_356,cnt_050,2024-02-17 22:07:00,2788,tablet,2024-02-18 00:00:00
evt_1660,usr_781,cnt_001,2024-02-17 22:11:00,1786,WEB,2024-02-18 00:00:00
evt_2459,usr_445,cnt_036,2024-02-17 22:57:00,6521,Web,2024-02-18 00:00:00
evt_1305,usr_563,cnt_029,2024-02-17 23:12:00,987,MOBILE,2024-02-18 00:00:00
evt_0194,usr_218,cnt_024,2024-02-17 23:42:00,3120,tablet,2024-02-18 00:00:00
evt_1511,usr_372,cnt_076,2024-02-18 00:16:00,1715,web,2024-02-19 00:00:00
evt_0323,usr_547,cnt_101,2024-02-18 00:21:00,3380,TABLET,2024-02-19 00:00:00
evt_4616,usr_719,cnt_007,2024-02-18 13:29:00,1751,mobile,2024-02-19 00:00:00
evt_1894,usr_537,cnt_040,2024-02-18 13:32:00,1676,mobile,2024-02-19 00:00:00
evt_2525,usr_458,cnt_105,2024-02-18 13:34:00,4024,web,2024-02-19 00:00:00
evt_4686,usr_696,cnt_063,2024-02-18 14:46:00,3232,tablet,2024-02-19 00:00:00
evt_4238,usr_671,cnt_063,2024-02-18 15:51:00,8672,MOBILE,2024-02-19 00:00:00
evt_2842,usr_411,cnt_070,2024-02-18 16:00:00,1473,MOBILE,2024-02-19 00:00:00
evt_4057,usr_606,cnt_029,2024-02-18 16:06:00,1639,Mobile,2024-02-19 00:00:00
evt_1383,usr_539,cnt_112,2024-02-18 16:44:00,3361,TABLET,2024-02-19 00:00:00
evt_3435,usr_787,cnt_110,2024-02-18 17:29:00,6757,Smart TV,2024-02-19 00:00:00
evt_3241,usr_478,cnt_099,2024-02-18 17:38:00,9276,WEB,2024-02-19 00:00:00
evt_4140,usr_676,cnt_015,2024-02-18 17:43:00,6994,smart tv,2024-02-19 00:00:00
evt_1424,usr_205,cnt_009,2024-02-18 17:59:00,3362,mobile,2024-02-19 00:00:00
evt_2357,usr_277,cnt_029,2024-02-18 18:22:00,3327,web,2024-02-19 00:00:00
evt_1298,usr_751,cnt_036,2024-02-18 20:16:00,6239,TABLET,2024-02-19 00:00:00
evt_2987,usr_932,cnt_088,2024-02-18 20:37:00,3150,tablet,2024-02-19 00:00:00
evt_2688,usr_880,cnt_046,2024-02-18 20:47:00,2539,TABLET,2024-02-19 00:00:00
evt_1554,usr_751,cnt_092,2024-02-18 21:41:00,431,MOBILE,2024-02-19 00:00:00
evt_3597,usr_184,cnt_002,2024-02-18 21:42:00,1230,Smart TV,2024-02-19 00:00:00
evt_0427,usr_514,cnt_050,2024-02-18 21:43:00,2131,mobile,2024-02-19 00:00:00
evt_4322,usr_734,cnt_084,2024-02-18 22:37:00,3280,MOBILE,2024-02-19 00:00:00
evt_1496,usr_560,cnt_022,2024-02-18 22:40:00,1774,Tablet,2024-02-19 00:00:00
evt_4480,usr_406,cnt_098,2024-02-18 22:56:00,2859,TABLET,2024-02-19 00:00:00
evt_3356,usr_498,cnt_091,2024-02-18 23:43:00,2389,mobile,2024-02-19 00:00:00
evt_2682,usr_133,cnt_007,2024-02-19 00:27:00,741,Web,2024-02-20 00:00:00
evt_3238,usr_798,cnt_045,2024-02-19 13:06:00,2670,web,2024-02-20 00:00:00
evt_1029,usr_450,cnt_068,2024-02-19 14:37:00,4667,Smart TV,2024-02-20 00:00:00
evt_1585,usr_700,cnt_102,2024-02-19 15:56:00,1943,Mobile,2024-02-20 00:00:00
evt_4455,usr_351,cnt_034,2024-02-19 17:04:00,6944,web,2024-02-20 00:00:00
evt_0736,usr_546,cnt_051,2024-02-19 18:05:00,9471,smart tv,2024-02-20 00:00:00
evt_1579,usr_678,cnt_100,2024-02-19 18:19:00,786,Mobile,2024-02-20 00:00:00
evt_3882,usr_729,cnt_089,2024-02-19 19:26:00,5259,Mobile,2024-02-20 00:00:00
evt_1865,usr_109,cnt_025,2024-02-19 20:00:00,6382,Web,2024-02-20 00:00:00
evt_2501,usr_543,cnt_032,2024-02-19 20:41:00,3459,mobile,2024-02-20 00:00:00
evt_3396,usr_734,cnt_039,2024-02-19 20:44:00,1511,smart tv,2024-02-20 00:00:00
evt_4265,usr_540,cnt_063,2024-02-19 21:03:00,7555,Mobile,2024-02-20 00:00:00
evt_4688,usr_873,cnt_039,2024-02-19 21:09:00,2644,mobile,2024-02-20 00:00:00
evt_2315,usr_192,cnt_117,2024-02-19 22:33:00,1740,SMART TV,2024-02-20 00:00:00
evt_0788,usr_108,cnt_106,2024-02-19 23:42:00,3791,MOBILE,2024-02-20 00:00:00
evt_0732,usr_832,cnt_071,2024-02-19 23:47:00,3535,MOBILE,2024-02-20 00:00:00
evt_2227,usr_945,cnt_054,2024-02-19 23:57:00,2649,WEB,2024-02-20 00:00:00
evt_1834,usr_475,cnt_091,2024-02-20 00:00:00,1678,mobile,2024-02-21 00:00:00
evt_0838,usr_124,cnt_028,2024-02-20 00:41:00,2983,SMART TV,2024-02-21 00:00:00
evt_3004,usr_408,cnt_025,2024-02-20 00:45:00,1326,MOBILE,2024-02-21 00:00:00
evt_1497,usr_402,cnt_048,2024-02-20 13:02:00,2270,Smart TV,2024-02-21 00:00:00
evt_3550,usr_683,cnt_022,2024-02-20 13:52:00,6024,mobile,2024-02-21 00:00:00
evt_2915,usr_554,cnt_012,2024-02-20 14:33:00,512,smart tv,2024-02-21 00:00:00
evt_1626,usr_744,cnt_051,2024-02-20 15:22:00,4521,MOBILE,2024-02-21 00:00:00
evt_3926,usr_590,cnt_079,2024-02-20 15:23:00,3198,mobile,2024-02-21 00:00:00
evt_4852,usr_650,cnt_062,2024-02-20 15:35:00,2079,web,2024-02-21 00:00:00
evt_4522,usr_285,cnt_002,2024-02-20 15:47:00,2031,Mobile,2024-02-21 00:00:00
evt_1094,usr_527,cnt_069,2024-02-20 15:53:00,4878,Smart TV,2024-02-21 00:00:00
evt_2793,usr_732,cnt_032,2024-02-20 16:20:00,846,mobile,2024-02-21 00:00:00
evt_2578,usr_496,cnt_059,2024-02-20 17:11:00,2303,Smart TV,2024-02-21 00:00:00
evt_2868,usr_576,cnt_080,2024-02-20 17:14:00,3139,MOBILE,2024-02-21 00:00:00
evt_3906,usr_226,cnt_015,2024-02-20 17:26:00,482,MOBILE,2024-02-21 00:00:00
evt_0355,usr_486,cnt_069,2024-02-20 17:46:00,3617,WEB,2024-02-21 00:00:00
evt_3796,usr_782,cnt_006,2024-02-20 18:38:00,5406,mobile,2024-02-21 00:00:00
evt_0009,usr_249,cnt_120,2024-02-20 19:07:00,4220,mobile,2024-02-21 00:00:00
evt_1005,usr_272,cnt_094,2024-02-20 19:37:00,2691,MOBILE,2024-02-21 00:00:00
evt_3985,usr_531,cnt_030,2024-02-20 20:36:00,2139,web,2024-02-21 00:00:00
evt_4466,usr_676,cnt_062,2024-02-20 21:44:00,7915,tablet,2024-02-21 00:00:00
evt_1620,usr_474,cnt_062,2024-02-20 21:49:00,2264,SMART TV,2024-02-21 00:00:00
evt_1156,usr_744,cnt_034,2024-02-20 21:52:00,3363,Mobile,2024-02-21 00:00:00
evt_0399,usr_539,cnt_078,2024-02-20 22:36:00,2214,TABLET,2024-02-21 00:00:00
evt_3309,usr_657,cnt_063,2024-02-20 22:39:00,2583,SMART TV,2024-02-21 00:00:00
evt_2418,usr_712,cnt_051,2024-02-20 22:49:00,3310,mobile,2024-02-21 00:00:00
evt_0245,usr_587,cnt_009,2024-02-20 23:28:00,563,tablet,2024-02-21 00:00:00
evt_4694,usr_273,cnt_025,2024-02-20 23:29:00,7611,TABLET,2024-02-21 00:00:00
evt_3186,usr_793,cnt_058,2024-02-20 23:38:00,4672,MOBILE,2024-02-21 00:00:00
evt_0965,usr_429,cnt_023,2024-02-20 23:54:00,2651,Web,2024-02-21 00:00:00
evt_2853,usr_134,cnt_040,2024-02-20 23:56:00,2746,Web,2024-02-21 00:00:00
evt_4507,usr_273,cnt_083,2024-02-21 00:08:00,2043,TABLET,2024-02-22 00:00:00
evt_3854,usr_478,cnt_004,2024-02-21 00:16:00,8269,Tablet,2024-02-22 00:00:00
evt_4913,usr_523,cnt_079,2024-02-21 00:26:00,9853,WEB,2024-02-22 00:00:00
evt_2545,usr_590,cnt_077,2024-02-21 13:05:00,1732,web,2024-02-22 00:00:00
evt_1301,usr_793,cnt_114,2024-02-21 14:35:00,10245,tablet,2024-02-22 00:00:00
evt_3034,usr_671,cnt_002,2024-02-21 14:44:00,8503,SMART TV,2024-02-22 00:00:00
evt_0254,usr_898,cnt_079,2024-02-21 15:21:00,1768,web,2024-02-22 00:00:00
evt_4320,usr_464,cnt_112,2024-02-21 15:27:00,6027,TABLET,2024-02-22 00:00:00
evt_1316,usr_364,cnt_007,2024-02-21 16:21:00,2141,smart tv,2024-02-22 00:00:00
evt_4417,usr_672,cnt_036,2024-02-21 16:38:00,7131,MOBILE,2024-02-22 00:00:00
evt_2690,usr_829,cnt_045,2024-02-21 17:05:00,6859,MOBILE,2024-02-22 00:00:00
evt_1178,usr_780,cnt_061,2024-02-21 18:08:00,1765,TABLET,2024-02-22 00:00:00
evt_0470,usr_744,cnt_115,2024-02-21 20:05:00,812,WEB,2024-02-22 00:00:00
evt_0885,usr_676,cnt_061,2024-02-21 21:46:00,1679,WEB,2024-02-22 00:00:00
evt_4391,usr_116,cnt_068,2024-02-21 21:46:00,611,WEB,2024-02-22 00:00:00
evt_3787,usr_514,cnt_058,2024-02-21 22:15:00,3107,Web,2024-02-22 00:00:00
evt_0967,usr_466,cnt_055,2024-02-21 22:22:00,7370,Smart TV,2024-02-22 00:00:00
evt_4433,usr_938,cnt_118,2024-02-21 23:42:00,2270,mobile,2024-02-22 00:00:00
evt_4826,usr_683,cnt_043,2024-02-21 23:50:00,4805,Mobile,2024-02-22 00:00:00
evt_0982,usr_517,cnt_095,2024-02-22 00:04:00,453,Mobile,2024-02-23 00:00:00
evt_0966,usr_504,cnt_102,2024-02-22 00:31:00,6471,WEB,2024-02-23 00:00:00
evt_2710,usr_686,cnt_069,2024-02-22 14:37:00,10487,WEB,2024-02-23 00:00:00
evt_0852,usr_272,cnt_069,2024-02-22 14:40:00,2603,WEB,2024-02-23 00:00:00
evt_2138,usr_301,cnt_094,2024-02-22 15:03:00,2221,mobile,2024-02-23 00:00:00
evt_3655,usr_210,cnt_108,2024-02-22 15:07:00,9069,smart tv,2024-02-23 00:00:00
evt_0567,usr_897,cnt_100,2024-02-22 15:21:00,10752,WEB,2024-02-23 00:00:00
evt_0991,usr_472,cnt_064,2024-02-22 15:50:00,5359,MOBILE,2024-02-23 00:00:00
evt_3732,usr_362,cnt_048,2024-02-22 16:52:00,400,smart tv,2024-02-23 00:00:00
evt_3483,usr_141,cnt_028,2024-02-22 17:19:00,1927,smart tv,2024-02-23 00:00:00
evt_0775,usr_595,cnt_112,2024-02-22 17:27:00,10711,WEB,2024-02-23 00:00:00
evt_0195,usr_757,cnt_028,2024-02-22 17:48:00,1741,Mobile,2024-02-23 00:00:00
evt_4412,usr_776,cnt_031,2024-02-22 18:01:00,529,smart tv,2024-02-23 00:00:00
evt_1575,usr_732,cnt_114,2024-02-22 18:24:00,1114,Tablet,2024-02-23 00:00:00
evt_2014,usr_105,cnt_119,2024-02-22 19:31:00,627,mobile,2024-02-23 00:00:00
evt_4430,usr_744,cnt_033,2024-02-22 19:40:00,1655,Mobile,2024-02-23 00:00:00
evt_3738,usr_558,cnt_080,2024-02-22 20:29:00,528,MOBILE,2024-02-23 00:00:00
evt_1421,usr_623,cnt_042,2024-02-22 20:37:00,3960,MOBILE,2024-02-23 00:00:00
evt_4255,usr_491,cnt_023,2024-02-22 22:03:00,1068,Smart TV,2024-02-23 00:00:00
evt_4443,usr_736,cnt_068,2024-02-22 22:49:00,6123,tablet,2024-02-23 00:00:00
evt_1644,usr_393,cnt_067,2024-02-22 23:40:00,2246,SMART TV,2024-02-23 00:00:00
evt_0507,usr_678,cnt_026,2024-02-22 23:56:00,5494,smart tv,2024-02-23 00:00:00
evt_2367,usr_543,cnt_096,2024-02-23 00:02:00,1863,Web,2024-02-24 00:00:00
evt_0812,usr_472,cnt_096,2024-02-23 00:25:00,3052,mobile,2024-02-24 00:00:00
evt_0834,usr_719,cnt_106,2024-02-23 00:59:00,4466,MOBILE,2024-02-24 00:00:00
evt_2310,usr_517,cnt_076,2024-02-23 14:33:00,3484,SMART TV,2024-02-24 00:00:00
evt_4055,usr_517,cnt_065,2024-02-23 15:02:00,7011,web,2024-02-24 00:00:00
evt_0665,usr_791,cnt_003,2024-02-23 15:24:00,2667,SMART TV,2024-02-24 00:00:00
evt_1551,usr_496,cnt_053,2024-02-23 16:26:00,5908,SMART TV,2024-02-24 00:00:00
evt_2519,usr_540,cnt_069,2024-02-23 18:12:00,2960,tablet,2024-02-24 00:00:00
evt_2031,usr_767,cnt_054,2024-02-23 19:08:00,5156,TABLET,2024-02-24 00:00:00
evt_3282,usr_368,cnt_014,2024-02-23 19:12:00,3113,Tablet,2024-02-24 00:00:00
evt_2624,usr_411,cnt_054,2024-02-23 19:16:00,1611,TABLET,2024-02-24 00:00:00
evt_1731,usr_798,cnt_051,2024-02-23 19:20:00,3182,Mobile,2024-02-24 00:00:00
evt_4505,usr_590,cnt_083,2024-02-23 19:22:00,6621,mobile,2024-02-24 00:00:00
evt_0241,usr_539,cnt_099,2024-02-23 20:19:00,1248,WEB,2024-02-24 00:00:00
evt_0676,usr_280,cnt_004,2024-02-23 20:41:00,597,Mobile,2024-02-24 00:00:00
evt_4494,usr_362,cnt_062,2024-02-23 21:45:00,2662,mobile,2024-02-24 00:00:00
evt_2157,usr_607,cnt_089,2024-02-23 22:12:00,4328,mobile,2024-02-24 00:00:00
evt_2262,usr_608,cnt_088,2024-02-23 22:24:00,2156,SMART TV,2024-02-24 00:00:00
evt_0110,usr_613,cnt_084,2024-02-23 22:26:00,1624,Smart TV,2024-02-24 00:00:00
evt_3780,usr_302,cnt_019,2024-02-23 22:44:00,4542,SMART TV,2024-02-24 00:00:00
evt_0565,usr_506,cnt_074,2024-02-23 23:05:00,10216,web,2024-02-24 00:00:00
evt_0430,usr_427,cnt_118,2024-02-23 23:31:00,3417,Smart TV,2024-02-24 00:00:00
evt_2636,usr_618,cnt_015,2024-02-23 23:52:00,9489,MOBILE,2024-02-24 00:00:00
evt_1833,usr_554,cnt_084,2024-02-24 00:08:00,9452,SMART TV,2024-02-25 00:00:00
evt_1655,usr_938,cnt_079,2024-02-24 00:26:00,6498,WEB,2024-02-25 00:00:00
evt_4173,usr_156,cnt_101,2024-02-24 00:37:00,6972,Smart TV,2024-02-25 00:00:00
evt_1677,usr_798,cnt_120,2024-02-24 00:42:00,2914,mobile,2024-02-25 00:00:00
evt_2900,usr_650,cnt_051,2024-02-24 13:12:00,877,Web,2024-02-25 00:00:00
evt_0483,usr_798,cnt_082,2024-02-24 13:40:00,2653,Tablet,2024-02-25 00:00:00
evt_2918,usr_788,cnt_068,2024-02-24 14:01:00,5151,Mobile,2024-02-25 00:00:00
evt_1576,usr_456,cnt_096,2024-02-24 14:11:00,747,TABLET,2024-02-25 00:00:00
evt_3561,usr_554,cnt_074,2024-02-24 14:27:00,8119,Smart TV,2024-02-25 00:00:00
evt_2046,usr_517,cnt_087,2024-02-24 15:26:00,504,Mobile,2024-02-25 00:00:00
evt_2601,usr_938,cnt_058,2024-02-24 15:32:00,4157,Web,2024-02-25 00:00:00
evt_3350,usr_585,cnt_085,2024-02-24 16:23:00,3481,TABLET,2024-02-25 00:00:00
evt_1410,usr_139,cnt_062,2024-02-24 16:42:00,1272,MOBILE,2024-02-25 00:00:00
evt_2468,usr_285,cnt_098,2024-02-24 16:42:00,595,mobile,2024-02-25 00:00:00
evt_2895,usr_252,cnt_043,2024-02-24 16:49:00,1261,Mobile,2024-02-25 00:00:00
evt_4253,usr_898,cnt_108,2024-02-24 16:51:00,6335,MOBILE,2024-02-25 00:00:00
evt_4272,usr_583,cnt_068,2024-02-24 17:35:00,1517,Tablet,2024-02-25 00:00:00
evt_2780,usr_606,cnt_069,2024-02-24 17:49:00,4888,WEB,2024-02-25 00:00:00
evt_1320,usr_288,cnt_020,2024-02-24 17:53:00,10779,Tablet,2024-02-25 00:00:00
evt_4020,usr_678,cnt_020,2024-02-24 18:31:00,5947,mobile,2024-02-25 00:00:00
evt_0937,usr_133,cnt_082,2024-02-24 18:36:00,3511,smart tv,2024-02-25 00:00:00
evt_1315,usr_402,cnt_040,2024-02-24 19:09:00,8460,SMART TV,2024-02-25 00:00:00
evt_2291,usr_372,cnt_075,2024-02-24 19:21:00,7595,Web,2024-02-25 00:00:00
evt_2505,usr_454,cnt_027,2024-02-24 19:54:00,1224,SMART TV,2024-02-25 00:00:00
evt_2790,usr_521,cnt_011,2024-02-24 19:58:00,7187,mobile,2024-02-25 00:00:00
evt_4992,usr_719,cnt_056,2024-02-24 20:03:00,7045,SMART TV,2024-02-25 00:00:00
evt_3852,usr_696,cnt_117,2024-02-24 20:31:00,1929,Mobile,2024-02-25 00:00:00
evt_3274,usr_145,cnt_075,2024-02-24 21:26:00,6938,web,2024-02-25 00:00:00
evt_3783,usr_161,cnt_082,2024-02-24 21:35:00,4293,Web,2024-02-25 00:00:00
evt_1188,usr_331,cnt_109,2024-02-24 22:19:00,5125,WEB,2024-02-25 00:00:00
evt_2769,usr_748,cnt_060,2024-02-24 22:42:00,2121,Smart TV,2024-02-25 00:00:00
evt_2412,usr_298,cnt_035,2024-02-24 23:18:00,1141,Web,2024-02-25 00:00:00
evt_4327,usr_105,cnt_086,2024-02-24 23:19:00,6136,tablet,2024-02-25 00:00:00
evt_4308,usr_798,cnt_066,2024-02-24 23:49:00,1920,SMART TV,2024-02-25 00:00:00
evt_1878,usr_133,cnt_027,2024-02-25 00:09:00,7164,Web,2024-02-26 00:00:00
evt_4571,usr_184,cnt_081,2024-02-25 00:52:00,1289,SMART TV,2024-02-26 00:00:00
evt_2622,usr_454,cnt_094,2024-02-25 13:18:00,1952,Mobile,2024-02-26 00:00:00
evt_3420,usr_729,cnt_072,2024-02-25 13:20:00,4086,Web,2024-02-26 00:00:00
evt_4739,usr_496,cnt_071,2024-02-25 13:26:00,5954,WEB,2024-02-26 00:00:00
evt_3477,usr_486,cnt_105,2024-02-25 14:05:00,6861,SMART TV,2024-02-26 00:00:00
evt_1816,usr_394,cnt_002,2024-02-25 15:40:00,1012,Mobile,2024-02-26 00:00:00
evt_3658,usr_504,cnt_068,2024-02-25 15:56:00,3217,Mobile,2024-02-26 00:00:00
evt_1562,usr_285,cnt_027,2024-02-25 16:48:00,8581,MOBILE,2024-02-26 00:00:00
evt_1922,usr_389,cnt_014,2024-02-25 16:56:00,320,Mobile,2024-02-26 00:00:00
evt_2594,usr_631,cnt_098,2024-02-25 17:50:00,1657,SMART TV,2024-02-26 00:00:00
evt_1003,usr_301,cnt_006,2024-02-25 17:52:00,2005,TABLET,2024-02-26 00:00:00
evt_1223,usr_902,cnt_120,2024-02-25 18:01:00,581,SMART TV,2024-02-26 00:00:00
evt_4809,usr_249,cnt_119,2024-02-25 18:19:00,9244,WEB,2024-02-26 00:00:00
evt_3313,usr_613,cnt_033,2024-02-25 18:28:00,3020,Mobile,2024-02-26 00:00:00
evt_0057,usr_291,cnt_068,2024-02-25 19:26:00,2896,MOBILE,2024-02-26 00:00:00
evt_2513,usr_671,cnt_083,2024-02-25 20:19:00,1238,MOBILE,2024-02-26 00:00:00
evt_3029,usr_527,cnt_060,2024-02-25 20:35:00,2526,tablet,2024-02-26 00:00:00
evt_2670,usr_608,cnt_098,2024-02-25 21:16:00,3335,Smart TV,2024-02-26 00:00:00
evt_4942,usr_552,cnt_026,2024-02-25 21:27:00,6393,smart tv,2024-02-26 00:00:00
evt_3342,usr_145,cnt_017,2024-02-25 21:28:00,2681,web,2024-02-26 00:00:00
evt_3488,usr_277,cnt_009,2024-02-25 21:30:00,4055,MOBILE,2024-02-26 00:00:00
evt_2277,usr_145,cnt_002,2024-02-25 22:02:00,4350,mobile,2024-02-26 00:00:00
evt_1208,usr_820,cnt_026,2024-02-25 22:32:00,1201,Mobile,2024-02-26 00:00:00
evt_0529,usr_464,cnt_115,2024-02-25 22:40:00,1991,WEB,2024-02-26 00:00:00
evt_1654,usr_247,cnt_092,2024-02-25 22:41:00,1493,MOBILE,2024-02-26 00:00:00
evt_3860,usr_789,cnt_007,2024-02-25 23:47:00,3250,Mobile,2024-02-26 00:00:00
evt_1629,usr_372,cnt_076,2024-02-26 00:14:00,7831,smart tv,2024-02-27 00:00:00
evt_4261,usr_285,cnt_105,2024-02-26 00:33:00,2480,Web,2024-02-27 00:00:00
evt_0353,usr_939,cnt_101,2024-02-26 00:47:00,1612,Web,2024-02-27 00:00:00
evt_2118,usr_274,cnt_009,2024-02-26 13:00:00,6482,mobile,2024-02-27 00:00:00
evt_2441,usr_631,cnt_077,2024-02-26 13:01:00,1934,Smart TV,2024-02-27 00:00:00
evt_2083,usr_475,cnt_023,2024-02-26 13:16:00,1173,TABLET,2024-02-27 00:00:00
evt_0555,usr_751,cnt_115,2024-02-26 14:30:00,1498,Smart TV,2024-02-27 00:00:00
evt_4587,usr_914,cnt_081,2024-02-26 15:14:00,418,Web,2024-02-27 00:00:00
evt_4376,usr_408,cnt_088,2024-02-26 15:17:00,4185,TABLET,2024-02-27 00:00:00
evt_2870,usr_552,cnt_115,2024-02-26 16:01:00,1285,SMART TV,2024-02-27 00:00:00
evt_1873,usr_219,cnt_115,2024-02-26 18:14:00,564,mobile,2024-02-27 00:00:00
evt_0984,usr_898,cnt_017,2024-02-26 18:24:00,1226,TABLET,2024-02-27 00:00:00
evt_2456,usr_587,cnt_050,2024-02-26 18:31:00,1602,SMART TV,2024-02-27 00:00:00
evt_2858,usr_945,cnt_005,2024-02-26 19:50:00,3434,MOBILE,2024-02-27 00:00:00
evt_0581,usr_188,cnt_080,2024-02-26 20:22:00,2836,Mobile,2024-02-27 00:00:00
evt_2197,usr_164,cnt_100,2024-02-26 20:34:00,2572,SMART TV,2024-02-27 00:00:00
evt_4914,usr_787,cnt_031,2024-02-26 20:51:00,478,Tablet,2024-02-27 00:00:00
evt_1236,usr_683,cnt_017,2024-02-26 21:08:00,3673,MOBILE,2024-02-27 00:00:00
evt_3140,usr_543,cnt_020,2024-02-26 21:24:00,5187,WEB,2024-02-27 00:00:00
evt_0391,usr_554,cnt_051,2024-02-26 22:08:00,410,MOBILE,2024-02-27 00:00:00
evt_0998,usr_133,cnt_053,2024-02-26 23:09:00,3539,Web,2024-02-27 00:00:00
evt_3842,usr_108,cnt_030,2024-02-26 23:12:00,3546,Web,2024-02-27 00:00:00
evt_0284,usr_627,cnt_028,2024-02-26 23:14:00,2346,SMART TV,2024-02-27 00:00:00
evt_2344,usr_676,cnt_019,2024-02-26 23:30:00,543,mobile,2024-02-27 00:00:00
evt_2457,usr_133,cnt_013,2024-02-26 23:39:00,5052,MOBILE,2024-02-27 00:00:00
evt_0301,usr_673,cnt_030,2024-02-27 00:08:00,732,web,2024-02-28 00:00:00
evt_4281,usr_226,cnt_058,2024-02-27 00:51:00,2941,Mobile,2024-02-28 00:00:00
evt_1948,usr_389,cnt_069,2024-02-27 00:54:00,7448,mobile,2024-02-28 00:00:00
evt_1594,usr_729,cnt_097,2024-02-27 13:00:00,1667,Mobile,2024-02-28 00:00:00
evt_1815,usr_539,cnt_048,2024-02-27 13:00:00,6755,Smart TV,2024-02-28 00:00:00
evt_3824,usr_864,cnt_052,2024-02-27 13:12:00,3568,Mobile,2024-02-28 00:00:00
evt_0148,usr_696,cnt_094,2024-02-27 13:48:00,2722,mobile,2024-02-28 00:00:00
evt_3918,usr_205,cnt_032,2024-02-27 14:46:00,9418,MOBILE,2024-02-28 00:00:00
evt_1078,usr_767,cnt_057,2024-02-27 15:18:00,831,MOBILE,2024-02-28 00:00:00
evt_4776,usr_219,cnt_056,2024-02-27 15:39:00,6405,TABLET,2024-02-28 00:00:00
evt_4689,usr_848,cnt_068,2024-02-27 16:33:00,10096,MOBILE,2024-02-28 00:00:00
evt_4864,usr_427,cnt_073,2024-02-27 16:41:00,1769,mobile,2024-02-28 00:00:00
evt_4770,usr_347,cnt_082,2024-02-27 16:59:00,3577,MOBILE,2024-02-28 00:00:00
evt_1237,usr_784,cnt_032,2024-02-27 17:11:00,5692,TABLET,2024-02-28 00:00:00
evt_0168,usr_240,cnt_090,2024-02-27 17:43:00,1629,tablet,2024-02-28 00:00:00
evt_3353,usr_293,cnt_030,2024-02-27 19:35:00,4987,TABLET,2024-02-28 00:00:00
evt_2462,usr_406,cnt_012,2024-02-27 19:42:00,1447,MOBILE,2024-02-28 00:00:00
evt_4184,usr_332,cnt_046,2024-02-27 20:31:00,2548,Tablet,2024-02-28 00:00:00
evt_4753,usr_618,cnt_036,2024-02-27 22:18:00,9556,MOBILE,2024-02-28 00:00:00
evt_2798,usr_136,cnt_006,2024-02-27 23:10:00,2718,Tablet,2024-02-28 00:00:00
evt_1038,usr_502,cnt_065,2024-02-27 23:22:00,1183,mobile,2024-02-28 00:00:00
evt_4457,usr_773,cnt_062,2024-02-28 00:22:00,8651,Smart TV,2024-02-29 00:00:00
evt_4497,usr_609,cnt_028,2024-02-28 00:57:00,3349,Smart TV,2024-02-29 00:00:00
evt_3392,usr_757,cnt_068,2024-02-28 13:09:00,2223,Tablet,2024-02-29 00:00:00
evt_1058,usr_623,cnt_092,2024-02-28 13:45:00,2554,mobile,2024-02-29 00:00:00
evt_3132,usr_787,cnt_052,2024-02-28 14:29:00,2913,mobile,2024-02-29 00:00:00
evt_0395,usr_794,cnt_088,2024-02-28 14:46:00,852,SMART TV,2024-02-29 00:00:00
evt_0278,usr_142,cnt_013,2024-02-28 15:19:00,5207,Mobile,2024-02-29 00:00:00
evt_2368,usr_402,cnt_021,2024-02-28 16:11:00,914,MOBILE,2024-02-29 00:00:00
evt_4621,usr_272,cnt_099,2024-02-28 16:23:00,5854,MOBILE,2024-02-29 00:00:00
evt_0170,usr_368,cnt_006,2024-02-28 16:57:00,6381,Web,2024-02-29 00:00:00
evt_4465,usr_351,cnt_101,2024-02-28 17:36:00,1831,mobile,2024-02-29 00:00:00
evt_0860,usr_430,cnt_119,2024-02-28 17:40:00,6330,web,2024-02-29 00:00:00
evt_0386,usr_946,cnt_090,2024-02-28 18:26:00,1539,MOBILE,2024-02-29 00:00:00
evt_1296,usr_210,cnt_050,2024-02-28 18:58:00,1683,Web,2024-02-29 00:00:00
evt_3744,usr_946,cnt_097,2024-02-28 19:31:00,7050,web,2024-02-29 00:00:00
evt_4810,usr_142,cnt_103,2024-02-28 19:32:00,8460,Mobile,2024-02-29 00:00:00
evt_3934,usr_205,cnt_071,2024-02-28 21:16:00,805,MOBILE,2024-02-29 00:00:00
evt_4330,usr_696,cnt_042,2024-02-28 21:57:00,1634,Web,2024-02-29 00:00:00
evt_2032,usr_503,cnt_075,2024-02-28 22:20:00,6373,Mobile,2024-02-29 00:00:00
evt_1791,usr_412,cnt_038,2024-02-28 23:09:00,3418,Smart TV,2024-02-29 00:00:00
evt_2951,usr_842,cnt_074,2024-02-28 23:11:00,4222,smart tv,2024-02-29 00:00:00
evt_3945,usr_781,cnt_023,2024-02-28 23:21:00,1711,TABLET,2024-02-29 00:00:00
evt_3539,usr_686,cnt_117,2024-02-28 23:56:00,2292,Mobile,2024-02-29 00:00:00
evt_2573,usr_820,cnt_110,2024-02-28 23:59:00,4310,Mobile,2024-02-29 00:00:00
evt_3529,usr_583,cnt_084,2024-02-29 00:43:00,10165,Mobile,2024-03-01 00:00:00
evt_1384,usr_390,cnt_102,2024-02-29 00:54:00,2673,Tablet,2024-03-01 00:00:00
evt_2644,usr_429,cnt_041,2024-02-29 14:20:00,1097,Smart TV,2024-03-01 00:00:00
evt_4543,usr_501,cnt_001,2024-02-29 14:20:00,1395,Web,2024-03-01 00:00:00
evt_2041,usr_139,cnt_112,2024-02-29 14:39:00,371,Mobile,2024-03-01 00:00:00
evt_2916,usr_412,cnt_091,2024-02-29 15:20:00,1974,TABLET,2024-03-01 00:00:00
evt_2879,usr_332,cnt_103,2024-02-29 15:32:00,1593,Smart TV,2024-03-01 00:00:00
evt_3566,usr_232,cnt_048,2024-02-29 15:45:00,2243,MOBILE,2024-03-01 00:00:00
evt_2038,usr_136,cnt_094,2024-02-29 16:25:00,6682,MOBILE,2024-03-01 00:00:00
evt_1721,usr_109,cnt_014,2024-02-29 16:30:00,1773,Mobile,2024-03-01 00:00:00
evt_4695,usr_699,cnt_119,2024-02-29 16:45:00,3330,WEB,2024-03-01 00:00:00
evt_1512,usr_842,cnt_006,2024-02-29 16:47:00,7089,mobile,2024-03-01 00:00:00
evt_0773,usr_607,cnt_027,2024-02-29 17:42:00,1786,Mobile,2024-03-01 00:00:00
evt_0022,usr_389,cnt_050,2024-02-29 19:02:00,9162,SMART TV,2024-03-01 00:00:00
evt_2063,usr_608,cnt_066,2024-02-29 20:52:00,1646,MOBILE,2024-03-01 00:00:00
evt_1142,usr_540,cnt_119,2024-02-29 21:06:00,3244,MOBILE,2024-03-01 00:00:00
evt_4132,usr_781,cnt_114,2024-02-29 21:07:00,496,Mobile,2024-03-01 00:00:00
evt_0080,usr_440,cnt_058,2024-02-29 21:15:00,4589,Web,2024-03-01 00:00:00
evt_4287,usr_945,cnt_119,2024-02-29 21:26:00,4938,SMART TV,2024-03-01 00:00:00
evt_0133,usr_492,cnt_074,2024-02-29 21:47:00,9423,mobile,2024-03-01 00:00:00
evt_3891,usr_591,cnt_082,2024-02-29 22:04:00,3590,Tablet,2024-03-01 00:00:00
evt_3853,usr_389,cnt_089,2024-02-29 22:06:00,1793,MOBILE,2024-03-01 00:00:00
evt_1707,usr_671,cnt_095,2024-02-29 22:28:00,3031,mobile,2024-03-01 00:00:00
evt_0514,usr_794,cnt_064,2024-03-01 00:32:00,6274,TABLET,2024-03-02 00:00:00
evt_0700,usr_301,cnt_044,2024-03-01 00:37:00,2457,SMART TV,2024-03-02 00:00:00
evt_1509,usr_920,cnt_071,2024-03-01 13:27:00,3091,MOBILE,2024-03-02 00:00:00
evt_1882,usr_784,cnt_106,2024-03-01 13:31:00,10578,SMART TV,2024-03-02 00:00:00
evt_3331,usr_393,cnt_073,2024-03-01 13:58:00,1009,Tablet,2024-03-02 00:00:00
evt_2596,usr_623,cnt_023,2024-03-01 14:15:00,6861,Tablet,2024-03-02 00:00:00
evt_3927,usr_406,cnt_069,2024-03-01 14:51:00,7889,mobile,2024-03-02 00:00:00
evt_1026,usr_811,cnt_104,2024-03-01 14:57:00,656,mobile,2024-03-02 00:00:00
evt_3454,usr_589,cnt_022,2024-03-01 17:11:00,1412,WEB,2024-03-02 00:00:00
evt_0640,usr_401,cnt_012,2024-03-01 17:13:00,5598,mobile,2024-03-02 00:00:00
evt_0239,usr_539,cnt_017,2024-03-01 17:16:00,3109,mobile,2024-03-02 00:00:00
evt_2940,usr_872,cnt_092,2024-03-01 17:42:00,10431,MOBILE,2024-03-02 00:00:00
evt_1633,usr_248,cnt_075,2024-03-01 17:50:00,1852,Mobile,2024-03-02 00:00:00
evt_3954,usr_454,cnt_098,2024-03-01 18:14:00,6056,tablet,2024-03-02 00:00:00
evt_1106,usr_415,cnt_084,2024-03-01 18:29:00,3478,mobile,2024-03-02 00:00:00
evt_1271,usr_711,cnt_116,2024-03-01 18:34:00,8635,smart tv,2024-03-02 00:00:00
evt_3709,usr_530,cnt_008,2024-03-01 18:51:00,1604,Tablet,2024-03-02 00:00:00
evt_3421,usr_748,cnt_030,2024-03-01 18:53:00,978,Web,2024-03-02 00:00:00
evt_4582,usr_178,cnt_061,2024-03-01 18:55:00,2773,Mobile,2024-03-02 00:00:00
evt_2864,usr_401,cnt_060,2024-03-01 19:20:00,4661,mobile,2024-03-02 00:00:00
evt_4944,usr_105,cnt_089,2024-03-01 19:30:00,2020,Mobile,2024-03-02 00:00:00
evt_3129,usr_627,cnt_097,2024-03-01 19:31:00,2344,TABLET,2024-03-02 00:00:00
evt_4506,usr_607,cnt_013,2024-03-01 19:31:00,6110,SMART TV,2024-03-02 00:00:00
evt_1612,usr_139,cnt_064,2024-03-01 19:33:00,1563,MOBILE,2024-03-02 00:00:00
evt_4566,usr_415,cnt_083,2024-03-01 20:58:00,1228,mobile,2024-03-02 00:00:00
evt_0456,usr_879,cnt_039,2024-03-01 21:17:00,6241,smart tv,2024-03-02 00:00:00
evt_1349,usr_178,cnt_019,2024-03-01 21:31:00,6106,Web,2024-03-02 00:00:00
evt_3357,usr_914,cnt_086,2024-03-01 21:35:00,3333,WEB,2024-03-02 00:00:00
evt_4166,usr_185,cnt_052,2024-03-01 22:09:00,2684,Web,2024-03-02 00:00:00
evt_3494,usr_872,cnt_025,2024-03-01 22:11:00,1217,MOBILE,2024-03-02 00:00:00
evt_2351,usr_284,cnt_020,2024-03-01 22:25:00,6938,SMART TV,2024-03-02 00:00:00
evt_2852,usr_339,cnt_058,2024-03-01 23:27:00,7407,mobile,2024-03-02 00:00:00
evt_4676,usr_341,cnt_033,2024-03-02 13:03:00,1117,Mobile,2024-03-03 00:00:00
evt_3478,usr_372,cnt_021,2024-03-02 13:52:00,1184,SMART TV,2024-03-03 00:00:00
evt_4014,usr_784,cnt_062,2024-03-02 13:55:00,2287,Mobile,2024-03-03 00:00:00
evt_1179,usr_475,cnt_057,2024-03-02 15:29:00,1324,web,2024-03-03 00:00:00
evt_0825,usr_433,cnt_070,2024-03-02 16:13:00,9562,Mobile,2024-03-03 00:00:00
evt_1428,usr_607,cnt_056,2024-03-02 16:14:00,1566,Tablet,2024-03-03 00:00:00
evt_2461,usr_150,cnt_059,2024-03-02 16:28:00,859,Mobile,2024-03-03 00:00:00
evt_4469,usr_496,cnt_084,2024-03-02 16:32:00,1797,MOBILE,2024-03-03 00:00:00
evt_4416,usr_406,cnt_044,2024-03-02 16:36:00,6144,Tablet,2024-03-03 00:00:00
evt_2377,usr_291,cnt_051,2024-03-02 17:11:00,4048,Smart TV,2024-03-03 00:00:00
evt_2936,usr_734,cnt_011,2024-03-02 17:36:00,2009,mobile,2024-03-03 00:00:00
evt_3832,usr_332,cnt_104,2024-03-02 17:54:00,7873,MOBILE,2024-03-03 00:00:00
evt_0113,usr_932,cnt_041,2024-03-02 20:07:00,847,Mobile,2024-03-03 00:00:00
evt_1475,usr_394,cnt_027,2024-03-02 20:09:00,1740,smart tv,2024-03-03 00:00:00
evt_4454,usr_252,cnt_096,2024-03-02 20:16:00,2380,mobile,2024-03-03 00:00:00
evt_4163,usr_280,cnt_103,2024-03-02 20:40:00,10039,WEB,2024-03-03 00:00:00
evt_4075,usr_327,cnt_067,2024-03-02 20:53:00,2972,SMART TV,2024-03-03 00:00:00
evt_3130,usr_797,cnt_019,2024-03-02 21:01:00,2557,Mobile,2024-03-03 00:00:00
evt_2137,usr_139,cnt_004,2024-03-02 21:16:00,7720,web,2024-03-03 00:00:00
evt_2436,usr_475,cnt_010,2024-03-02 21:50:00,7090,Mobile,2024-03-03 00:00:00
evt_2472,usr_895,cnt_088,2024-03-02 22:11:00,9889,Smart TV,2024-03-03 00:00:00
evt_0718,usr_496,cnt_026,2024-03-02 22:37:00,3519,mobile,2024-03-03 00:00:00
evt_4085,usr_613,cnt_015,2024-03-02 23:01:00,9923,Mobile,2024-03-03 00:00:00
evt_2583,usr_149,cnt_019,2024-03-02 23:22:00,1619,Mobile,2024-03-03 00:00:00
evt_3822,usr_736,cnt_045,2024-03-02 23:37:00,1888,mobile,2024-03-03 00:00:00
evt_4854,usr_782,cnt_083,2024-03-03 00:16:00,5558,tablet,2024-03-04 00:00:00
evt_4663,usr_751,cnt_027,2024-03-03 00:23:00,3604,WEB,2024-03-04 00:00:00
evt_1163,usr_671,cnt_070,2024-03-03 00:51:00,6874,TABLET,2024-03-04 00:00:00
evt_4017,usr_678,cnt_101,2024-03-03 00:58:00,2690,WEB,2024-03-04 00:00:00
evt_1269,usr_523,cnt_038,2024-03-03 13:54:00,3479,smart tv,2024-03-04 00:00:00
evt_0446,usr_351,cnt_032,2024-03-03 14:17:00,3733,Tablet,2024-03-04 00:00:00
evt_4520,usr_377,cnt_051,2024-03-03 14:48:00,3475,MOBILE,2024-03-04 00:00:00
evt_1881,usr_729,cnt_111,2024-03-03 14:54:00,1969,Smart TV,2024-03-04 00:00:00
evt_0235,usr_630,cnt_070,2024-03-03 15:00:00,1597,smart tv,2024-03-04 00:00:00
evt_3079,usr_331,cnt_093,2024-03-03 15:00:00,1335,mobile,2024-03-04 00:00:00
evt_1465,usr_635,cnt_011,2024-03-03 15:39:00,1771,smart tv,2024-03-04 00:00:00
evt_1962,usr_503,cnt_056,2024-03-03 16:11:00,7109,smart tv,2024-03-04 00:00:00
evt_3924,usr_556,cnt_074,2024-03-03 17:56:00,6022,smart tv,2024-03-04 00:00:00
evt_1524,usr_871,cnt_026,2024-03-03 18:02:00,2961,Tablet,2024-03-04 00:00:00
evt_1836,usr_528,cnt_014,2024-03-03 18:45:00,697,mobile,2024-03-04 00:00:00
evt_3153,usr_116,cnt_114,2024-03-03 18:45:00,2113,Web,2024-03-04 00:00:00
evt_1101,usr_606,cnt_065,2024-03-03 19:01:00,6053,TABLET,2024-03-04 00:00:00
evt_0193,usr_427,cnt_095,2024-03-03 21:11:00,2155,Tablet,2024-03-04 00:00:00
evt_3548,usr_864,cnt_024,2024-03-03 22:41:00,1732,Mobile,2024-03-04 00:00:00
evt_0449,usr_820,cnt_007,2024-03-03 22:59:00,3112,Mobile,2024-03-04 00:00:00
evt_1717,usr_164,cnt_098,2024-03-03 23:26:00,10116,smart tv,2024-03-04 00:00:00
evt_3841,usr_608,cnt_022,2024-03-03 23:42:00,2917,MOBILE,2024-03-04 00:00:00
evt_2248,usr_464,cnt_047,2024-03-03 23:59:00,305,TABLET,2024-03-04 00:00:00
evt_3641,usr_238,cnt_003,2024-03-03 23:59:00,10260,Web,2024-03-04 00:00:00
evt_2663,usr_780,cnt_037,2024-03-04 00:35:00,3071,Mobile,2024-03-05 00:00:00
evt_2992,usr_232,cnt_096,2024-03-04 00:53:00,1471,Smart TV,2024-03-05 00:00:00
evt_3565,usr_926,cnt_020,2024-03-04 13:01:00,10144,MOBILE,2024-03-05 00:00:00
evt_0138,usr_729,cnt_042,2024-03-04 13:16:00,8187,MOBILE,2024-03-05 00:00:00
evt_1507,usr_744,cnt_072,2024-03-04 14:21:00,2258,web,2024-03-05 00:00:00
evt_4310,usr_164,cnt_073,2024-03-04 14:24:00,1602,Mobile,2024-03-05 00:00:00
evt_3746,usr_341,cnt_087,2024-03-04 14:26:00,5441,web,2024-03-05 00:00:00
evt_3508,usr_240,cnt_018,2024-03-04 14:52:00,841,smart tv,2024-03-05 00:00:00
evt_1584,usr_522,cnt_073,2024-03-04 15:21:00,5411,SMART TV,2024-03-05 00:00:00
evt_3811,usr_888,cnt_115,2024-03-04 16:34:00,1805,Web,2024-03-05 00:00:00
evt_0326,usr_898,cnt_089,2024-03-04 17:25:00,1002,WEB,2024-03-05 00:00:00
evt_2240,usr_401,cnt_016,2024-03-04 17:33:00,653,MOBILE,2024-03-05 00:00:00
evt_3466,usr_302,cnt_041,2024-03-04 17:45:00,5835,SMART TV,2024-03-05 00:00:00
evt_3117,usr_587,cnt_098,2024-03-04 17:51:00,6227,MOBILE,2024-03-05 00:00:00
evt_3722,usr_751,cnt_091,2024-03-04 18:10:00,2664,WEB,2024-03-05 00:00:00
evt_2520,usr_110,cnt_048,2024-03-04 18:15:00,806,mobile,2024-03-05 00:00:00
evt_4211,usr_531,cnt_035,2024-03-04 18:34:00,1778,SMART TV,2024-03-05 00:00:00
evt_2450,usr_757,cnt_015,2024-03-04 18:42:00,8610,smart tv,2024-03-05 00:00:00
evt_2466,usr_537,cnt_044,2024-03-04 19:38:00,2841,SMART TV,2024-03-05 00:00:00
evt_0417,usr_531,cnt_099,2024-03-04 19:49:00,2512,SMART TV,2024-03-05 00:00:00
evt_0315,usr_332,cnt_085,2024-03-04 20:22:00,10573,web,2024-03-05 00:00:00
evt_4482,usr_240,cnt_087,2024-03-04 20:47:00,3205,Mobile,2024-03-05 00:00:00
evt_0455,usr_587,cnt_006,2024-03-04 21:19:00,983,Web,2024-03-05 00:00:00
evt_2678,usr_445,cnt_097,2024-03-04 21:41:00,10581,web,2024-03-05 00:00:00
evt_4128,usr_672,cnt_101,2024-03-04 21:48:00,3443,web,2024-03-05 00:00:00
evt_1995,usr_402,cnt_070,2024-03-04 22:22:00,2814,MOBILE,2024-03-05 00:00:00
evt_2369,usr_141,cnt_069,2024-03-04 22:27:00,1598,Smart TV,2024-03-05 00:00:00
evt_2665,usr_277,cnt_002,2024-03-04 22:27:00,1539,Web,2024-03-05 00:00:00
evt_3013,usr_273,cnt_046,2024-03-04 23:00:00,6028,Mobile,2024-03-05 00:00:00
evt_4750,usr_232,cnt_001,2024-03-04 23:09:00,3559,Mobile,2024-03-05 00:00:00
evt_0208,usr_842,cnt_042,2024-03-04 23:25:00,2082,mobile,2024-03-05 00:00:00
evt_3492,usr_946,cnt_006,2024-03-04 23:40:00,2924,WEB,2024-03-05 00:00:00
evt_1412,usr_313,cnt_022,2024-03-04 23:48:00,2981,web,2024-03-05 00:00:00
evt_1248,usr_205,cnt_010,2024-03-05 00:35:00,1668,mobile,2024-03-06 00:00:00
evt_1523,usr_347,cnt_055,2024-03-05 00:51:00,2317,Mobile,2024-03-06 00:00:00
evt_4989,usr_336,cnt_045,2024-03-05 00:57:00,6213,mobile,2024-03-06 00:00:00
evt_3301,usr_522,cnt_017,2024-03-05 13:49:00,1046,WEB,2024-03-06 00:00:00
evt_2975,usr_748,cnt_036,2024-03-05 14:01:00,1907,tablet,2024-03-06 00:00:00
evt_3575,usr_879,cnt_009,2024-03-05 14:46:00,1537,Mobile,2024-03-06 00:00:00
evt_3456,usr_789,cnt_107,2024-03-05 15:15:00,6612,tablet,2024-03-06 00:00:00
evt_1304,usr_521,cnt_111,2024-03-05 15:22:00,2321,SMART TV,2024-03-06 00:00:00
evt_2178,usr_880,cnt_098,2024-03-05 15:41:00,326,Mobile,2024-03-06 00:00:00
evt_0738,usr_789,cnt_043,2024-03-05 16:06:00,5791,tablet,2024-03-06 00:00:00
evt_1327,usr_711,cnt_109,2024-03-05 16:32:00,8609,mobile,2024-03-06 00:00:00
evt_1374,usr_238,cnt_114,2024-03-05 16:32:00,3101,smart tv,2024-03-06 00:00:00
evt_1521,usr_630,cnt_037,2024-03-05 16:48:00,1668,Smart TV,2024-03-06 00:00:00
evt_3373,usr_797,cnt_113,2024-03-05 17:11:00,386,Web,2024-03-06 00:00:00
evt_4565,usr_590,cnt_108,2024-03-05 17:30:00,6119,Mobile,2024-03-06 00:00:00
evt_3020,usr_116,cnt_027,2024-03-05 17:39:00,9896,Smart TV,2024-03-06 00:00:00
evt_3490,usr_232,cnt_076,2024-03-05 18:21:00,7176,SMART TV,2024-03-06 00:00:00
evt_2988,usr_829,cnt_112,2024-03-05 18:49:00,1698,Tablet,2024-03-06 00:00:00
evt_3054,usr_539,cnt_069,2024-03-05 19:43:00,5633,Mobile,2024-03-06 00:00:00
evt_4516,usr_498,cnt_016,2024-03-05 19:51:00,314,tablet,2024-03-06 00:00:00
evt_3065,usr_164,cnt_027,2024-03-05 19:57:00,3908,SMART TV,2024-03-06 00:00:00
evt_1394,usr_926,cnt_009,2024-03-05 20:07:00,6301,Mobile,2024-03-06 00:00:00
evt_1451,usr_657,cnt_057,2024-03-05 20:25:00,3405,mobile,2024-03-06 00:00:00
evt_3993,usr_108,cnt_062,2024-03-05 20:30:00,4941,mobile,2024-03-06 00:00:00
evt_2110,usr_134,cnt_050,2024-03-05 20:31:00,6974,Mobile,2024-03-06 00:00:00
evt_1955,usr_469,cnt_079,2024-03-05 21:13:00,10186,TABLET,2024-03-06 00:00:00
evt_2910,usr_585,cnt_020,2024-03-05 21:34:00,8001,mobile,2024-03-06 00:00:00
evt_1528,usr_145,cnt_012,2024-03-05 22:34:00,3361,TABLET,2024-03-06 00:00:00
evt_4970,usr_700,cnt_004,2024-03-05 22:58:00,2912,Smart TV,2024-03-06 00:00:00
evt_3280,usr_501,cnt_049,2024-03-05 23:33:00,1840,SMART TV,2024-03-06 00:00:00
evt_2970,usr_773,cnt_099,2024-03-06 00:08:00,4416,Mobile,2024-03-07 00:00:00
evt_2614,usr_595,cnt_011,2024-03-06 00:45:00,1706,Tablet,2024-03-07 00:00:00
evt_0335,usr_293,cnt_109,2024-03-06 13:21:00,7259,WEB,2024-03-07 00:00:00
evt_3671,usr_791,cnt_021,2024-03-06 13:28:00,1603,mobile,2024-03-07 00:00:00
evt_3840,usr_472,cnt_096,2024-03-06 13:29:00,3125,Web,2024-03-07 00:00:00
evt_3679,usr_734,cnt_116,2024-03-06 13:57:00,7120,MOBILE,2024-03-07 00:00:00
evt_4779,usr_920,cnt_086,2024-03-06 14:38:00,1073,web,2024-03-07 00:00:00
evt_3660,usr_558,cnt_051,2024-03-06 15:27:00,1206,Web,2024-03-07 00:00:00
evt_4120,usr_734,cnt_063,2024-03-06 15:58:00,4237,Mobile,2024-03-07 00:00:00
evt_1936,usr_848,cnt_050,2024-03-06 16:14:00,1441,smart tv,2024-03-07 00:00:00
evt_3610,usr_552,cnt_027,2024-03-06 16:40:00,1707,SMART TV,2024-03-07 00:00:00
evt_2326,usr_780,cnt_115,2024-03-06 17:16:00,440,smart tv,2024-03-07 00:00:00
evt_2953,usr_406,cnt_098,2024-03-06 17:19:00,5034,Web,2024-03-07 00:00:00
evt_1207,usr_433,cnt_092,2024-03-06 17:53:00,5636,MOBILE,2024-03-07 00:00:00
evt_1437,usr_791,cnt_056,2024-03-06 18:14:00,851,MOBILE,2024-03-07 00:00:00
evt_1751,usr_547,cnt_006,2024-03-06 18:45:00,3271,smart tv,2024-03-07 00:00:00
evt_2007,usr_475,cnt_074,2024-03-06 19:40:00,5797,web,2024-03-07 00:00:00
evt_2750,usr_732,cnt_099,2024-03-06 19:41:00,10146,mobile,2024-03-07 00:00:00
evt_3933,usr_522,cnt_063,2024-03-06 20:30:00,1622,Smart TV,2024-03-07 00:00:00
evt_2642,usr_218,cnt_095,2024-03-06 20:55:00,3870,mobile,2024-03-07 00:00:00
evt_2734,usr_445,cnt_093,2024-03-06 21:37:00,2507,MOBILE,2024-03-07 00:00:00
evt_1795,usr_527,cnt_057,2024-03-06 21:48:00,2881,Mobile,2024-03-07 00:00:00
evt_0636,usr_781,cnt_053,2024-03-06 22:03:00,3034,tablet,2024-03-07 00:00:00
evt_3284,usr_791,cnt_063,2024-03-06 22:04:00,1497,TABLET,2024-03-07 00:00:00
evt_4727,usr_277,cnt_116,2024-03-06 22:09:00,4570,smart tv,2024-03-07 00:00:00
evt_4973,usr_372,cnt_085,2024-03-06 23:54:00,4649,Tablet,2024-03-07 00:00:00
evt_2497,usr_627,cnt_028,2024-03-06 23:56:00,2067,MOBILE,2024-03-07 00:00:00
evt_1651,usr_706,cnt_042,2024-03-07 00:23:00,2588,smart tv,2024-03-08 00:00:00
evt_1091,usr_808,cnt_052,2024-03-07 13:17:00,2396,MOBILE,2024-03-08 00:00:00
evt_2134,usr_627,cnt_031,2024-03-07 13:22:00,2093,Web,2024-03-08 00:00:00
evt_0765,usr_110,cnt_117,2024-03-07 13:49:00,9308,SMART TV,2024-03-08 00:00:00
evt_0655,usr_332,cnt_019,2024-03-07 14:20:00,7089,Smart TV,2024-03-08 00:00:00
evt_0243,usr_946,cnt_039,2024-03-07 15:01:00,3352,smart tv,2024-03-08 00:00:00
evt_1546,usr_237,cnt_038,2024-03-07 15:05:00,2105,smart tv,2024-03-08 00:00:00
evt_2117,usr_732,cnt_099,2024-03-07 15:18:00,733,Tablet,2024-03-08 00:00:00
evt_2568,usr_587,cnt_018,2024-03-07 15:57:00,4137,Web,2024-03-08 00:00:00
evt_1366,usr_226,cnt_015,2024-03-07 16:15:00,1599,mobile,2024-03-08 00:00:00
evt_4741,usr_206,cnt_017,2024-03-07 16:26:00,434,MOBILE,2024-03-08 00:00:00
evt_2086,usr_576,cnt_105,2024-03-07 17:24:00,7455,Smart TV,2024-03-08 00:00:00
evt_1706,usr_161,cnt_052,2024-03-07 17:34:00,9696,SMART TV,2024-03-08 00:00:00
evt_3692,usr_377,cnt_016,2024-03-07 18:41:00,9933,MOBILE,2024-03-08 00:00:00
evt_3753,usr_736,cnt_017,2024-03-07 18:59:00,3592,MOBILE,2024-03-08 00:00:00
evt_0290,usr_502,cnt_038,2024-03-07 19:25:00,4555,MOBILE,2024-03-08 00:00:00
evt_1998,usr_872,cnt_012,2024-03-07 20:29:00,6863,Web,2024-03-08 00:00:00
evt_4937,usr_445,cnt_045,2024-03-07 20:40:00,474,WEB,2024-03-08 00:00:00
evt_3439,usr_161,cnt_044,2024-03-07 20:43:00,6417,MOBILE,2024-03-08 00:00:00
evt_2735,usr_237,cnt_016,2024-03-07 20:51:00,1695,mobile,2024-03-08 00:00:00
evt_2493,usr_455,cnt_053,2024-03-07 21:28:00,1347,SMART TV,2024-03-08 00:00:00
evt_4728,usr_372,cnt_055,2024-03-07 23:11:00,6551,SMART TV,2024-03-08 00:00:00
evt_0139,usr_389,cnt_002,2024-03-07 23:23:00,2467,MOBILE,2024-03-08 00:00:00
evt_0699,usr_679,cnt_048,2024-03-07 23:32:00,2007,web,2024-03-08 00:00:00
evt_3046,usr_347,cnt_095,2024-03-07 23:41:00,1730,MOBILE,2024-03-08 00:00:00
evt_0876,usr_589,cnt_015,2024-03-08 00:15:00,4625,SMART TV,2024-03-09 00:00:00
evt_1568,usr_734,cnt_064,2024-03-08 00:18:00,6025,Web,2024-03-09 00:00:00
evt_2289,usr_897,cnt_049,2024-03-08 00:47:00,3795,Smart TV,2024-03-09 00:00:00
evt_3344,usr_406,cnt_060,2024-03-08 00:54:00,516,Tablet,2024-03-09 00:00:00
evt_2628,usr_563,cnt_006,2024-03-08 13:24:00,2094,MOBILE,2024-03-09 00:00:00
evt_1486,usr_141,cnt_051,2024-03-08 13:33:00,769,mobile,2024-03-09 00:00:00
evt_1906,usr_528,cnt_053,2024-03-08 13:33:00,1684,Mobile,2024-03-09 00:00:00
evt_4720,usr_300,cnt_025,2024-03-08 14:02:00,1104,MOBILE,2024-03-09 00:00:00
evt_4461,usr_238,cnt_087,2024-03-08 14:32:00,1654,MOBILE,2024-03-09 00:00:00
evt_1723,usr_920,cnt_019,2024-03-08 14:39:00,6258,Web,2024-03-09 00:00:00
evt_4451,usr_798,cnt_014,2024-03-08 14:43:00,6172,MOBILE,2024-03-09 00:00:00
evt_2906,usr_761,cnt_106,2024-03-08 14:59:00,2179,Mobile,2024-03-09 00:00:00
evt_2675,usr_291,cnt_116,2024-03-08 15:50:00,3590,tablet,2024-03-09 00:00:00
evt_4897,usr_218,cnt_024,2024-03-08 17:35:00,1695,SMART TV,2024-03-09 00:00:00
evt_3687,usr_238,cnt_074,2024-03-08 17:36:00,5366,MOBILE,2024-03-09 00:00:00
evt_1578,usr_351,cnt_107,2024-03-08 17:47:00,8490,MOBILE,2024-03-09 00:00:00
evt_3992,usr_773,cnt_033,2024-03-08 17:50:00,1780,tablet,2024-03-09 00:00:00
evt_0951,usr_430,cnt_085,2024-03-08 17:53:00,1149,Mobile,2024-03-09 00:00:00
evt_3627,usr_394,cnt_012,2024-03-08 18:22:00,4621,Mobile,2024-03-09 00:00:00
evt_3010,usr_150,cnt_040,2024-03-08 18:36:00,6208,MOBILE,2024-03-09 00:00:00
evt_1916,usr_178,cnt_024,2024-03-08 19:13:00,1643,TABLET,2024-03-09 00:00:00
evt_4622,usr_492,cnt_029,2024-03-08 19:41:00,6560,Mobile,2024-03-09 00:00:00
evt_1328,usr_734,cnt_040,2024-03-08 20:27:00,5235,mobile,2024-03-09 00:00:00
evt_2946,usr_613,cnt_086,2024-03-08 21:07:00,9380,Smart TV,2024-03-09 00:00:00
evt_4717,usr_472,cnt_015,2024-03-08 21:14:00,1007,Mobile,2024-03-09 00:00:00
evt_4596,usr_636,cnt_045,2024-03-08 21:50:00,3046,mobile,2024-03-09 00:00:00
evt_1877,usr_945,cnt_091,2024-03-08 21:55:00,3148,web,2024-03-09 00:00:00
evt_1115,usr_554,cnt_023,2024-03-08 22:06:00,5704,Web,2024-03-09 00:00:00
evt_4981,usr_274,cnt_090,2024-03-08 22:09:00,3576,Web,2024-03-09 00:00:00
evt_3522,usr_313,cnt_050,2024-03-08 22:15:00,6499,mobile,2024-03-09 00:00:00
evt_0361,usr_219,cnt_036,2024-03-08 22:34:00,2212,web,2024-03-09 00:00:00
evt_3346,usr_332,cnt_058,2024-03-08 22:46:00,5466,smart tv,2024-03-09 00:00:00
evt_0656,usr_657,cnt_113,2024-03-08 22:53:00,2782,smart tv,2024-03-09 00:00:00
evt_1035,usr_789,cnt_118,2024-03-08 23:01:00,366,smart tv,2024-03-09 00:00:00
evt_4777,usr_226,cnt_090,2024-03-08 23:15:00,2735,Mobile,2024-03-09 00:00:00
evt_1858,usr_496,cnt_086,2024-03-08 23:34:00,7289,Smart TV,2024-03-09 00:00:00
evt_4216,usr_474,cnt_076,2024-03-08 23:47:00,6399,Web,2024-03-09 00:00:00
evt_3016,usr_872,cnt_008,2024-03-08 23:52:00,1141,web,2024-03-09 00:00:00
evt_1803,usr_362,cnt_105,2024-03-09 00:05:00,3005,Mobile,2024-03-10 00:00:00
evt_4177,usr_631,cnt_117,2024-03-09 00:35:00,5757,Web,2024-03-10 00:00:00
evt_1853,usr_185,cnt_093,2024-03-09 00:49:00,8953,TABLET,2024-03-10 00:00:00
evt_4529,usr_671,cnt_089,2024-03-09 00:51:00,3393,SMART TV,2024-03-10 00:00:00
evt_4557,usr_547,cnt_115,2024-03-09 13:43:00,2464,SMART TV,2024-03-10 00:00:00
evt_4114,usr_864,cnt_111,2024-03-09 13:51:00,3061,SMART TV,2024-03-10 00:00:00
evt_0526,usr_248,cnt_035,2024-03-09 14:16:00,6777,web,2024-03-10 00:00:00
evt_1137,usr_219,cnt_096,2024-03-09 14:32:00,2557,SMART TV,2024-03-10 00:00:00
evt_2192,usr_472,cnt_099,2024-03-09 14:49:00,2189,smart tv,2024-03-10 00:00:00
evt_3568,usr_630,cnt_117,2024-03-09 14:52:00,803,Tablet,2024-03-10 00:00:00
evt_2196,usr_672,cnt_095,2024-03-09 15:05:00,4920,web,2024-03-10 00:00:00
evt_0535,usr_914,cnt_050,2024-03-09 15:44:00,3030,Smart TV,2024-03-10 00:00:00
evt_3901,usr_238,cnt_103,2024-03-09 17:05:00,5815,SMART TV,2024-03-10 00:00:00
evt_3324,usr_871,cnt_065,2024-03-09 17:17:00,385,MOBILE,2024-03-10 00:00:00
evt_2758,usr_402,cnt_066,2024-03-09 17:47:00,6652,Smart TV,2024-03-10 00:00:00
evt_2166,usr_430,cnt_069,2024-03-09 18:55:00,581,Mobile,2024-03-10 00:00:00
evt_1627,usr_820,cnt_074,2024-03-09 19:53:00,2296,MOBILE,2024-03-10 00:00:00
evt_2783,usr_631,cnt_089,2024-03-09 21:01:00,3422,Mobile,2024-03-10 00:00:00
evt_4641,usr_347,cnt_050,2024-03-09 21:30:00,8538,tablet,2024-03-10 00:00:00
evt_4199,usr_530,cnt_107,2024-03-09 22:05:00,3286,Tablet,2024-03-10 00:00:00
evt_2162,usr_543,cnt_111,2024-03-09 23:05:00,6671,SMART TV,2024-03-10 00:00:00
evt_4950,usr_657,cnt_120,2024-03-10 13:14:00,3408,Mobile,2024-03-11 00:00:00
evt_3368,usr_585,cnt_100,2024-03-10 13:24:00,1763,SMART TV,2024-03-11 00:00:00
evt_3723,usr_504,cnt_003,2024-03-10 13:32:00,3183,Mobile,2024-03-11 00:00:00
evt_3909,usr_585,cnt_069,2024-03-10 13:49:00,5017,SMART TV,2024-03-11 00:00:00
evt_3878,usr_291,cnt_094,2024-03-10 13:50:00,1210,smart tv,2024-03-11 00:00:00
evt_4044,usr_250,cnt_109,2024-03-10 13:50:00,3283,Mobile,2024-03-11 00:00:00
evt_2449,usr_393,cnt_001,2024-03-10 14:02:00,1787,smart tv,2024-03-11 00:00:00
evt_0921,usr_808,cnt_025,2024-03-10 14:06:00,459,mobile,2024-03-11 00:00:00
evt_0177,usr_527,cnt_098,2024-03-10 14:08:00,2267,tablet,2024-03-11 00:00:00
evt_2056,usr_778,cnt_076,2024-03-10 14:09:00,5224,Tablet,2024-03-11 00:00:00
evt_3628,usr_364,cnt_006,2024-03-10 14:18:00,594,Web,2024-03-11 00:00:00
evt_4932,usr_897,cnt_116,2024-03-10 15:11:00,597,WEB,2024-03-11 00:00:00
evt_0035,usr_770,cnt_065,2024-03-10 15:16:00,2708,mobile,2024-03-11 00:00:00
evt_2781,usr_546,cnt_010,2024-03-10 16:03:00,3417,MOBILE,2024-03-11 00:00:00
evt_0889,usr_188,cnt_078,2024-03-10 16:11:00,6072,Smart TV,2024-03-11 00:00:00
evt_0059,usr_829,cnt_054,2024-03-10 16:48:00,1349,WEB,2024-03-11 00:00:00
evt_4514,usr_527,cnt_039,2024-03-10 18:46:00,608,Mobile,2024-03-11 00:00:00
evt_1854,usr_455,cnt_110,2024-03-10 19:24:00,3559,smart tv,2024-03-11 00:00:00
evt_1726,usr_284,cnt_057,2024-03-10 19:33:00,7513,Web,2024-03-11 00:00:00
evt_3233,usr_679,cnt_031,2024-03-10 19:36:00,10636,Mobile,2024-03-11 00:00:00
evt_3562,usr_110,cnt_002,2024-03-10 20:00:00,1660,MOBILE,2024-03-11 00:00:00
evt_4650,usr_389,cnt_099,2024-03-10 20:16:00,2341,SMART TV,2024-03-11 00:00:00
evt_3626,usr_679,cnt_051,2024-03-10 21:16:00,2072,mobile,2024-03-11 00:00:00
evt_3152,usr_285,cnt_006,2024-03-10 22:19:00,1445,WEB,2024-03-11 00:00:00
evt_4103,usr_237,cnt_111,2024-03-10 22:50:00,6523,Web,2024-03-11 00:00:00
evt_0660,usr_291,cnt_066,2024-03-10 22:57:00,3033,mobile,2024-03-11 00:00:00
evt_3851,usr_531,cnt_008,2024-03-10 23:32:00,1314,MOBILE,2024-03-11 00:00:00
evt_0551,usr_464,cnt_027,2024-03-11 13:12:00,530,web,2024-03-12 00:00:00
evt_2173,usr_415,cnt_056,2024-03-11 13:56:00,7124,TABLET,2024-03-12 00:00:00
evt_3794,usr_623,cnt_078,2024-03-11 14:13:00,519,mobile,2024-03-12 00:00:00
evt_3348,usr_879,cnt_026,2024-03-11 14:31:00,1702,MOBILE,2024-03-12 00:00:00
evt_3545,usr_797,cnt_114,2024-03-11 14:47:00,3423,Tablet,2024-03-12 00:00:00
evt_3584,usr_527,cnt_039,2024-03-11 15:10:00,3265,MOBILE,2024-03-12 00:00:00
evt_1857,usr_523,cnt_059,2024-03-11 15:15:00,1986,Smart TV,2024-03-12 00:00:00
evt_0546,usr_563,cnt_016,2024-03-11 15:48:00,1150,MOBILE,2024-03-12 00:00:00
evt_1531,usr_587,cnt_086,2024-03-11 16:11:00,621,mobile,2024-03-12 00:00:00
evt_4819,usr_514,cnt_112,2024-03-11 16:58:00,3205,mobile,2024-03-12 00:00:00
evt_4323,usr_635,cnt_047,2024-03-11 17:06:00,2419,WEB,2024-03-12 00:00:00
evt_2188,usr_474,cnt_045,2024-03-11 17:07:00,3383,SMART TV,2024-03-12 00:00:00
evt_1255,usr_679,cnt_093,2024-03-11 17:40:00,8058,mobile,2024-03-12 00:00:00
evt_2096,usr_464,cnt_089,2024-03-11 17:41:00,3828,tablet,2024-03-12 00:00:00
evt_1504,usr_902,cnt_007,2024-03-11 17:53:00,5434,Mobile,2024-03-12 00:00:00
evt_4872,usr_141,cnt_022,2024-03-11 17:59:00,3308,Smart TV,2024-03-12 00:00:00
evt_1019,usr_491,cnt_086,2024-03-11 19:24:00,6800,Mobile,2024-03-12 00:00:00
evt_0590,usr_145,cnt_098,2024-03-11 20:04:00,2981,MOBILE,2024-03-12 00:00:00
evt_1690,usr_527,cnt_068,2024-03-11 20:19:00,4433,MOBILE,2024-03-12 00:00:00
evt_2164,usr_299,cnt_055,2024-03-11 20:20:00,3583,smart tv,2024-03-12 00:00:00
evt_1518,usr_556,cnt_089,2024-03-11 20:24:00,2157,mobile,2024-03-12 00:00:00
evt_4159,usr_332,cnt_088,2024-03-11 20:51:00,4545,web,2024-03-12 00:00:00
evt_0166,usr_673,cnt_068,2024-03-11 21:18:00,335,mobile,2024-03-12 00:00:00
evt_3131,usr_364,cnt_054,2024-03-11 21:27:00,1282,web,2024-03-12 00:00:00
evt_1487,usr_415,cnt_010,2024-03-11 21:52:00,10110,WEB,2024-03-12 00:00:00
evt_0420,usr_504,cnt_102,2024-03-11 22:07:00,2495,WEB,2024-03-12 00:00:00
evt_3425,usr_530,cnt_084,2024-03-11 23:46:00,3029,TABLET,2024-03-12 00:00:00
evt_2733,usr_219,cnt_076,2024-03-11 23:48:00,1826,mobile,2024-03-12 00:00:00
evt_2330,usr_356,cnt_100,2024-03-12 00:04:00,3099,WEB,2024-03-13 00:00:00
evt_1862,usr_450,cnt_085,2024-03-12 00:57:00,3273,SMART TV,2024-03-13 00:00:00
evt_0209,usr_372,cnt_066,2024-03-12 00:59:00,3362,SMART TV,2024-03-13 00:00:00
evt_1785,usr_699,cnt_101,2024-03-12 13:03:00,4497,web,2024-03-13 00:00:00
evt_0250,usr_185,cnt_104,2024-03-12 13:51:00,1266,Web,2024-03-13 00:00:00
evt_1596,usr_498,cnt_083,2024-03-12 14:18:00,1799,SMART TV,2024-03-13 00:00:00
evt_0557,usr_530,cnt_008,2024-03-12 15:07:00,6426,Mobile,2024-03-13 00:00:00
evt_4119,usr_928,cnt_025,2024-03-12 15:31:00,1636,web,2024-03-13 00:00:00
evt_3360,usr_178,cnt_062,2024-03-12 15:46:00,2757,web,2024-03-13 00:00:00
evt_2463,usr_587,cnt_066,2024-03-12 16:30:00,3132,Mobile,2024-03-13 00:00:00
evt_0826,usr_657,cnt_050,2024-03-12 16:46:00,7112,Web,2024-03-13 00:00:00
evt_4203,usr_465,cnt_100,2024-03-12 16:50:00,6460,Mobile,2024-03-13 00:00:00
evt_2789,usr_514,cnt_041,2024-03-12 17:59:00,3799,WEB,2024-03-13 00:00:00
evt_1768,usr_205,cnt_048,2024-03-12 18:47:00,3053,smart tv,2024-03-13 00:00:00
evt_3122,usr_465,cnt_078,2024-03-12 19:58:00,8011,mobile,2024-03-13 00:00:00
evt_2792,usr_627,cnt_115,2024-03-12 20:05:00,832,MOBILE,2024-03-13 00:00:00
evt_3059,usr_339,cnt_070,2024-03-12 20:19:00,1520,smart tv,2024-03-13 00:00:00
evt_4570,usr_134,cnt_076,2024-03-12 20:59:00,3169,WEB,2024-03-13 00:00:00
evt_4884,usr_932,cnt_093,2024-03-12 21:29:00,9697,Tablet,2024-03-13 00:00:00
evt_0881,usr_712,cnt_061,2024-03-12 22:06:00,2257,mobile,2024-03-13 00:00:00
evt_2233,usr_501,cnt_048,2024-03-12 23:01:00,3138,MOBILE,2024-03-13 00:00:00
evt_0632,usr_250,cnt_102,2024-03-12 23:35:00,660,Smart TV,2024-03-13 00:00:00
evt_0791,usr_464,cnt_105,2024-03-12 23:39:00,1679,Web,2024-03-13 00:00:00
evt_0897,usr_500,cnt_083,2024-03-13 13:19:00,633,mobile,2024-03-14 00:00:00
evt_2889,usr_865,cnt_054,2024-03-13 13:29:00,1356,WEB,2024-03-14 00:00:00
evt_1806,usr_393,cnt_057,2024-03-13 13:53:00,6628,TABLET,2024-03-14 00:00:00
evt_1589,usr_184,cnt_105,2024-03-13 13:57:00,7167,Tablet,2024-03-14 00:00:00
evt_2704,usr_356,cnt_034,2024-03-13 14:01:00,2181,Mobile,2024-03-14 00:00:00
evt_2654,usr_249,cnt_074,2024-03-13 14:19:00,4576,mobile,2024-03-14 00:00:00
evt_3602,usr_503,cnt_068,2024-03-13 14:43:00,7156,tablet,2024-03-14 00:00:00
evt_0305,usr_700,cnt_016,2024-03-13 14:50:00,4627,smart tv,2024-03-14 00:00:00
evt_1085,usr_156,cnt_064,2024-03-13 15:12:00,1863,TABLET,2024-03-14 00:00:00
evt_4857,usr_736,cnt_011,2024-03-13 16:29:00,6227,MOBILE,2024-03-14 00:00:00
evt_0452,usr_832,cnt_008,2024-03-13 16:50:00,3434,Mobile,2024-03-14 00:00:00
evt_1096,usr_341,cnt_021,2024-03-13 17:01:00,3276,Smart TV,2024-03-14 00:00:00
evt_1370,usr_288,cnt_080,2024-03-13 17:35:00,6181,Web,2024-03-14 00:00:00
evt_0836,usr_926,cnt_068,2024-03-13 17:44:00,3112,smart tv,2024-03-14 00:00:00
evt_0595,usr_192,cnt_067,2024-03-13 18:49:00,1293,mobile,2024-03-14 00:00:00
evt_0073,usr_748,cnt_118,2024-03-13 19:26:00,1714,Tablet,2024-03-14 00:00:00
evt_0081,usr_706,cnt_099,2024-03-13 19:32:00,4327,Mobile,2024-03-14 00:00:00
evt_3892,usr_150,cnt_007,2024-03-13 19:51:00,4290,tablet,2024-03-14 00:00:00
evt_1896,usr_648,cnt_118,2024-03-13 20:00:00,1704,Tablet,2024-03-14 00:00:00
evt_0575,usr_133,cnt_046,2024-03-13 20:10:00,7493,SMART TV,2024-03-14 00:00:00
evt_0116,usr_618,cnt_007,2024-03-13 20:38:00,1639,mobile,2024-03-14 00:00:00
evt_3507,usr_458,cnt_003,2024-03-13 21:07:00,2284,Web,2024-03-14 00:00:00
evt_3938,usr_552,cnt_120,2024-03-13 21:19:00,1184,Mobile,2024-03-14 00:00:00
evt_2849,usr_829,cnt_011,2024-03-13 22:10:00,3411,Smart TV,2024-03-14 00:00:00
evt_3773,usr_537,cnt_020,2024-03-13 22:18:00,1409,WEB,2024-03-14 00:00:00
evt_3007,usr_377,cnt_016,2024-03-13 22:28:00,619,Mobile,2024-03-14 00:00:00
evt_0477,usr_469,cnt_087,2024-03-13 22:42:00,2226,Mobile,2024-03-14 00:00:00
evt_4396,usr_788,cnt_013,2024-03-13 22:47:00,657,SMART TV,2024-03-14 00:00:00
evt_1309,usr_517,cnt_050,2024-03-13 23:39:00,4946,MOBILE,2024-03-14 00:00:00
evt_0412,usr_142,cnt_035,2024-03-13 23:47:00,7540,Mobile,2024-03-14 00:00:00
evt_0127,usr_576,cnt_039,2024-03-14 00:13:00,3502,SMART TV,2024-03-15 00:00:00
evt_4869,usr_773,cnt_093,2024-03-14 00:24:00,6653,TABLET,2024-03-15 00:00:00
evt_1337,usr_736,cnt_061,2024-03-14 00:43:00,1750,mobile,2024-03-15 00:00:00
evt_3104,usr_411,cnt_037,2024-03-14 13:47:00,1738,web,2024-03-15 00:00:00
evt_0917,usr_273,cnt_002,2024-03-14 14:09:00,422,Mobile,2024-03-15 00:00:00
evt_3557,usr_280,cnt_074,2024-03-14 14:27:00,8100,TABLET,2024-03-15 00:00:00
evt_1570,usr_811,cnt_074,2024-03-14 14:34:00,2425,mobile,2024-03-15 00:00:00
evt_1641,usr_679,cnt_079,2024-03-14 15:32:00,3972,Tablet,2024-03-15 00:00:00
evt_4183,usr_539,cnt_106,2024-03-14 16:44:00,3463,mobile,2024-03-15 00:00:00
evt_2976,usr_142,cnt_070,2024-03-14 17:50:00,3817,Mobile,2024-03-15 00:00:00
evt_2478,usr_776,cnt_001,2024-03-14 18:46:00,6678,Web,2024-03-15 00:00:00
evt_0906,usr_871,cnt_105,2024-03-14 18:56:00,9023,SMART TV,2024-03-15 00:00:00
evt_3622,usr_136,cnt_024,2024-03-14 19:22:00,3192,WEB,2024-03-15 00:00:00
evt_2507,usr_429,cnt_078,2024-03-14 19:56:00,10606,Smart TV,2024-03-15 00:00:00
evt_0519,usr_871,cnt_004,2024-03-14 20:05:00,3570,Web,2024-03-15 00:00:00
evt_0468,usr_543,cnt_106,2024-03-14 20:10:00,10235,TABLET,2024-03-15 00:00:00
evt_2003,usr_683,cnt_002,2024-03-14 21:27:00,676,Tablet,2024-03-15 00:00:00
evt_4635,usr_185,cnt_021,2024-03-14 21:30:00,1292,smart tv,2024-03-15 00:00:00
evt_1547,usr_408,cnt_023,2024-03-14 21:39:00,386,tablet,2024-03-15 00:00:00
evt_3269,usr_696,cnt_063,2024-03-14 22:55:00,392,MOBILE,2024-03-15 00:00:00
evt_2621,usr_782,cnt_119,2024-03-14 23:24:00,9202,Mobile,2024-03-15 00:00:00
evt_1808,usr_478,cnt_051,2024-03-14 23:39:00,3099,web,2024-03-15 00:00:00
evt_1291,usr_229,cnt_064,2024-03-14 23:44:00,1670,WEB,2024-03-15 00:00:00
evt_1909,usr_637,cnt_025,2024-03-14 23:45:00,5758,mobile,2024-03-15 00:00:00
evt_1991,usr_401,cnt_070,2024-03-14 23:50:00,3025,mobile,2024-03-15 00:00:00
evt_1904,usr_237,cnt_034,2024-03-15 00:14:00,3597,MOBILE,2024-03-16 00:00:00
evt_2692,usr_408,cnt_031,2024-03-15 00:16:00,2500,mobile,2024-03-16 00:00:00
evt_3423,usr_880,cnt_026,2024-03-15 00:23:00,10674,smart tv,2024-03-16 00:00:00
evt_4769,usr_700,cnt_006,2024-03-15 00:33:00,1725,MOBILE,2024-03-16 00:00:00
evt_2963,usr_711,cnt_072,2024-03-15 00:54:00,4703,Tablet,2024-03-16 00:00:00
evt_4379,usr_832,cnt_079,2024-03-15 13:30:00,2152,Mobile,2024-03-16 00:00:00
evt_3834,usr_229,cnt_010,2024-03-15 13:34:00,1601,Smart TV,2024-03-16 00:00:00
evt_3047,usr_560,cnt_057,2024-03-15 13:50:00,1692,SMART TV,2024-03-16 00:00:00
evt_1927,usr_648,cnt_017,2024-03-15 13:56:00,9388,MOBILE,2024-03-16 00:00:00
evt_4714,usr_842,cnt_054,2024-03-15 13:56:00,842,Mobile,2024-03-16 00:00:00
evt_3447,usr_274,cnt_015,2024-03-15 14:18:00,10204,Web,2024-03-16 00:00:00
evt_2560,usr_368,cnt_091,2024-03-15 14:49:00,1947,WEB,2024-03-16 00:00:00
evt_4220,usr_613,cnt_035,2024-03-15 14:57:00,4125,Web,2024-03-16 00:00:00
evt_2552,usr_700,cnt_065,2024-03-15 15:06:00,5526,Web,2024-03-16 00:00:00
evt_0357,usr_156,cnt_110,2024-03-15 15:29:00,3590,mobile,2024-03-16 00:00:00
evt_1386,usr_458,cnt_045,2024-03-15 15:52:00,8951,Mobile,2024-03-16 00:00:00
evt_2575,usr_630,cnt_078,2024-03-15 16:10:00,3173,SMART TV,2024-03-16 00:00:00
evt_1435,usr_420,cnt_032,2024-03-15 16:24:00,1529,Web,2024-03-16 00:00:00
evt_0995,usr_530,cnt_088,2024-03-15 16:33:00,1330,Smart TV,2024-03-16 00:00:00
evt_1321,usr_757,cnt_023,2024-03-15 17:06:00,2154,TABLET,2024-03-16 00:00:00
evt_3616,usr_131,cnt_035,2024-03-15 17:13:00,628,WEB,2024-03-16 00:00:00
evt_1033,usr_576,cnt_106,2024-03-15 17:24:00,7293,MOBILE,2024-03-16 00:00:00
evt_0875,usr_349,cnt_062,2024-03-15 17:31:00,5029,Mobile,2024-03-16 00:00:00
evt_2672,usr_390,cnt_085,2024-03-15 17:36:00,4674,Smart TV,2024-03-16 00:00:00
evt_0061,usr_347,cnt_033,2024-03-15 18:07:00,315,tablet,2024-03-16 00:00:00
evt_3349,usr_285,cnt_102,2024-03-15 18:22:00,5978,Smart TV,2024-03-16 00:00:00
evt_4855,usr_240,cnt_014,2024-03-15 18:48:00,1077,mobile,2024-03-16 00:00:00
evt_4051,usr_252,cnt_057,2024-03-15 19:56:00,10167,Web,2024-03-16 00:00:00
evt_4972,usr_124,cnt_092,2024-03-15 21:12:00,408,mobile,2024-03-16 00:00:00
evt_2966,usr_865,cnt_098,2024-03-15 21:22:00,605,Mobile,2024-03-16 00:00:00
evt_4883,usr_205,cnt_054,2024-03-15 22:25:00,3374,WEB,2024-03-16 00:00:00
evt_2325,usr_280,cnt_017,2024-03-15 23:03:00,1792,mobile,2024-03-16 00:00:00
evt_0538,usr_445,cnt_099,2024-03-15 23:12:00,1661,mobile,2024-03-16 00:00:00
evt_4099,usr_575,cnt_113,2024-03-15 23:25:00,1193,mobile,2024-03-16 00:00:00
evt_3713,usr_864,cnt_075,2024-03-16 13:32:00,2459,Mobile,2024-03-17 00:00:00
evt_2380,usr_145,cnt_036,2024-03-16 13:39:00,636,Mobile,2024-03-17 00:00:00
evt_1011,usr_630,cnt_073,2024-03-16 13:48:00,2015,WEB,2024-03-17 00:00:00
evt_3063,usr_699,cnt_058,2024-03-16 14:15:00,3946,WEB,2024-03-17 00:00:00
evt_4137,usr_252,cnt_099,2024-03-16 14:20:00,3272,Mobile,2024-03-17 00:00:00
evt_4432,usr_546,cnt_057,2024-03-16 14:31:00,421,Mobile,2024-03-17 00:00:00
evt_2929,usr_472,cnt_037,2024-03-16 14:51:00,2868,MOBILE,2024-03-17 00:00:00
evt_4563,usr_184,cnt_064,2024-03-16 14:51:00,7726,tablet,2024-03-17 00:00:00
evt_1401,usr_630,cnt_058,2024-03-16 15:02:00,6495,smart tv,2024-03-17 00:00:00
evt_2055,usr_445,cnt_039,2024-03-16 15:11:00,1038,mobile,2024-03-17 00:00:00
evt_1915,usr_699,cnt_027,2024-03-16 15:12:00,6274,Mobile,2024-03-17 00:00:00
evt_1187,usr_781,cnt_087,2024-03-16 15:47:00,8394,mobile,2024-03-17 00:00:00
evt_4100,usr_402,cnt_055,2024-03-16 15:47:00,1824,MOBILE,2024-03-17 00:00:00
evt_4936,usr_907,cnt_091,2024-03-16 16:04:00,6528,mobile,2024-03-17 00:00:00
evt_0338,usr_537,cnt_047,2024-03-16 16:48:00,3072,TABLET,2024-03-17 00:00:00
evt_4662,usr_902,cnt_107,2024-03-16 17:13:00,725,SMART TV,2024-03-17 00:00:00
evt_2254,usr_156,cnt_024,2024-03-16 17:17:00,2673,MOBILE,2024-03-17 00:00:00
evt_3899,usr_113,cnt_050,2024-03-16 18:21:00,2046,mobile,2024-03-17 00:00:00
evt_1453,usr_425,cnt_077,2024-03-16 18:52:00,1349,Mobile,2024-03-17 00:00:00
evt_3217,usr_746,cnt_024,2024-03-16 18:54:00,1887,MOBILE,2024-03-17 00:00:00
evt_3830,usr_582,cnt_071,2024-03-16 19:02:00,9228,mobile,2024-03-17 00:00:00
evt_1733,usr_210,cnt_007,2024-03-16 19:24:00,2622,Mobile,2024-03-17 00:00:00
evt_0707,usr_748,cnt_039,2024-03-16 20:01:00,6398,Mobile,2024-03-17 00:00:00
evt_3066,usr_712,cnt_101,2024-03-16 20:38:00,796,Smart TV,2024-03-17 00:00:00
evt_0424,usr_781,cnt_072,2024-03-16 21:44:00,2277,Web,2024-03-17 00:00:00
evt_4931,usr_429,cnt_020,2024-03-16 22:06:00,1156,Tablet,2024-03-17 00:00:00
evt_1267,usr_784,cnt_109,2024-03-16 22:36:00,4841,mobile,2024-03-17 00:00:00
evt_0968,usr_880,cnt_053,2024-03-16 22:52:00,1621,Smart TV,2024-03-17 00:00:00
evt_0678,usr_240,cnt_026,2024-03-16 22:53:00,1102,Smart TV,2024-03-17 00:00:00
evt_3380,usr_627,cnt_107,2024-03-16 22:53:00,3171,TABLET,2024-03-17 00:00:00
evt_0848,usr_657,cnt_101,2024-03-16 23:34:00,2072,Smart TV,2024-03-17 00:00:00
evt_4028,usr_637,cnt_009,2024-03-16 23:42:00,2567,MOBILE,2024-03-17 00:00:00
evt_1373,usr_445,cnt_073,2024-03-17 00:43:00,738,WEB,2024-03-18 00:00:00
evt_3814,usr_368,cnt_081,2024-03-17 00:47:00,7974,SMART TV,2024-03-18 00:00:00
evt_0192,usr_575,cnt_009,2024-03-17 13:51:00,3185,web,2024-03-18 00:00:00
evt_2453,usr_608,cnt_115,2024-03-17 14:39:00,889,mobile,2024-03-18 00:00:00
evt_0940,usr_539,cnt_097,2024-03-17 15:12:00,3216,SMART TV,2024-03-18 00:00:00
evt_0103,usr_506,cnt_038,2024-03-17 15:45:00,1753,smart tv,2024-03-18 00:00:00
evt_3688,usr_606,cnt_092,2024-03-17 15:54:00,2729,smart tv,2024-03-18 00:00:00
evt_2168,usr_522,cnt_014,2024-03-17 16:42:00,6974,MOBILE,2024-03-18 00:00:00
evt_1087,usr_464,cnt_024,2024-03-17 16:56:00,3486,Tablet,2024-03-18 00:00:00
evt_0870,usr_591,cnt_048,2024-03-17 18:27:00,3890,tablet,2024-03-18 00:00:00
evt_1970,usr_506,cnt_089,2024-03-17 18:42:00,3136,MOBILE,2024-03-18 00:00:00
evt_0778,usr_734,cnt_108,2024-03-17 19:39:00,7471,Web,2024-03-18 00:00:00
evt_1343,usr_491,cnt_064,2024-03-17 20:20:00,1418,Mobile,2024-03-18 00:00:00
evt_2386,usr_389,cnt_001,2024-03-17 20:48:00,8070,MOBILE,2024-03-18 00:00:00
evt_2998,usr_782,cnt_030,2024-03-17 20:53:00,6253,web,2024-03-18 00:00:00
evt_1999,usr_811,cnt_019,2024-03-17 20:55:00,1383,WEB,2024-03-18 00:00:00
evt_2751,usr_683,cnt_117,2024-03-17 21:00:00,4795,MOBILE,2024-03-18 00:00:00
evt_2925,usr_706,cnt_077,2024-03-17 21:24:00,2612,TABLET,2024-03-18 00:00:00
evt_2850,usr_898,cnt_024,2024-03-17 21:51:00,2475,mobile,2024-03-18 00:00:00
evt_0803,usr_445,cnt_117,2024-03-17 22:34:00,2219,Tablet,2024-03-18 00:00:00
evt_3191,usr_928,cnt_112,2024-03-17 22:36:00,3255,MOBILE,2024-03-18 00:00:00
evt_1143,usr_504,cnt_119,2024-03-17 22:44:00,4143,smart tv,2024-03-18 00:00:00
evt_3815,usr_408,cnt_032,2024-03-17 22:56:00,2066,Mobile,2024-03-18 00:00:00
evt_1533,usr_879,cnt_097,2024-03-17 23:27:00,1759,mobile,2024-03-18 00:00:00
evt_2661,usr_556,cnt_104,2024-03-17 23:33:00,1403,MOBILE,2024-03-18 00:00:00
evt_3809,usr_727,cnt_039,2024-03-17 23:51:00,5647,WEB,2024-03-18 00:00:00
evt_0234,usr_178,cnt_073,2024-03-18 00:39:00,10041,SMART TV,2024-03-19 00:00:00
evt_4009,usr_890,cnt_065,2024-03-18 13:31:00,4642,MOBILE,2024-03-19 00:00:00
evt_0598,usr_780,cnt_091,2024-03-18 13:47:00,4054,mobile,2024-03-19 00:00:00
evt_3573,usr_897,cnt_063,2024-03-18 13:47:00,2544,mobile,2024-03-19 00:00:00
evt_0675,usr_591,cnt_103,2024-03-18 14:08:00,4563,web,2024-03-19 00:00:00
evt_2810,usr_486,cnt_074,2024-03-18 14:08:00,819,MOBILE,2024-03-19 00:00:00
evt_0772,usr_522,cnt_115,2024-03-18 14:10:00,513,Mobile,2024-03-19 00:00:00
evt_4256,usr_284,cnt_020,2024-03-18 14:13:00,1277,mobile,2024-03-19 00:00:00
evt_0107,usr_321,cnt_020,2024-03-18 15:10:00,10250,Smart TV,2024-03-19 00:00:00
evt_1797,usr_797,cnt_071,2024-03-18 15:20:00,9325,Tablet,2024-03-19 00:00:00
evt_3727,usr_770,cnt_084,2024-03-18 16:26:00,3444,web,2024-03-19 00:00:00
evt_0489,usr_748,cnt_058,2024-03-18 16:33:00,3919,smart tv,2024-03-19 00:00:00
evt_1145,usr_699,cnt_023,2024-03-18 17:05:00,678,MOBILE,2024-03-19 00:00:00
evt_1169,usr_770,cnt_048,2024-03-18 17:48:00,945,WEB,2024-03-19 00:00:00
evt_2685,usr_699,cnt_058,2024-03-18 17:55:00,1031,mobile,2024-03-19 00:00:00
evt_4655,usr_237,cnt_119,2024-03-18 18:39:00,3309,tablet,2024-03-19 00:00:00
evt_4920,usr_472,cnt_100,2024-03-18 18:53:00,6964,Mobile,2024-03-19 00:00:00
evt_0537,usr_248,cnt_088,2024-03-18 19:03:00,10379,Mobile,2024-03-19 00:00:00
evt_1395,usr_748,cnt_027,2024-03-18 19:39:00,10025,Tablet,2024-03-19 00:00:00
evt_4360,usr_465,cnt_007,2024-03-18 19:46:00,5144,WEB,2024-03-19 00:00:00
evt_3865,usr_390,cnt_107,2024-03-18 20:21:00,9682,MOBILE,2024-03-19 00:00:00
evt_1674,usr_528,cnt_086,2024-03-18 21:06:00,606,MOBILE,2024-03-19 00:00:00
evt_2093,usr_798,cnt_066,2024-03-18 21:36:00,1289,smart tv,2024-03-19 00:00:00
evt_4087,usr_284,cnt_086,2024-03-18 22:02:00,3428,MOBILE,2024-03-19 00:00:00
evt_0574,usr_829,cnt_059,2024-03-18 22:08:00,2203,smart tv,2024-03-19 00:00:00
evt_3266,usr_576,cnt_038,2024-03-18 22:38:00,5915,WEB,2024-03-19 00:00:00
evt_2930,usr_433,cnt_067,2024-03-18 23:36:00,9064,mobile,2024-03-19 00:00:00
evt_4392,usr_751,cnt_002,2024-03-19 00:11:00,6057,mobile,2024-03-20 00:00:00
evt_2094,usr_229,cnt_007,2024-03-19 00:26:00,1074,Smart TV,2024-03-20 00:00:00
evt_1263,usr_575,cnt_107,2024-03-19 14:58:00,6326,Web,2024-03-20 00:00:00
evt_2862,usr_481,cnt_058,2024-03-19 15:10:00,5646,Smart TV,2024-03-20 00:00:00
evt_1951,usr_474,cnt_040,2024-03-19 15:53:00,1679,Smart TV,2024-03-20 00:00:00
evt_4158,usr_475,cnt_003,2024-03-19 16:06:00,6597,MOBILE,2024-03-20 00:00:00
evt_3695,usr_456,cnt_022,2024-03-19 16:47:00,397,TABLET,2024-03-20 00:00:00
evt_3363,usr_433,cnt_012,2024-03-19 17:24:00,1548,Mobile,2024-03-20 00:00:00
evt_1474,usr_895,cnt_066,2024-03-19 17:41:00,6424,SMART TV,2024-03-20 00:00:00
evt_1735,usr_817,cnt_101,2024-03-19 18:14:00,693,Smart TV,2024-03-20 00:00:00
evt_4133,usr_591,cnt_022,2024-03-19 18:20:00,9999,Mobile,2024-03-20 00:00:00
evt_0901,usr_450,cnt_021,2024-03-19 18:30:00,3457,web,2024-03-20 00:00:00
evt_1114,usr_293,cnt_094,2024-03-19 18:39:00,2543,mobile,2024-03-20 00:00:00
evt_3263,usr_590,cnt_120,2024-03-19 18:45:00,1244,WEB,2024-03-20 00:00:00
evt_1205,usr_491,cnt_019,2024-03-19 18:46:00,2791,Mobile,2024-03-20 00:00:00
evt_2717,usr_332,cnt_031,2024-03-19 18:56:00,921,SMART TV,2024-03-20 00:00:00
evt_3411,usr_938,cnt_052,2024-03-19 19:01:00,8604,MOBILE,2024-03-20 00:00:00
evt_3680,usr_648,cnt_068,2024-03-19 19:18:00,5183,MOBILE,2024-03-20 00:00:00
evt_4091,usr_636,cnt_047,2024-03-19 19:28:00,744,WEB,2024-03-20 00:00:00
evt_3450,usr_401,cnt_090,2024-03-19 19:39:00,6303,TABLET,2024-03-20 00:00:00
evt_0115,usr_458,cnt_064,2024-03-19 20:01:00,9745,Mobile,2024-03-20 00:00:00
evt_2818,usr_888,cnt_051,2024-03-19 20:23:00,2938,Tablet,2024-03-20 00:00:00
evt_4760,usr_458,cnt_078,2024-03-19 20:25:00,742,web,2024-03-20 00:00:00
evt_2562,usr_232,cnt_108,2024-03-19 21:27:00,380,Web,2024-03-20 00:00:00
evt_3735,usr_547,cnt_039,2024-03-19 21:30:00,9441,tablet,2024-03-20 00:00:00
evt_1684,usr_808,cnt_115,2024-03-19 22:04:00,3313,smart tv,2024-03-20 00:00:00
evt_0867,usr_131,cnt_028,2024-03-19 23:32:00,3396,Web,2024-03-20 00:00:00
evt_4827,usr_288,cnt_023,2024-03-19 23:35:00,1419,MOBILE,2024-03-20 00:00:00
evt_0065,usr_284,cnt_051,2024-03-20 00:21:00,2864,MOBILE,2024-03-21 00:00:00
evt_3793,usr_902,cnt_081,2024-03-20 00:31:00,879,web,2024-03-21 00:00:00
evt_0492,usr_232,cnt_001,2024-03-20 13:43:00,9824,MOBILE,2024-03-21 00:00:00
evt_2261,usr_636,cnt_041,2024-03-20 14:34:00,865,MOBILE,2024-03-21 00:00:00
evt_0737,usr_504,cnt_043,2024-03-20 14:40:00,1896,MOBILE,2024-03-21 00:00:00
evt_3075,usr_351,cnt_098,2024-03-20 15:34:00,9678,mobile,2024-03-21 00:00:00
evt_1144,usr_540,cnt_012,2024-03-20 15:51:00,3378,web,2024-03-21 00:00:00
evt_3015,usr_249,cnt_087,2024-03-20 16:14:00,9358,MOBILE,2024-03-21 00:00:00
evt_4290,usr_113,cnt_117,2024-03-20 16:31:00,1634,mobile,2024-03-21 00:00:00
evt_4447,usr_744,cnt_015,2024-03-20 16:32:00,3277,mobile,2024-03-21 00:00:00
evt_1859,usr_543,cnt_041,2024-03-20 16:45:00,6380,tablet,2024-03-21 00:00:00
evt_3200,usr_719,cnt_053,2024-03-20 17:59:00,2309,Mobile,2024-03-21 00:00:00
evt_1280,usr_500,cnt_013,2024-03-20 18:11:00,1748,mobile,2024-03-21 00:00:00
evt_2360,usr_613,cnt_006,2024-03-20 18:32:00,2357,Mobile,2024-03-21 00:00:00
evt_4024,usr_341,cnt_112,2024-03-20 18:35:00,4128,MOBILE,2024-03-21 00:00:00
evt_4306,usr_744,cnt_090,2024-03-20 18:43:00,8313,Mobile,2024-03-21 00:00:00
evt_0415,usr_521,cnt_054,2024-03-20 20:23:00,5705,smart tv,2024-03-21 00:00:00
evt_0631,usr_648,cnt_106,2024-03-20 20:31:00,1446,mobile,2024-03-21 00:00:00
evt_4798,usr_192,cnt_024,2024-03-20 20:36:00,2242,WEB,2024-03-21 00:00:00
evt_4900,usr_445,cnt_005,2024-03-20 20:42:00,7219,SMART TV,2024-03-21 00:00:00
evt_4666,usr_105,cnt_085,2024-03-20 21:23:00,3420,Smart TV,2024-03-21 00:00:00
evt_4602,usr_406,cnt_054,2024-03-20 21:29:00,2721,mobile,2024-03-21 00:00:00
evt_1265,usr_302,cnt_075,2024-03-20 21:44:00,4457,mobile,2024-03-21 00:00:00
evt_1500,usr_575,cnt_032,2024-03-20 21:52:00,1171,mobile,2024-03-21 00:00:00
evt_0929,usr_272,cnt_099,2024-03-20 21:55:00,3543,smart tv,2024-03-21 00:00:00
evt_3745,usr_648,cnt_089,2024-03-20 23:04:00,1245,Web,2024-03-21 00:00:00
evt_0666,usr_798,cnt_118,2024-03-20 23:38:00,2970,Tablet,2024-03-21 00:00:00
evt_1899,usr_240,cnt_046,2024-03-21 00:14:00,9163,TABLET,2024-03-22 00:00:00
evt_2356,usr_240,cnt_092,2024-03-21 13:26:00,6770,SMART TV,2024-03-22 00:00:00
evt_1083,usr_757,cnt_089,2024-03-21 13:27:00,4559,smart tv,2024-03-22 00:00:00
evt_1992,usr_606,cnt_029,2024-03-21 13:31:00,5354,mobile,2024-03-22 00:00:00
evt_3752,usr_430,cnt_048,2024-03-21 14:44:00,1146,mobile,2024-03-22 00:00:00
evt_1360,usr_829,cnt_098,2024-03-21 14:59:00,5260,tablet,2024-03-22 00:00:00
evt_4528,usr_791,cnt_101,2024-03-21 15:51:00,7006,Web,2024-03-22 00:00:00
evt_4572,usr_546,cnt_037,2024-03-21 16:12:00,3203,tablet,2024-03-22 00:00:00
evt_3024,usr_627,cnt_007,2024-03-21 17:39:00,2827,tablet,2024-03-22 00:00:00
evt_0695,usr_727,cnt_096,2024-03-21 18:00:00,6309,SMART TV,2024-03-22 00:00:00
evt_4508,usr_150,cnt_061,2024-03-21 18:49:00,4082,Mobile,2024-03-22 00:00:00
evt_1213,usr_842,cnt_095,2024-03-21 18:57:00,2379,Tablet,2024-03-22 00:00:00
evt_1134,usr_192,cnt_073,2024-03-21 19:14:00,7450,Mobile,2024-03-22 00:00:00
evt_0309,usr_249,cnt_087,2024-03-21 19:47:00,6079,web,2024-03-22 00:00:00
evt_4264,usr_469,cnt_060,2024-03-21 20:46:00,3214,mobile,2024-03-22 00:00:00
evt_0454,usr_552,cnt_116,2024-03-21 20:55:00,1860,TABLET,2024-03-22 00:00:00
evt_4404,usr_920,cnt_110,2024-03-21 21:34:00,1876,smart tv,2024-03-22 00:00:00
evt_0525,usr_590,cnt_087,2024-03-21 21:43:00,5898,Web,2024-03-22 00:00:00
evt_1485,usr_389,cnt_030,2024-03-21 22:14:00,5459,WEB,2024-03-22 00:00:00
evt_3791,usr_466,cnt_016,2024-03-21 22:50:00,1256,web,2024-03-22 00:00:00
evt_2927,usr_782,cnt_062,2024-03-21 22:58:00,2308,mobile,2024-03-22 00:00:00
evt_3003,usr_139,cnt_025,2024-03-21 23:01:00,1510,mobile,2024-03-22 00:00:00
evt_4394,usr_778,cnt_023,2024-03-21 23:02:00,1706,MOBILE,2024-03-22 00:00:00
evt_1352,usr_873,cnt_030,2024-03-21 23:58:00,5791,web,2024-03-22 00:00:00
evt_2322,usr_298,cnt_046,2024-03-22 00:28:00,3574,WEB,2024-03-23 00:00:00
evt_2290,usr_293,cnt_007,2024-03-22 00:29:00,9561,SMART TV,2024-03-23 00:00:00
evt_1045,usr_486,cnt_035,2024-03-22 00:34:00,8839,WEB,2024-03-23 00:00:00
evt_4654,usr_587,cnt_048,2024-03-22 00:54:00,7146,SMART TV,2024-03-23 00:00:00
evt_0942,usr_288,cnt_106,2024-03-22 13:09:00,1239,Smart TV,2024-03-23 00:00:00
evt_4540,usr_274,cnt_112,2024-03-22 13:23:00,5133,Web,2024-03-23 00:00:00
evt_4716,usr_301,cnt_071,2024-03-22 13:24:00,9644,mobile,2024-03-23 00:00:00
evt_0222,usr_527,cnt_120,2024-03-22 15:24:00,5993,web,2024-03-23 00:00:00
evt_3427,usr_401,cnt_083,2024-03-22 16:22:00,3626,tablet,2024-03-23 00:00:00
evt_3721,usr_575,cnt_061,2024-03-22 16:53:00,3566,Web,2024-03-23 00:00:00
evt_0262,usr_609,cnt_003,2024-03-22 17:06:00,451,mobile,2024-03-23 00:00:00
evt_3942,usr_496,cnt_020,2024-03-22 17:26:00,3219,SMART TV,2024-03-23 00:00:00
evt_1885,usr_761,cnt_047,2024-03-22 17:36:00,448,Smart TV,2024-03-23 00:00:00
evt_2655,usr_458,cnt_005,2024-03-22 17:53:00,8660,WEB,2024-03-23 00:00:00
evt_4097,usr_427,cnt_095,2024-03-22 17:54:00,3133,Smart TV,2024-03-23 00:00:00
evt_0975,usr_401,cnt_036,2024-03-22 18:25:00,2782,Web,2024-03-23 00:00:00
evt_2959,usr_780,cnt_080,2024-03-22 18:42:00,6837,SMART TV,2024-03-23 00:00:00
evt_4012,usr_606,cnt_014,2024-03-22 19:35:00,3342,Smart TV,2024-03-23 00:00:00
evt_1345,usr_443,cnt_018,2024-03-22 19:55:00,1594,SMART TV,2024-03-23 00:00:00
evt_2788,usr_445,cnt_098,2024-03-22 20:16:00,6092,MOBILE,2024-03-23 00:00:00
evt_4215,usr_751,cnt_020,2024-03-22 20:22:00,2619,smart tv,2024-03-23 00:00:00
evt_3778,usr_820,cnt_110,2024-03-22 20:30:00,7947,Tablet,2024-03-23 00:00:00
evt_2707,usr_630,cnt_054,2024-03-22 21:52:00,4720,mobile,2024-03-23 00:00:00
evt_3106,usr_729,cnt_074,2024-03-22 22:36:00,5312,mobile,2024-03-23 00:00:00
evt_2762,usr_637,cnt_049,2024-03-22 22:57:00,3471,Web,2024-03-23 00:00:00
evt_2409,usr_349,cnt_093,2024-03-22 23:14:00,6340,SMART TV,2024-03-23 00:00:00
evt_2339,usr_184,cnt_078,2024-03-22 23:33:00,2632,mobile,2024-03-23 00:00:00
evt_3394,usr_657,cnt_009,2024-03-23 00:19:00,1414,web,2024-03-24 00:00:00
evt_2174,usr_506,cnt_022,2024-03-23 00:27:00,4105,MOBILE,2024-03-24 00:00:00
evt_3245,usr_205,cnt_067,2024-03-23 00:53:00,2765,mobile,2024-03-24 00:00:00
evt_1361,usr_880,cnt_017,2024-03-23 13:07:00,407,Smart TV,2024-03-24 00:00:00
evt_4144,usr_527,cnt_113,2024-03-23 13:49:00,4101,MOBILE,2024-03-24 00:00:00
evt_4805,usr_469,cnt_045,2024-03-23 13:54:00,5005,WEB,2024-03-24 00:00:00
evt_3244,usr_456,cnt_019,2024-03-23 15:17:00,2331,web,2024-03-24 00:00:00
evt_4612,usr_150,cnt_033,2024-03-23 15:52:00,2806,smart tv,2024-03-24 00:00:00
evt_2389,usr_523,cnt_075,2024-03-23 17:15:00,1202,MOBILE,2024-03-24 00:00:00
evt_0211,usr_920,cnt_035,2024-03-23 17:21:00,8815,web,2024-03-24 00:00:00
evt_1326,usr_683,cnt_082,2024-03-23 17:45:00,7052,web,2024-03-24 00:00:00
evt_1307,usr_727,cnt_022,2024-03-23 18:02:00,1925,Tablet,2024-03-24 00:00:00
evt_2641,usr_719,cnt_019,2024-03-23 18:06:00,2615,smart tv,2024-03-24 00:00:00
evt_2323,usr_848,cnt_052,2024-03-23 18:48:00,6818,Mobile,2024-03-24 00:00:00
evt_0568,usr_445,cnt_029,2024-03-23 18:57:00,847,Mobile,2024-03-24 00:00:00
evt_3715,usr_161,cnt_047,2024-03-23 20:57:00,5064,Smart TV,2024-03-24 00:00:00
evt_0298,usr_748,cnt_002,2024-03-23 21:12:00,5038,mobile,2024-03-24 00:00:00
evt_3976,usr_873,cnt_070,2024-03-23 21:31:00,1668,web,2024-03-24 00:00:00
evt_3996,usr_368,cnt_008,2024-03-23 22:00:00,2674,MOBILE,2024-03-24 00:00:00
evt_2029,usr_412,cnt_060,2024-03-23 23:57:00,5454,Mobile,2024-03-24 00:00:00
evt_0621,usr_587,cnt_069,2024-03-24 13:29:00,1647,tablet,2024-03-25 00:00:00
evt_2671,usr_332,cnt_094,2024-03-24 13:41:00,9460,Web,2024-03-25 00:00:00
evt_4924,usr_327,cnt_076,2024-03-24 14:14:00,6038,Smart TV,2024-03-25 00:00:00
evt_2806,usr_699,cnt_103,2024-03-24 14:30:00,2884,SMART TV,2024-03-25 00:00:00
evt_0710,usr_678,cnt_020,2024-03-24 14:51:00,7907,mobile,2024-03-25 00:00:00
evt_4748,usr_582,cnt_027,2024-03-24 14:56:00,2517,web,2024-03-25 00:00:00
evt_1628,usr_638,cnt_118,2024-03-24 15:34:00,3479,smart tv,2024-03-25 00:00:00
evt_0491,usr_636,cnt_100,2024-03-24 15:49:00,2043,WEB,2024-03-25 00:00:00
evt_2065,usr_327,cnt_026,2024-03-24 16:17:00,2601,smart tv,2024-03-25 00:00:00
evt_0554,usr_291,cnt_087,2024-03-24 16:49:00,525,mobile,2024-03-25 00:00:00
evt_4072,usr_539,cnt_099,2024-03-24 17:02:00,5038,Smart TV,2024-03-25 00:00:00
evt_1371,usr_248,cnt_026,2024-03-24 17:25:00,2668,SMART TV,2024-03-25 00:00:00
evt_1148,usr_188,cnt_099,2024-03-24 17:52:00,1681,TABLET,2024-03-25 00:00:00
evt_1634,usr_301,cnt_014,2024-03-24 18:12:00,4421,Mobile,2024-03-25 00:00:00
evt_2982,usr_543,cnt_021,2024-03-24 18:32:00,3283,TABLET,2024-03-25 00:00:00
evt_0789,usr_932,cnt_105,2024-03-24 18:35:00,2276,tablet,2024-03-25 00:00:00
evt_1914,usr_250,cnt_090,2024-03-24 19:24:00,7825,tablet,2024-03-25 00:00:00
evt_1344,usr_430,cnt_060,2024-03-24 19:29:00,4250,mobile,2024-03-25 00:00:00
evt_0873,usr_842,cnt_017,2024-03-24 19:32:00,6898,smart tv,2024-03-25 00:00:00
evt_0049,usr_117,cnt_092,2024-03-24 19:38:00,6716,MOBILE,2024-03-25 00:00:00
evt_0440,usr_425,cnt_093,2024-03-24 20:11:00,5460,web,2024-03-25 00:00:00
evt_0500,usr_247,cnt_111,2024-03-24 20:31:00,1767,tablet,2024-03-25 00:00:00
evt_3369,usr_699,cnt_067,2024-03-24 20:32:00,1710,Mobile,2024-03-25 00:00:00
evt_4334,usr_608,cnt_057,2024-03-24 20:38:00,1897,web,2024-03-25 00:00:00
evt_3786,usr_372,cnt_085,2024-03-24 20:51:00,2293,Mobile,2024-03-25 00:00:00
evt_0143,usr_408,cnt_022,2024-03-24 21:28:00,6744,tablet,2024-03-25 00:00:00
evt_1216,usr_443,cnt_103,2024-03-24 21:31:00,2867,smart tv,2024-03-25 00:00:00
evt_3127,usr_351,cnt_109,2024-03-24 21:53:00,10508,Web,2024-03-25 00:00:00
evt_2874,usr_711,cnt_046,2024-03-24 21:54:00,1721,MOBILE,2024-03-25 00:00:00
evt_3615,usr_727,cnt_087,2024-03-24 22:05:00,393,mobile,2024-03-25 00:00:00
evt_4371,usr_867,cnt_069,2024-03-24 22:19:00,1690,WEB,2024-03-25 00:00:00
evt_3944,usr_416,cnt_074,2024-03-24 22:45:00,895,TABLET,2024-03-25 00:00:00
evt_3142,usr_299,cnt_075,2024-03-24 23:40:00,1223,WEB,2024-03-25 00:00:00
evt_1588,usr_356,cnt_029,2024-03-24 23:42:00,1533,smart tv,2024-03-25 00:00:00
evt_4818,usr_546,cnt_111,2024-03-24 23:44:00,3138,web,2024-03-25 00:00:00
evt_4326,usr_527,cnt_083,2024-03-25 00:14:00,2338,smart tv,2024-03-26 00:00:00
evt_2156,usr_108,cnt_037,2024-03-25 00:43:00,2425,TABLET,2024-03-26 00:00:00
evt_0726,usr_788,cnt_077,2024-03-25 13:58:00,1716,mobile,2024-03-26 00:00:00
evt_1279,usr_339,cnt_016,2024-03-25 14:06:00,6338,Mobile,2024-03-26 00:00:00
evt_2123,usr_938,cnt_064,2024-03-25 14:08:00,779,mobile,2024-03-26 00:00:00
evt_1218,usr_408,cnt_084,2024-03-25 14:11:00,6719,Web,2024-03-26 00:00:00
evt_1123,usr_880,cnt_040,2024-03-25 14:58:00,7118,Mobile,2024-03-26 00:00:00
evt_4071,usr_145,cnt_114,2024-03-25 15:09:00,2348,web,2024-03-26 00:00:00
evt_1489,usr_113,cnt_093,2024-03-25 15:34:00,1643,Web,2024-03-26 00:00:00
evt_0970,usr_873,cnt_002,2024-03-25 16:29:00,1462,mobile,2024-03-26 00:00:00
evt_3632,usr_914,cnt_076,2024-03-25 16:38:00,4740,MOBILE,2024-03-26 00:00:00
evt_0450,usr_455,cnt_003,2024-03-25 16:47:00,2367,Mobile,2024-03-26 00:00:00
evt_3984,usr_474,cnt_098,2024-03-25 16:59:00,2458,Web,2024-03-26 00:00:00
evt_2430,usr_274,cnt_115,2024-03-25 17:35:00,2138,mobile,2024-03-26 00:00:00
evt_2167,usr_873,cnt_030,2024-03-25 18:00:00,5219,MOBILE,2024-03-26 00:00:00
evt_3516,usr_420,cnt_109,2024-03-25 18:13:00,2797,WEB,2024-03-26 00:00:00
evt_0293,usr_247,cnt_114,2024-03-25 18:16:00,2704,SMART TV,2024-03-26 00:00:00
evt_4828,usr_699,cnt_090,2024-03-25 18:22:00,4722,Mobile,2024-03-26 00:00:00
evt_2808,usr_791,cnt_074,2024-03-25 18:32:00,3475,WEB,2024-03-26 00:00:00
evt_4927,usr_613,cnt_052,2024-03-25 18:55:00,3182,WEB,2024-03-26 00:00:00
evt_2729,usr_293,cnt_065,2024-03-25 19:25:00,1708,MOBILE,2024-03-26 00:00:00
evt_0014,usr_280,cnt_021,2024-03-25 19:44:00,1314,Mobile,2024-03-26 00:00:00
evt_2738,usr_811,cnt_053,2024-03-25 19:44:00,4366,SMART TV,2024-03-26 00:00:00
evt_0182,usr_590,cnt_103,2024-03-25 20:21:00,5461,Web,2024-03-26 00:00:00
evt_0458,usr_938,cnt_078,2024-03-25 20:34:00,2346,smart tv,2024-03-26 00:00:00
evt_2458,usr_523,cnt_041,2024-03-25 21:20:00,3519,WEB,2024-03-26 00:00:00
evt_4640,usr_864,cnt_018,2024-03-25 21:26:00,2826,Web,2024-03-26 00:00:00
evt_1199,usr_218,cnt_023,2024-03-25 21:30:00,8164,Mobile,2024-03-26 00:00:00
evt_0743,usr_301,cnt_067,2024-03-25 22:12:00,1920,SMART TV,2024-03-26 00:00:00
evt_0352,usr_767,cnt_058,2024-03-25 22:42:00,8591,Mobile,2024-03-26 00:00:00
evt_0579,usr_531,cnt_065,2024-03-25 23:45:00,5374,SMART TV,2024-03-26 00:00:00
evt_2352,usr_331,cnt_081,2024-03-26 00:05:00,4267,TABLET,2024-03-27 00:00:00
evt_2754,usr_618,cnt_081,2024-03-26 00:13:00,2724,MOBILE,2024-03-27 00:00:00
evt_2547,usr_848,cnt_030,2024-03-26 00:17:00,4472,Mobile,2024-03-27 00:00:00
evt_0532,usr_590,cnt_050,2024-03-26 13:16:00,2228,SMART TV,2024-03-27 00:00:00
evt_1484,usr_761,cnt_037,2024-03-26 13:26:00,9418,SMART TV,2024-03-27 00:00:00
evt_3171,usr_797,cnt_040,2024-03-26 15:48:00,9583,mobile,2024-03-27 00:00:00
evt_4580,usr_696,cnt_011,2024-03-26 15:59:00,1156,mobile,2024-03-27 00:00:00
evt_0043,usr_618,cnt_101,2024-03-26 16:08:00,1456,mobile,2024-03-27 00:00:00
evt_2438,usr_128,cnt_011,2024-03-26 16:21:00,3183,Mobile,2024-03-27 00:00:00
evt_4345,usr_631,cnt_107,2024-03-26 16:54:00,1247,Smart TV,2024-03-27 00:00:00
evt_3443,usr_853,cnt_117,2024-03-26 17:07:00,2394,web,2024-03-27 00:00:00
evt_2541,usr_131,cnt_069,2024-03-26 17:54:00,2181,mobile,2024-03-27 00:00:00
evt_4210,usr_351,cnt_049,2024-03-26 17:54:00,1718,web,2024-03-27 00:00:00
evt_3136,usr_291,cnt_003,2024-03-26 18:21:00,8872,Mobile,2024-03-27 00:00:00
evt_1387,usr_699,cnt_018,2024-03-26 18:41:00,3346,SMART TV,2024-03-27 00:00:00
evt_0441,usr_627,cnt_008,2024-03-26 18:56:00,3987,smart tv,2024-03-27 00:00:00
evt_1567,usr_880,cnt_014,2024-03-26 19:07:00,3107,MOBILE,2024-03-27 00:00:00
evt_2887,usr_744,cnt_049,2024-03-26 19:48:00,1440,Mobile,2024-03-27 00:00:00
evt_1390,usr_142,cnt_091,2024-03-26 20:07:00,6235,MOBILE,2024-03-27 00:00:00
evt_1614,usr_711,cnt_002,2024-03-26 21:28:00,514,MOBILE,2024-03-27 00:00:00
evt_4645,usr_252,cnt_078,2024-03-26 23:06:00,434,Web,2024-03-27 00:00:00
evt_2410,usr_623,cnt_114,2024-03-27 00:15:00,2686,Web,2024-03-28 00:00:00
evt_3816,usr_277,cnt_113,2024-03-27 00:30:00,2046,MOBILE,2024-03-28 00:00:00
evt_1618,usr_430,cnt_078,2024-03-27 00:39:00,1770,WEB,2024-03-28 00:00:00
evt_3337,usr_907,cnt_103,2024-03-27 13:52:00,2704,WEB,2024-03-28 00:00:00
evt_5000,usr_945,cnt_036,2024-03-27 14:06:00,7125,Smart TV,2024-03-28 00:00:00
evt_3470,usr_293,cnt_043,2024-03-27 14:12:00,1641,Mobile,2024-03-28 00:00:00
evt_4414,usr_377,cnt_094,2024-03-27 14:13:00,2014,MOBILE,2024-03-28 00:00:00
evt_0444,usr_133,cnt_017,2024-03-27 14:30:00,1470,TABLET,2024-03-28 00:00:00
evt_3219,usr_528,cnt_046,2024-03-27 14:36:00,2411,TABLET,2024-03-28 00:00:00
evt_3371,usr_699,cnt_046,2024-03-27 14:54:00,3120,MOBILE,2024-03-28 00:00:00
evt_2439,usr_450,cnt_045,2024-03-27 15:20:00,659,Web,2024-03-28 00:00:00
evt_1959,usr_469,cnt_070,2024-03-27 16:34:00,2272,mobile,2024-03-28 00:00:00
evt_2487,usr_240,cnt_059,2024-03-27 16:36:00,1401,Mobile,2024-03-28 00:00:00
evt_1398,usr_301,cnt_049,2024-03-27 16:38:00,1640,Web,2024-03-28 00:00:00
evt_1050,usr_938,cnt_078,2024-03-27 17:51:00,3224,Web,2024-03-28 00:00:00
evt_1241,usr_589,cnt_066,2024-03-27 18:57:00,5793,tablet,2024-03-28 00:00:00
evt_0686,usr_798,cnt_009,2024-03-27 19:07:00,1564,Mobile,2024-03-28 00:00:00
evt_0709,usr_817,cnt_116,2024-03-27 19:30:00,4134,WEB,2024-03-28 00:00:00
evt_0879,usr_902,cnt_029,2024-03-27 19:30:00,3588,Mobile,2024-03-28 00:00:00
evt_4384,usr_729,cnt_119,2024-03-27 19:54:00,6452,Mobile,2024-03-28 00:00:00
evt_0300,usr_465,cnt_068,2024-03-27 19:56:00,2048,Mobile,2024-03-28 00:00:00
evt_3051,usr_867,cnt_028,2024-03-27 21:25:00,2660,mobile,2024-03-28 00:00:00
evt_0496,usr_498,cnt_115,2024-03-27 21:28:00,9856,Mobile,2024-03-28 00:00:00
evt_4690,usr_469,cnt_028,2024-03-27 22:01:00,6975,Smart TV,2024-03-28 00:00:00
evt_0818,usr_888,cnt_097,2024-03-27 22:27:00,5810,SMART TV,2024-03-28 00:00:00
evt_2537,usr_206,cnt_060,2024-03-27 22:29:00,2332,tablet,2024-03-28 00:00:00
evt_1072,usr_145,cnt_044,2024-03-27 22:38:00,3370,Mobile,2024-03-28 00:00:00
evt_3175,usr_809,cnt_017,2024-03-28 00:35:00,3202,mobile,2024-03-29 00:00:00
evt_4069,usr_778,cnt_007,2024-03-28 00:42:00,2225,WEB,2024-03-29 00:00:00
evt_3779,usr_521,cnt_081,2024-03-28 13:49:00,6010,WEB,2024-03-29 00:00:00
evt_1423,usr_788,cnt_069,2024-03-28 15:16:00,7019,Smart TV,2024-03-29 00:00:00
evt_4583,usr_178,cnt_024,2024-03-28 15:20:00,3319,TABLET,2024-03-29 00:00:00
evt_3005,usr_880,cnt_078,2024-03-28 15:35:00,982,smart tv,2024-03-29 00:00:00
evt_3161,usr_218,cnt_019,2024-03-28 16:11:00,4284,WEB,2024-03-29 00:00:00
evt_4179,usr_608,cnt_073,2024-03-28 16:49:00,9853,TABLET,2024-03-29 00:00:00
evt_0503,usr_466,cnt_009,2024-03-28 16:52:00,6566,tablet,2024-03-29 00:00:00
evt_1855,usr_284,cnt_023,2024-03-28 17:23:00,1532,smart tv,2024-03-29 00:00:00
evt_2768,usr_784,cnt_029,2024-03-28 17:41:00,3498,MOBILE,2024-03-29 00:00:00
evt_1416,usr_492,cnt_104,2024-03-28 17:53:00,2839,MOBILE,2024-03-29 00:00:00
evt_4738,usr_252,cnt_002,2024-03-28 18:01:00,3302,MOBILE,2024-03-29 00:00:00
evt_1167,usr_523,cnt_044,2024-03-28 18:22:00,1210,WEB,2024-03-29 00:00:00
evt_0321,usr_136,cnt_001,2024-03-28 18:53:00,1597,mobile,2024-03-29 00:00:00
evt_1931,usr_440,cnt_089,2024-03-28 19:25:00,5086,mobile,2024-03-29 00:00:00
evt_0295,usr_192,cnt_026,2024-03-28 19:36:00,5591,TABLET,2024-03-29 00:00:00
evt_3087,usr_131,cnt_108,2024-03-28 19:38:00,5281,SMART TV,2024-03-29 00:00:00
evt_3807,usr_751,cnt_042,2024-03-28 20:04:00,5308,Tablet,2024-03-29 00:00:00
evt_0191,usr_637,cnt_040,2024-03-28 20:50:00,723,Web,2024-03-29 00:00:00
evt_0927,usr_732,cnt_120,2024-03-28 20:50:00,5382,smart tv,2024-03-29 00:00:00
evt_1242,usr_890,cnt_110,2024-03-28 21:16:00,6208,mobile,2024-03-29 00:00:00
evt_1388,usr_133,cnt_077,2024-03-28 21:40:00,626,mobile,2024-03-29 00:00:00
evt_3229,usr_450,cnt_085,2024-03-28 22:27:00,6165,WEB,2024-03-29 00:00:00
evt_3097,usr_521,cnt_073,2024-03-28 22:36:00,3006,WEB,2024-03-29 00:00:00
evt_3444,usr_192,cnt_067,2024-03-28 22:51:00,2846,TABLET,2024-03-29 00:00:00
evt_0725,usr_699,cnt_088,2024-03-28 23:16:00,5236,mobile,2024-03-29 00:00:00
evt_4784,usr_445,cnt_033,2024-03-28 23:52:00,1556,SMART TV,2024-03-29 00:00:00
evt_4284,usr_362,cnt_116,2024-03-28 23:54:00,2113,Tablet,2024-03-29 00:00:00
evt_4672,usr_761,cnt_112,2024-03-29 00:23:00,1300,WEB,2024-03-30 00:00:00
evt_1089,usr_433,cnt_015,2024-03-29 00:25:00,6962,web,2024-03-30 00:00:00
evt_2877,usr_793,cnt_094,2024-03-29 13:22:00,8080,SMART TV,2024-03-30 00:00:00
evt_4886,usr_205,cnt_055,2024-03-29 13:25:00,8750,Tablet,2024-03-30 00:00:00
evt_0190,usr_274,cnt_020,2024-03-29 13:30:00,514,smart tv,2024-03-30 00:00:00
evt_3205,usr_474,cnt_056,2024-03-29 14:35:00,3312,WEB,2024-03-30 00:00:00
evt_0149,usr_939,cnt_059,2024-03-29 15:17:00,3263,smart tv,2024-03-30 00:00:00
evt_1754,usr_679,cnt_055,2024-03-29 15:17:00,2541,MOBILE,2024-03-30 00:00:00
evt_1569,usr_491,cnt_079,2024-03-29 15:56:00,5549,SMART TV,2024-03-30 00:00:00
evt_4706,usr_729,cnt_010,2024-03-29 15:56:00,1756,MOBILE,2024-03-30 00:00:00
evt_2492,usr_554,cnt_041,2024-03-29 16:51:00,3502,WEB,2024-03-30 00:00:00
evt_4771,usr_288,cnt_033,2024-03-29 17:48:00,4709,tablet,2024-03-30 00:00:00
evt_1924,usr_498,cnt_079,2024-03-29 18:15:00,416,mobile,2024-03-30 00:00:00
evt_2816,usr_506,cnt_012,2024-03-29 19:01:00,998,WEB,2024-03-30 00:00:00
evt_4940,usr_427,cnt_039,2024-03-29 20:07:00,3819,tablet,2024-03-30 00:00:00
evt_3468,usr_683,cnt_101,2024-03-29 20:24:00,6396,mobile,2024-03-30 00:00:00
evt_1879,usr_429,cnt_020,2024-03-29 21:42:00,4508,mobile,2024-03-30 00:00:00
evt_4369,usr_481,cnt_076,2024-03-29 21:59:00,2241,mobile,2024-03-30 00:00:00
evt_3613,usr_133,cnt_057,2024-03-29 22:15:00,5580,Mobile,2024-03-30 00:00:00
evt_0249,usr_440,cnt_063,2024-03-29 22:32:00,958,web,2024-03-30 00:00:00
evt_4918,usr_440,cnt_079,2024-03-29 22:32:00,514,smart tv,2024-03-30 00:00:00
evt_0447,usr_302,cnt_042,2024-03-29 22:41:00,4386,Smart TV,2024-03-30 00:00:00
evt_3757,usr_500,cnt_098,2024-03-29 22:46:00,460,smart tv,2024-03-30 00:00:00
evt_4930,usr_897,cnt_074,2024-03-29 23:06:00,6688,MOBILE,2024-03-30 00:00:00
evt_3375,usr_389,cnt_068,2024-03-29 23:42:00,6349,Mobile,2024-03-30 00:00:00
evt_3314,usr_587,cnt_104,2024-03-29 23:48:00,1613,TABLET,2024-03-30 00:00:00
evt_4768,usr_277,cnt_010,2024-03-29 23:59:00,1590,web,2024-03-30 00:00:00
evt_0619,usr_184,cnt_047,2024-03-30 00:37:00,2897,Smart TV,2024-03-31 00:00:00
evt_0205,usr_880,cnt_089,2024-03-30 00:39:00,4359,smart tv,2024-03-31 00:00:00
evt_0056,usr_368,cnt_044,2024-03-30 13:11:00,3570,smart tv,2024-03-31 00:00:00
evt_3981,usr_514,cnt_120,2024-03-30 13:47:00,2886,mobile,2024-03-31 00:00:00
evt_2085,usr_252,cnt_009,2024-03-30 14:08:00,2583,Tablet,2024-03-31 00:00:00
evt_4549,usr_164,cnt_088,2024-03-30 14:34:00,3582,tablet,2024-03-31 00:00:00
evt_4101,usr_798,cnt_077,2024-03-30 14:40:00,2884,Web,2024-03-31 00:00:00
evt_4011,usr_531,cnt_004,2024-03-30 14:51:00,1686,mobile,2024-03-31 00:00:00
evt_2679,usr_298,cnt_066,2024-03-30 16:01:00,6650,MOBILE,2024-03-31 00:00:00
evt_0528,usr_142,cnt_058,2024-03-30 16:46:00,880,MOBILE,2024-03-31 00:00:00
evt_3795,usr_556,cnt_002,2024-03-30 17:08:00,4434,MOBILE,2024-03-31 00:00:00
evt_3730,usr_636,cnt_046,2024-03-30 17:21:00,8049,TABLET,2024-03-31 00:00:00
evt_4429,usr_727,cnt_075,2024-03-30 17:30:00,700,tablet,2024-03-31 00:00:00
evt_3303,usr_128,cnt_057,2024-03-30 17:35:00,366,MOBILE,2024-03-31 00:00:00
evt_4646,usr_782,cnt_079,2024-03-30 18:36:00,2169,mobile,2024-03-31 00:00:00
evt_0066,usr_797,cnt_116,2024-03-30 18:46:00,1621,MOBILE,2024-03-31 00:00:00
evt_4740,usr_219,cnt_005,2024-03-30 18:57:00,2708,web,2024-03-31 00:00:00
evt_1638,usr_351,cnt_072,2024-03-30 19:10:00,580,MOBILE,2024-03-31 00:00:00
evt_4124,usr_788,cnt_075,2024-03-30 20:09:00,755,mobile,2024-03-31 00:00:00
evt_3321,usr_141,cnt_067,2024-03-30 20:13:00,6059,SMART TV,2024-03-31 00:00:00
evt_0950,usr_631,cnt_016,2024-03-30 20:26:00,3062,Tablet,2024-03-31 00:00:00
evt_0996,usr_817,cnt_063,2024-03-30 21:16:00,3492,Smart TV,2024-03-31 00:00:00
evt_0261,usr_430,cnt_049,2024-03-30 21:24:00,3463,smart tv,2024-03-31 00:00:00
evt_1691,usr_349,cnt_024,2024-03-30 21:55:00,6660,Web,2024-03-31 00:00:00
evt_3698,usr_781,cnt_011,2024-03-30 22:00:00,509,web,2024-03-31 00:00:00
evt_0501,usr_607,cnt_099,2024-03-30 22:36:00,3843,Smart TV,2024-03-31 00:00:00
evt_2447,usr_149,cnt_016,2024-03-30 23:10:00,586,mobile,2024-03-31 00:00:00
evt_1113,usr_226,cnt_009,2024-03-30 23:35:00,2912,Smart TV,2024-03-31 00:00:00
evt_4789,usr_817,cnt_009,2024-03-31 00:33:00,777,SMART TV,2024-04-01 00:00:00
evt_4453,usr_393,cnt_120,2024-03-31 00:40:00,477,mobile,2024-04-01 00:00:00
evt_1807,usr_618,cnt_120,2024-03-31 00:47:00,3229,smart tv,2024-04-01 00:00:00
evt_2473,usr_136,cnt_017,2024-03-31 13:13:00,548,Tablet,2024-04-01 00:00:00
evt_1895,usr_880,cnt_009,2024-03-31 13:49:00,8230,Tablet,2024-04-01 00:00:00
evt_0487,usr_537,cnt_103,2024-03-31 14:09:00,5778,SMART TV,2024-04-01 00:00:00
evt_3582,usr_761,cnt_072,2024-03-31 15:00:00,2900,smart tv,2024-04-01 00:00:00
evt_0163,usr_788,cnt_022,2024-03-31 15:08:00,10441,SMART TV,2024-04-01 00:00:00
evt_3403,usr_609,cnt_119,2024-03-31 15:47:00,984,Tablet,2024-04-01 00:00:00
evt_4302,usr_389,cnt_113,2024-03-31 16:45:00,3541,Smart TV,2024-04-01 00:00:00
evt_1515,usr_454,cnt_050,2024-03-31 16:55:00,10005,Tablet,2024-04-01 00:00:00
evt_2232,usr_229,cnt_006,2024-03-31 18:14:00,5095,Web,2024-04-01 00:00:00
evt_3429,usr_817,cnt_083,2024-03-31 19:11:00,2550,Mobile,2024-04-01 00:00:00
evt_4172,usr_770,cnt_102,2024-03-31 19:48:00,3956,Smart TV,2024-04-01 00:00:00
evt_2634,usr_853,cnt_047,2024-03-31 20:52:00,3197,web,2024-04-01 00:00:00
evt_0178,usr_608,cnt_012,2024-03-31 21:05:00,2828,mobile,2024-04-01 00:00:00
evt_3089,usr_475,cnt_043,2024-03-31 21:29:00,3237,tablet,2024-04-01 00:00:00
evt_3400,usr_748,cnt_005,2024-03-31 22:06:00,4957,mobile,2024-04-01 00:00:00
evt_2986,usr_761,cnt_042,2024-03-31 22:26:00,2815,smart tv,2024-04-01 00:00:00
evt_3193,usr_784,cnt_042,2024-03-31 22:48:00,1120,Web,2024-04-01 00:00:00
evt_3300,usr_284,cnt_045,2024-03-31 23:51:00,8070,WEB,2024-04-01 00:00:00
evt_4851,usr_636,cnt_076,2024-04-01 00:50:00,1053,mobile,2024-04-02 00:00:00
evt_0509,usr_757,cnt_072,2024-04-01 14:55:00,4927,Mobile,2024-04-02 00:00:00
evt_3521,usr_778,cnt_017,2024-04-01 15:17:00,3438,Mobile,2024-04-02 00:00:00
evt_0351,usr_767,cnt_043,2024-04-01 15:42:00,3819,Smart TV,2024-04-02 00:00:00
evt_0389,usr_184,cnt_080,2024-04-01 15:49:00,3642,WEB,2024-04-02 00:00:00
evt_0969,usr_501,cnt_024,2024-04-01 16:04:00,6047,Mobile,2024-04-02 00:00:00
evt_1044,usr_411,cnt_105,2024-04-01 16:28:00,2739,WEB,2024-04-02 00:00:00
evt_1140,usr_736,cnt_117,2024-04-01 17:10:00,3178,TABLET,2024-04-02 00:00:00
evt_0354,usr_706,cnt_058,2024-04-01 17:31:00,4439,smart tv,2024-04-02 00:00:00
evt_0790,usr_560,cnt_014,2024-04-01 18:11:00,3147,tablet,2024-04-02 00:00:00
evt_4134,usr_778,cnt_030,2024-04-01 18:41:00,2033,mobile,2024-04-02 00:00:00
evt_2756,usr_430,cnt_113,2024-04-01 18:46:00,5014,Tablet,2024-04-02 00:00:00
evt_1811,usr_415,cnt_070,2024-04-01 18:48:00,798,mobile,2024-04-02 00:00:00
evt_2587,usr_864,cnt_107,2024-04-01 18:48:00,6256,Mobile,2024-04-02 00:00:00
evt_0406,usr_393,cnt_085,2024-04-01 18:55:00,3413,SMART TV,2024-04-02 00:00:00
evt_3093,usr_576,cnt_032,2024-04-01 19:35:00,5625,MOBILE,2024-04-02 00:00:00
evt_0539,usr_218,cnt_089,2024-04-01 20:05:00,1595,MOBILE,2024-04-02 00:00:00
evt_1055,usr_458,cnt_005,2024-04-01 20:40:00,2392,MOBILE,2024-04-02 00:00:00
evt_0611,usr_299,cnt_052,2024-04-01 20:42:00,3156,web,2024-04-02 00:00:00
evt_2960,usr_683,cnt_078,2024-04-01 20:54:00,2793,web,2024-04-02 00:00:00
evt_4554,usr_558,cnt_058,2024-04-01 21:28:00,972,MOBILE,2024-04-02 00:00:00
evt_4954,usr_556,cnt_120,2024-04-01 21:44:00,9794,tablet,2024-04-02 00:00:00
evt_1912,usr_280,cnt_051,2024-04-01 21:45:00,3104,Web,2024-04-02 00:00:00
evt_2485,usr_809,cnt_070,2024-04-01 22:09:00,6101,Web,2024-04-02 00:00:00
evt_2553,usr_109,cnt_094,2024-04-01 23:01:00,1925,web,2024-04-02 00:00:00
evt_0422,usr_583,cnt_008,2024-04-01 23:09:00,1736,SMART TV,2024-04-02 00:00:00
evt_2080,usr_458,cnt_030,2024-04-01 23:12:00,2776,tablet,2024-04-02 00:00:00
evt_2746,usr_926,cnt_099,2024-04-01 23:27:00,1957,TABLET,2024-04-02 00:00:00
evt_2577,usr_648,cnt_008,2024-04-02 00:02:00,2216,web,2024-04-03 00:00:00
evt_1342,usr_880,cnt_099,2024-04-02 00:43:00,1769,Web,2024-04-03 00:00:00
evt_3930,usr_313,cnt_038,2024-04-02 13:08:00,1091,mobile,2024-04-03 00:00:00
evt_4083,usr_522,cnt_074,2024-04-02 13:35:00,1547,tablet,2024-04-03 00:00:00
evt_4700,usr_590,cnt_112,2024-04-02 13:35:00,3060,SMART TV,2024-04-03 00:00:00
evt_1491,usr_339,cnt_021,2024-04-02 14:48:00,6624,smart tv,2024-04-03 00:00:00
evt_4831,usr_416,cnt_087,2024-04-02 15:04:00,2860,Web,2024-04-03 00:00:00
evt_4604,usr_368,cnt_033,2024-04-02 15:18:00,6169,smart tv,2024-04-03 00:00:00
evt_0002,usr_609,cnt_030,2024-04-02 15:19:00,6372,TABLET,2024-04-03 00:00:00
evt_4109,usr_719,cnt_108,2024-04-02 16:04:00,3481,MOBILE,2024-04-03 00:00:00
evt_2611,usr_117,cnt_022,2024-04-02 16:11:00,2306,WEB,2024-04-03 00:00:00
evt_3036,usr_585,cnt_088,2024-04-02 16:23:00,3681,MOBILE,2024-04-03 00:00:00
evt_2049,usr_746,cnt_074,2024-04-02 16:26:00,1627,web,2024-04-03 00:00:00
evt_1254,usr_475,cnt_077,2024-04-02 16:55:00,1661,Mobile,2024-04-03 00:00:00
evt_2941,usr_293,cnt_020,2024-04-02 18:08:00,5697,mobile,2024-04-03 00:00:00
evt_0398,usr_248,cnt_034,2024-04-02 18:35:00,2555,MOBILE,2024-04-03 00:00:00
evt_2343,usr_699,cnt_049,2024-04-02 18:36:00,9443,Mobile,2024-04-03 00:00:00
evt_4839,usr_133,cnt_042,2024-04-02 19:05:00,3828,WEB,2024-04-03 00:00:00
evt_2443,usr_445,cnt_084,2024-04-02 19:23:00,2560,web,2024-04-03 00:00:00
evt_1624,usr_185,cnt_112,2024-04-02 19:24:00,1790,web,2024-04-03 00:00:00
evt_0360,usr_454,cnt_067,2024-04-02 19:30:00,1231,SMART TV,2024-04-03 00:00:00
evt_3195,usr_712,cnt_054,2024-04-02 19:49:00,3007,tablet,2024-04-03 00:00:00
evt_3923,usr_711,cnt_105,2024-04-02 20:16:00,3971,WEB,2024-04-03 00:00:00
evt_4481,usr_618,cnt_055,2024-04-02 20:18:00,7796,MOBILE,2024-04-03 00:00:00
evt_4420,usr_416,cnt_108,2024-04-02 21:45:00,6182,MOBILE,2024-04-03 00:00:00
evt_3401,usr_142,cnt_045,2024-04-02 22:05:00,2274,Mobile,2024-04-03 00:00:00
evt_1680,usr_808,cnt_016,2024-04-02 22:10:00,1281,web,2024-04-03 00:00:00
evt_0393,usr_552,cnt_042,2024-04-02 22:55:00,2266,Smart TV,2024-04-03 00:00:00
evt_2571,usr_247,cnt_027,2024-04-02 23:19:00,3026,Mobile,2024-04-03 00:00:00
evt_0808,usr_729,cnt_005,2024-04-02 23:45:00,4211,smart tv,2024-04-03 00:00:00
evt_3395,usr_607,cnt_051,2024-04-03 00:15:00,759,Tablet,2024-04-04 00:00:00
evt_2115,usr_116,cnt_118,2024-04-03 00:47:00,5636,Smart TV,2024-04-04 00:00:00
evt_2286,usr_711,cnt_065,2024-04-03 13:04:00,2315,WEB,2024-04-04 00:00:00
evt_3583,usr_926,cnt_063,2024-04-03 13:18:00,3527,Smart TV,2024-04-04 00:00:00
evt_0945,usr_491,cnt_105,2024-04-03 13:19:00,4021,Tablet,2024-04-04 00:00:00
evt_3221,usr_938,cnt_092,2024-04-03 13:31:00,1737,web,2024-04-04 00:00:00
evt_2845,usr_546,cnt_013,2024-04-03 13:46:00,7066,mobile,2024-04-04 00:00:00
evt_2706,usr_540,cnt_027,2024-04-03 14:32:00,2269,Mobile,2024-04-04 00:00:00
evt_1155,usr_206,cnt_069,2024-04-03 14:50:00,666,MOBILE,2024-04-04 00:00:00
evt_0963,usr_686,cnt_111,2024-04-03 14:57:00,744,web,2024-04-04 00:00:00
evt_2401,usr_402,cnt_023,2024-04-03 15:33:00,1075,Web,2024-04-04 00:00:00
evt_3863,usr_285,cnt_077,2024-04-03 15:47:00,3342,smart tv,2024-04-04 00:00:00
evt_4708,usr_736,cnt_021,2024-04-03 15:47:00,2629,Tablet,2024-04-04 00:00:00
evt_3524,usr_788,cnt_047,2024-04-03 16:31:00,5880,MOBILE,2024-04-04 00:00:00
evt_3390,usr_540,cnt_031,2024-04-03 16:36:00,2447,MOBILE,2024-04-04 00:00:00
evt_0552,usr_496,cnt_083,2024-04-03 17:13:00,1190,WEB,2024-04-04 00:00:00
evt_4523,usr_372,cnt_051,2024-04-03 17:36:00,1296,mobile,2024-04-04 00:00:00
evt_1781,usr_727,cnt_094,2024-04-03 17:58:00,1931,smart tv,2024-04-04 00:00:00
evt_3975,usr_349,cnt_086,2024-04-03 18:35:00,4270,mobile,2024-04-04 00:00:00
evt_0408,usr_829,cnt_040,2024-04-03 19:16:00,2743,web,2024-04-04 00:00:00
evt_0117,usr_430,cnt_034,2024-04-03 19:23:00,3140,Mobile,2024-04-04 00:00:00
evt_4460,usr_117,cnt_086,2024-04-03 20:32:00,513,tablet,2024-04-04 00:00:00
evt_4569,usr_301,cnt_097,2024-04-03 20:37:00,4842,Smart TV,2024-04-04 00:00:00
evt_0566,usr_149,cnt_050,2024-04-03 20:39:00,6001,WEB,2024-04-04 00:00:00
evt_0886,usr_531,cnt_045,2024-04-03 20:40:00,1980,TABLET,2024-04-04 00:00:00
evt_2442,usr_124,cnt_047,2024-04-03 21:18:00,2254,mobile,2024-04-04 00:00:00
evt_3000,usr_292,cnt_055,2024-04-03 21:54:00,7826,Tablet,2024-04-04 00:00:00
evt_0374,usr_808,cnt_073,2024-04-03 22:17:00,3127,tablet,2024-04-04 00:00:00
evt_3096,usr_161,cnt_049,2024-04-03 22:27:00,6790,Mobile,2024-04-04 00:00:00
evt_2778,usr_291,cnt_103,2024-04-03 22:51:00,6646,mobile,2024-04-04 00:00:00
evt_1573,usr_341,cnt_107,2024-04-03 23:01:00,2473,SMART TV,2024-04-04 00:00:00
evt_4669,usr_336,cnt_061,2024-04-03 23:10:00,2597,Web,2024-04-04 00:00:00
evt_3202,usr_464,cnt_085,2024-04-03 23:35:00,5339,SMART TV,2024-04-04 00:00:00
evt_3184,usr_466,cnt_038,2024-04-04 00:22:00,2738,WEB,2024-04-05 00:00:00
evt_4534,usr_134,cnt_055,2024-04-04 00:57:00,1041,web,2024-04-05 00:00:00
evt_3812,usr_787,cnt_084,2024-04-04 13:42:00,4657,SMART TV,2024-04-05 00:00:00
evt_2494,usr_712,cnt_091,2024-04-04 14:01:00,928,mobile,2024-04-05 00:00:00
evt_1325,usr_772,cnt_114,2024-04-04 14:11:00,576,SMART TV,2024-04-05 00:00:00
evt_0378,usr_613,cnt_029,2024-04-04 14:38:00,3074,smart tv,2024-04-05 00:00:00
evt_0608,usr_456,cnt_087,2024-04-04 15:00:00,3513,web,2024-04-05 00:00:00
evt_0041,usr_393,cnt_089,2024-04-04 16:28:00,6813,MOBILE,2024-04-05 00:00:00
evt_0729,usr_809,cnt_060,2024-04-04 16:28:00,3162,web,2024-04-05 00:00:00
evt_4372,usr_527,cnt_095,2024-04-04 17:12:00,5097,MOBILE,2024-04-05 00:00:00
evt_1647,usr_757,cnt_022,2024-04-04 17:13:00,4416,mobile,2024-04-05 00:00:00
evt_4073,usr_390,cnt_099,2024-04-04 17:15:00,1849,MOBILE,2024-04-05 00:00:00
evt_4428,usr_711,cnt_075,2024-04-04 18:00:00,3407,Smart TV,2024-04-05 00:00:00
evt_4228,usr_558,cnt_037,2024-04-04 18:29:00,1920,Mobile,2024-04-05 00:00:00
evt_2406,usr_415,cnt_052,2024-04-04 18:36:00,9195,mobile,2024-04-05 00:00:00
evt_4702,usr_486,cnt_097,2024-04-04 18:47:00,1140,Web,2024-04-05 00:00:00
evt_3413,usr_540,cnt_027,2024-04-04 19:15:00,5312,Web,2024-04-05 00:00:00
evt_4912,usr_672,cnt_076,2024-04-04 19:21:00,788,Mobile,2024-04-05 00:00:00
evt_4764,usr_595,cnt_095,2024-04-04 19:23:00,4790,MOBILE,2024-04-05 00:00:00
evt_3772,usr_939,cnt_007,2024-04-04 19:32:00,1231,Smart TV,2024-04-05 00:00:00
evt_1842,usr_585,cnt_114,2024-04-04 19:53:00,1105,mobile,2024-04-05 00:00:00
evt_3434,usr_880,cnt_032,2024-04-04 20:20:00,730,Mobile,2024-04-05 00:00:00
evt_2011,usr_778,cnt_113,2024-04-04 20:21:00,4035,smart tv,2024-04-05 00:00:00
evt_2684,usr_683,cnt_029,2024-04-04 20:43:00,1863,mobile,2024-04-05 00:00:00
evt_2805,usr_902,cnt_026,2024-04-04 21:14:00,1331,mobile,2024-04-05 00:00:00
evt_3708,usr_552,cnt_006,2024-04-04 22:13:00,1539,mobile,2024-04-05 00:00:00
evt_3465,usr_300,cnt_078,2024-04-04 22:15:00,1830,WEB,2024-04-05 00:00:00
evt_1186,usr_608,cnt_029,2024-04-04 22:23:00,2692,MOBILE,2024-04-05 00:00:00
evt_1901,usr_618,cnt_089,2024-04-04 22:29:00,1532,mobile,2024-04-05 00:00:00
evt_1351,usr_277,cnt_017,2024-04-04 22:30:00,1572,Mobile,2024-04-05 00:00:00
evt_0703,usr_678,cnt_010,2024-04-04 23:33:00,3117,Tablet,2024-04-05 00:00:00
evt_2139,usr_327,cnt_060,2024-04-04 23:56:00,1303,Mobile,2024-04-05 00:00:00
evt_1949,usr_440,cnt_010,2024-04-05 00:18:00,1347,Tablet,2024-04-06 00:00:00
evt_3445,usr_552,cnt_086,2024-04-05 00:30:00,1423,SMART TV,2024-04-06 00:00:00
evt_4600,usr_784,cnt_032,2024-04-05 00:42:00,5684,MOBILE,2024-04-06 00:00:00
evt_2169,usr_531,cnt_017,2024-04-05 00:47:00,2037,Mobile,2024-04-06 00:00:00
evt_3978,usr_502,cnt_014,2024-04-05 00:57:00,2936,MOBILE,2024-04-06 00:00:00
evt_1146,usr_585,cnt_109,2024-04-05 13:30:00,2911,mobile,2024-04-06 00:00:00
evt_2796,usr_820,cnt_078,2024-04-05 13:30:00,1162,mobile,2024-04-06 00:00:00
evt_0165,usr_558,cnt_059,2024-04-05 13:39:00,1606,tablet,2024-04-06 00:00:00
evt_2509,usr_427,cnt_028,2024-04-05 13:52:00,6887,mobile,2024-04-06 00:00:00
evt_0421,usr_465,cnt_020,2024-04-05 14:15:00,8772,SMART TV,2024-04-06 00:00:00
evt_3333,usr_219,cnt_014,2024-04-05 14:34:00,4190,Smart TV,2024-04-06 00:00:00
evt_2176,usr_443,cnt_041,2024-04-05 14:50:00,1499,Mobile,2024-04-06 00:00:00
evt_0556,usr_210,cnt_050,2024-04-05 15:29:00,1774,MOBILE,2024-04-06 00:00:00
evt_3589,usr_502,cnt_041,2024-04-05 15:44:00,2956,Mobile,2024-04-06 00:00:00
evt_3215,usr_686,cnt_028,2024-04-05 15:54:00,1413,Mobile,2024-04-06 00:00:00
evt_3619,usr_506,cnt_097,2024-04-05 16:02:00,3355,mobile,2024-04-06 00:00:00
evt_3018,usr_313,cnt_057,2024-04-05 18:43:00,3853,MOBILE,2024-04-06 00:00:00
evt_3247,usr_671,cnt_035,2024-04-05 19:01:00,974,MOBILE,2024-04-06 00:00:00
evt_3761,usr_390,cnt_059,2024-04-05 19:39:00,2685,Mobile,2024-04-06 00:00:00
evt_3563,usr_184,cnt_058,2024-04-05 19:50:00,6539,smart tv,2024-04-06 00:00:00
evt_1461,usr_300,cnt_094,2024-04-05 20:16:00,1481,WEB,2024-04-06 00:00:00
evt_1061,usr_185,cnt_084,2024-04-05 20:18:00,1573,SMART TV,2024-04-06 00:00:00
evt_4492,usr_238,cnt_052,2024-04-05 20:23:00,2808,mobile,2024-04-06 00:00:00
evt_0805,usr_339,cnt_093,2024-04-05 20:25:00,3116,WEB,2024-04-06 00:00:00
evt_3995,usr_455,cnt_043,2024-04-05 20:37:00,4039,mobile,2024-04-06 00:00:00
evt_2390,usr_770,cnt_103,2024-04-05 21:03:00,422,mobile,2024-04-06 00:00:00
evt_1110,usr_631,cnt_092,2024-04-05 21:38:00,7725,SMART TV,2024-04-06 00:00:00
evt_4078,usr_149,cnt_104,2024-04-05 23:26:00,1489,Mobile,2024-04-06 00:00:00
evt_1385,usr_110,cnt_021,2024-04-05 23:57:00,2096,Web,2024-04-06 00:00:00
evt_0914,usr_757,cnt_019,2024-04-06 00:01:00,6044,web,2024-04-07 00:00:00
evt_3856,usr_136,cnt_051,2024-04-06 00:03:00,898,TABLET,2024-04-07 00:00:00
evt_0755,usr_797,cnt_069,2024-04-06 00:23:00,5003,WEB,2024-04-07 00:00:00
evt_2333,usr_237,cnt_099,2024-04-06 00:31:00,3586,web,2024-04-07 00:00:00
evt_3017,usr_188,cnt_073,2024-04-06 00:42:00,7505,mobile,2024-04-07 00:00:00
evt_2610,usr_240,cnt_036,2024-04-06 13:06:00,1417,MOBILE,2024-04-07 00:00:00
evt_4106,usr_298,cnt_058,2024-04-06 13:07:00,1441,WEB,2024-04-07 00:00:00
evt_4485,usr_445,cnt_080,2024-04-06 13:18:00,567,Mobile,2024-04-07 00:00:00
evt_2702,usr_606,cnt_050,2024-04-06 13:19:00,1292,web,2024-04-07 00:00:00
evt_3989,usr_531,cnt_053,2024-04-06 13:36:00,1390,Web,2024-04-07 00:00:00
evt_2268,usr_377,cnt_050,2024-04-06 14:06:00,986,Mobile,2024-04-07 00:00:00
evt_4347,usr_249,cnt_084,2024-04-06 14:22:00,3461,MOBILE,2024-04-07 00:00:00
evt_1937,usr_272,cnt_015,2024-04-06 15:24:00,5135,mobile,2024-04-07 00:00:00
evt_2194,usr_288,cnt_029,2024-04-06 15:26:00,1445,TABLET,2024-04-07 00:00:00
evt_0411,usr_474,cnt_107,2024-04-06 16:16:00,4962,SMART TV,2024-04-07 00:00:00
evt_0750,usr_798,cnt_095,2024-04-06 16:25:00,677,mobile,2024-04-07 00:00:00
evt_0362,usr_321,cnt_033,2024-04-06 16:33:00,5826,smart tv,2024-04-07 00:00:00
evt_0787,usr_546,cnt_007,2024-04-06 16:59:00,811,tablet,2024-04-07 00:00:00
evt_1100,usr_794,cnt_061,2024-04-06 17:27:00,2410,MOBILE,2024-04-07 00:00:00
evt_1591,usr_590,cnt_074,2024-04-06 18:26:00,1798,smart tv,2024-04-07 00:00:00
evt_3785,usr_274,cnt_029,2024-04-06 18:26:00,1503,Web,2024-04-07 00:00:00
evt_2935,usr_206,cnt_068,2024-04-06 18:42:00,2128,Web,2024-04-07 00:00:00
evt_4648,usr_842,cnt_089,2024-04-06 20:44:00,1243,MOBILE,2024-04-07 00:00:00
evt_2057,usr_699,cnt_024,2024-04-06 22:01:00,2248,mobile,2024-04-07 00:00:00
evt_1830,usr_746,cnt_071,2024-04-06 22:09:00,3464,Smart TV,2024-04-07 00:00:00
evt_0760,usr_808,cnt_114,2024-04-06 22:10:00,3694,MOBILE,2024-04-07 00:00:00
evt_2145,usr_898,cnt_036,2024-04-06 22:14:00,3304,tablet,2024-04-07 00:00:00
evt_2827,usr_238,cnt_004,2024-04-06 22:16:00,3018,web,2024-04-07 00:00:00
evt_4553,usr_575,cnt_087,2024-04-06 23:29:00,307,TABLET,2024-04-07 00:00:00
evt_2821,usr_679,cnt_056,2024-04-07 00:37:00,1792,Mobile,2024-04-08 00:00:00
evt_0762,usr_575,cnt_035,2024-04-07 13:11:00,2457,MOBILE,2024-04-08 00:00:00
evt_2284,usr_734,cnt_053,2024-04-07 13:15:00,1920,Tablet,2024-04-08 00:00:00
evt_4755,usr_832,cnt_093,2024-04-07 13:47:00,6377,web,2024-04-08 00:00:00
evt_4081,usr_902,cnt_015,2024-04-07 14:18:00,407,TABLET,2024-04-08 00:00:00
evt_4495,usr_291,cnt_056,2024-04-07 14:26:00,7586,Tablet,2024-04-08 00:00:00
evt_0478,usr_298,cnt_048,2024-04-07 14:48:00,1175,Web,2024-04-08 00:00:00
evt_1093,usr_587,cnt_103,2024-04-07 14:49:00,1743,mobile,2024-04-08 00:00:00
evt_2722,usr_530,cnt_100,2024-04-07 15:01:00,2292,smart tv,2024-04-08 00:00:00
evt_1501,usr_412,cnt_034,2024-04-07 15:17:00,3187,TABLET,2024-04-08 00:00:00
evt_3511,usr_537,cnt_027,2024-04-07 15:20:00,487,mobile,2024-04-08 00:00:00
evt_1049,usr_576,cnt_027,2024-04-07 15:42:00,1714,mobile,2024-04-08 00:00:00
evt_2047,usr_552,cnt_089,2024-04-07 16:03:00,1549,web,2024-04-08 00:00:00
evt_4971,usr_607,cnt_018,2024-04-07 16:12:00,2506,web,2024-04-08 00:00:00
evt_1295,usr_761,cnt_119,2024-04-07 16:57:00,6038,Web,2024-04-08 00:00:00
evt_2559,usr_184,cnt_064,2024-04-07 17:01:00,1424,mobile,2024-04-08 00:00:00
evt_0979,usr_501,cnt_104,2024-04-07 17:44:00,648,SMART TV,2024-04-08 00:00:00
evt_4328,usr_280,cnt_060,2024-04-07 18:40:00,3922,smart tv,2024-04-08 00:00:00
evt_4096,usr_455,cnt_076,2024-04-07 18:53:00,1164,MOBILE,2024-04-08 00:00:00
evt_1671,usr_232,cnt_015,2024-04-07 19:06:00,3342,mobile,2024-04-08 00:00:00
evt_1227,usr_673,cnt_001,2024-04-07 19:25:00,5952,TABLET,2024-04-08 00:00:00
evt_4263,usr_898,cnt_056,2024-04-07 19:32:00,3328,MOBILE,2024-04-08 00:00:00
evt_3258,usr_888,cnt_056,2024-04-07 19:45:00,2026,WEB,2024-04-08 00:00:00
evt_1732,usr_872,cnt_008,2024-04-07 20:00:00,1601,Smart TV,2024-04-08 00:00:00
evt_3961,usr_339,cnt_095,2024-04-07 20:13:00,6887,WEB,2024-04-08 00:00:00
evt_3040,usr_829,cnt_077,2024-04-07 20:44:00,6377,mobile,2024-04-08 00:00:00
evt_1052,usr_250,cnt_021,2024-04-07 20:47:00,3124,smart tv,2024-04-08 00:00:00
evt_3137,usr_274,cnt_032,2024-04-07 21:48:00,823,mobile,2024-04-08 00:00:00
evt_0811,usr_464,cnt_114,2024-04-07 22:19:00,3895,mobile,2024-04-08 00:00:00
evt_1699,usr_450,cnt_054,2024-04-07 22:35:00,9129,Mobile,2024-04-08 00:00:00
evt_1039,usr_606,cnt_078,2024-04-07 23:43:00,3427,Web,2024-04-08 00:00:00
evt_0851,usr_141,cnt_034,2024-04-07 23:57:00,6682,WEB,2024-04-08 00:00:00
evt_1119,usr_751,cnt_100,2024-04-08 00:30:00,1027,web,2024-04-09 00:00:00
evt_3640,usr_450,cnt_071,2024-04-08 00:47:00,8226,Web,2024-04-09 00:00:00
evt_0311,usr_481,cnt_107,2024-04-08 00:54:00,1279,web,2024-04-09 00:00:00
evt_2373,usr_914,cnt_062,2024-04-08 00:56:00,4666,MOBILE,2024-04-09 00:00:00
evt_3726,usr_672,cnt_011,2024-04-08 13:15:00,3500,mobile,2024-04-09 00:00:00
evt_3135,usr_784,cnt_040,2024-04-08 13:55:00,3036,MOBILE,2024-04-09 00:00:00
evt_4045,usr_865,cnt_044,2024-04-08 14:35:00,6524,Mobile,2024-04-09 00:00:00
evt_4283,usr_609,cnt_053,2024-04-08 15:07:00,7186,mobile,2024-04-09 00:00:00
evt_0903,usr_776,cnt_055,2024-04-08 15:22:00,4850,web,2024-04-09 00:00:00
evt_4034,usr_161,cnt_053,2024-04-08 15:23:00,7268,mobile,2024-04-09 00:00:00
evt_0248,usr_791,cnt_036,2024-04-08 15:26:00,3159,MOBILE,2024-04-09 00:00:00
evt_4659,usr_898,cnt_014,2024-04-08 15:51:00,3405,Smart TV,2024-04-09 00:00:00
evt_2467,usr_161,cnt_004,2024-04-08 15:53:00,3051,mobile,2024-04-09 00:00:00
evt_1519,usr_517,cnt_063,2024-04-08 16:35:00,3899,TABLET,2024-04-09 00:00:00
evt_0522,usr_237,cnt_053,2024-04-08 16:42:00,4727,MOBILE,2024-04-09 00:00:00
evt_0094,usr_288,cnt_057,2024-04-08 18:11:00,3537,Mobile,2024-04-09 00:00:00
evt_4157,usr_486,cnt_014,2024-04-08 18:11:00,3490,Mobile,2024-04-09 00:00:00
evt_4613,usr_117,cnt_113,2024-04-08 18:26:00,3195,MOBILE,2024-04-09 00:00:00
evt_3710,usr_700,cnt_081,2024-04-08 19:45:00,3216,Tablet,2024-04-09 00:00:00
evt_4145,usr_486,cnt_029,2024-04-08 20:39:00,4059,SMART TV,2024-04-09 00:00:00
evt_3668,usr_185,cnt_026,2024-04-08 21:01:00,449,Mobile,2024-04-09 00:00:00
evt_1744,usr_880,cnt_094,2024-04-08 21:03:00,9018,smart tv,2024-04-09 00:00:00
evt_3367,usr_336,cnt_035,2024-04-08 21:31:00,2260,MOBILE,2024-04-09 00:00:00
evt_2698,usr_492,cnt_110,2024-04-08 21:56:00,1564,MOBILE,2024-04-09 00:00:00
evt_4200,usr_247,cnt_069,2024-04-08 22:05:00,2706,smart tv,2024-04-09 00:00:00
evt_1645,usr_300,cnt_050,2024-04-08 22:39:00,10092,web,2024-04-09 00:00:00
evt_1317,usr_273,cnt_027,2024-04-08 22:42:00,2619,smart tv,2024-04-09 00:00:00
evt_3941,usr_867,cnt_113,2024-04-08 22:44:00,2501,MOBILE,2024-04-09 00:00:00
evt_3279,usr_145,cnt_004,2024-04-09 00:15:00,1861,web,2024-04-10 00:00:00
evt_1375,usr_502,cnt_093,2024-04-09 00:20:00,3100,WEB,2024-04-10 00:00:00
evt_3593,usr_394,cnt_088,2024-04-09 13:44:00,1954,TABLET,2024-04-10 00:00:00
evt_2116,usr_793,cnt_019,2024-04-09 14:00:00,1539,SMART TV,2024-04-10 00:00:00
evt_4775,usr_124,cnt_028,2024-04-09 14:17:00,670,mobile,2024-04-10 00:00:00
evt_4908,usr_292,cnt_119,2024-04-09 14:31:00,1129,Mobile,2024-04-10 00:00:00
evt_0540,usr_285,cnt_063,2024-04-09 14:50:00,10374,smart tv,2024-04-10 00:00:00
evt_3078,usr_672,cnt_070,2024-04-09 15:27:00,1409,Tablet,2024-04-10 00:00:00
evt_2370,usr_897,cnt_033,2024-04-09 15:46:00,2914,MOBILE,2024-04-10 00:00:00
evt_2200,usr_946,cnt_113,2024-04-09 16:25:00,8432,Mobile,2024-04-10 00:00:00
evt_4620,usr_504,cnt_091,2024-04-09 16:35:00,3496,MOBILE,2024-04-10 00:00:00
evt_2320,usr_472,cnt_073,2024-04-09 16:56:00,1689,mobile,2024-04-10 00:00:00
evt_0405,usr_427,cnt_114,2024-04-09 17:14:00,806,smart tv,2024-04-10 00:00:00
evt_3208,usr_219,cnt_087,2024-04-09 17:25:00,2177,Smart TV,2024-04-10 00:00:00
evt_3871,usr_880,cnt_013,2024-04-09 18:32:00,1247,web,2024-04-10 00:00:00
evt_4241,usr_546,cnt_056,2024-04-09 18:34:00,899,mobile,2024-04-10 00:00:00
evt_1336,usr_916,cnt_011,2024-04-09 18:40:00,6899,TABLET,2024-04-10 00:00:00
evt_3990,usr_727,cnt_030,2024-04-09 19:23:00,3307,MOBILE,2024-04-10 00:00:00
evt_1313,usr_817,cnt_057,2024-04-09 20:23:00,6267,mobile,2024-04-10 00:00:00
evt_3260,usr_916,cnt_117,2024-04-09 21:23:00,3841,Web,2024-04-10 00:00:00
evt_2193,usr_274,cnt_106,2024-04-09 22:16:00,8940,Smart TV,2024-04-10 00:00:00
evt_2332,usr_124,cnt_047,2024-04-09 22:17:00,8603,Tablet,2024-04-10 00:00:00
evt_1773,usr_372,cnt_021,2024-04-09 22:29:00,2458,SMART TV,2024-04-10 00:00:00
evt_3292,usr_711,cnt_066,2024-04-09 22:36:00,5186,TABLET,2024-04-10 00:00:00
evt_1983,usr_864,cnt_093,2024-04-09 23:25:00,6141,Smart TV,2024-04-10 00:00:00
evt_0429,usr_389,cnt_083,2024-04-09 23:31:00,1376,web,2024-04-10 00:00:00
evt_2819,usr_408,cnt_022,2024-04-09 23:36:00,2712,smart tv,2024-04-10 00:00:00
evt_2413,usr_440,cnt_013,2024-04-10 00:34:00,6853,WEB,2024-04-11 00:00:00
evt_4767,usr_356,cnt_068,2024-04-10 13:08:00,1539,tablet,2024-04-11 00:00:00
evt_2753,usr_293,cnt_020,2024-04-10 13:39:00,5189,mobile,2024-04-11 00:00:00
evt_0416,usr_472,cnt_100,2024-04-10 14:34:00,4574,smart tv,2024-04-11 00:00:00
evt_0785,usr_606,cnt_095,2024-04-10 15:04:00,1545,MOBILE,2024-04-11 00:00:00
evt_1817,usr_595,cnt_116,2024-04-10 15:18:00,3381,WEB,2024-04-11 00:00:00
evt_1347,usr_587,cnt_064,2024-04-10 15:19:00,2637,Web,2024-04-11 00:00:00
evt_4418,usr_635,cnt_014,2024-04-10 15:43:00,1072,MOBILE,2024-04-11 00:00:00
evt_1458,usr_466,cnt_036,2024-04-10 16:02:00,390,Tablet,2024-04-11 00:00:00
evt_4952,usr_300,cnt_046,2024-04-10 16:26:00,1730,MOBILE,2024-04-11 00:00:00
evt_2491,usr_734,cnt_055,2024-04-10 17:11:00,1182,mobile,2024-04-11 00:00:00
evt_3118,usr_888,cnt_099,2024-04-10 18:03:00,6717,MOBILE,2024-04-11 00:00:00
evt_1630,usr_113,cnt_091,2024-04-10 18:23:00,9164,tablet,2024-04-11 00:00:00
evt_0771,usr_389,cnt_111,2024-04-10 19:13:00,1760,Mobile,2024-04-11 00:00:00
evt_2802,usr_272,cnt_075,2024-04-10 20:00:00,6965,smart tv,2024-04-11 00:00:00
evt_2686,usr_474,cnt_032,2024-04-10 20:34:00,10540,Web,2024-04-11 00:00:00
evt_1289,usr_606,cnt_067,2024-04-10 21:41:00,2657,MOBILE,2024-04-11 00:00:00
evt_0466,usr_727,cnt_041,2024-04-10 22:47:00,1657,smart tv,2024-04-11 00:00:00
evt_0457,usr_408,cnt_044,2024-04-10 23:08:00,479,Mobile,2024-04-11 00:00:00
evt_3681,usr_902,cnt_041,2024-04-10 23:22:00,3634,Mobile,2024-04-11 00:00:00
evt_2958,usr_292,cnt_051,2024-04-11 00:01:00,2097,mobile,2024-04-12 00:00:00
evt_0467,usr_321,cnt_069,2024-04-11 00:02:00,3086,Mobile,2024-04-12 00:00:00
evt_3684,usr_928,cnt_048,2024-04-11 00:12:00,823,MOBILE,2024-04-12 00:00:00
evt_2316,usr_469,cnt_044,2024-04-11 00:29:00,3526,tablet,2024-04-12 00:00:00
evt_4873,usr_636,cnt_069,2024-04-11 00:29:00,539,Mobile,2024-04-12 00:00:00
evt_3484,usr_609,cnt_108,2024-04-11 13:04:00,324,Mobile,2024-04-12 00:00:00
evt_1413,usr_416,cnt_042,2024-04-11 13:12:00,6201,SMART TV,2024-04-12 00:00:00
evt_1823,usr_636,cnt_022,2024-04-11 13:14:00,6069,Mobile,2024-04-12 00:00:00
evt_1124,usr_402,cnt_062,2024-04-11 13:44:00,6468,SMART TV,2024-04-12 00:00:00
evt_2019,usr_696,cnt_087,2024-04-11 13:47:00,548,MOBILE,2024-04-12 00:00:00
evt_1150,usr_498,cnt_077,2024-04-11 14:41:00,771,mobile,2024-04-12 00:00:00
evt_3455,usr_368,cnt_033,2024-04-11 15:25:00,1276,mobile,2024-04-12 00:00:00
evt_3890,usr_109,cnt_060,2024-04-11 15:59:00,3283,mobile,2024-04-12 00:00:00
evt_1837,usr_109,cnt_033,2024-04-11 16:00:00,7890,Tablet,2024-04-12 00:00:00
evt_1102,usr_531,cnt_004,2024-04-11 16:28:00,3452,smart tv,2024-04-12 00:00:00
evt_2948,usr_351,cnt_094,2024-04-11 17:07:00,3517,Mobile,2024-04-12 00:00:00
evt_0042,usr_895,cnt_008,2024-04-11 17:12:00,3750,web,2024-04-12 00:00:00
evt_0183,usr_362,cnt_023,2024-04-11 18:18:00,3511,Smart TV,2024-04-12 00:00:00
evt_3169,usr_377,cnt_044,2024-04-11 18:28:00,3249,MOBILE,2024-04-12 00:00:00
evt_0100,usr_770,cnt_047,2024-04-11 18:41:00,3929,Tablet,2024-04-12 00:00:00
evt_2283,usr_347,cnt_043,2024-04-11 19:10:00,3019,Tablet,2024-04-12 00:00:00
evt_4032,usr_274,cnt_015,2024-04-11 19:34:00,1448,Web,2024-04-12 00:00:00
evt_0609,usr_145,cnt_019,2024-04-11 19:44:00,1916,mobile,2024-04-12 00:00:00
evt_2163,usr_595,cnt_024,2024-04-11 20:04:00,2438,web,2024-04-12 00:00:00
evt_3950,usr_313,cnt_090,2024-04-11 20:06:00,1595,Mobile,2024-04-12 00:00:00
evt_2502,usr_916,cnt_119,2024-04-11 20:25:00,1794,WEB,2024-04-12 00:00:00
evt_1043,usr_595,cnt_078,2024-04-11 20:42:00,8049,MOBILE,2024-04-12 00:00:00
evt_0888,usr_302,cnt_095,2024-04-11 20:43:00,4355,Mobile,2024-04-12 00:00:00
evt_3829,usr_522,cnt_038,2024-04-11 20:59:00,1660,mobile,2024-04-12 00:00:00
evt_4939,usr_133,cnt_005,2024-04-11 21:08:00,5793,MOBILE,2024-04-12 00:00:00
evt_0987,usr_560,cnt_020,2024-04-11 21:27:00,2866,MOBILE,2024-04-12 00:00:00
evt_0287,usr_547,cnt_080,2024-04-11 22:06:00,6065,Web,2024-04-12 00:00:00
evt_1698,usr_161,cnt_117,2024-04-11 22:33:00,2416,tablet,2024-04-12 00:00:00
evt_0214,usr_504,cnt_007,2024-04-11 23:19:00,6516,Mobile,2024-04-12 00:00:00
evt_1381,usr_686,cnt_009,2024-04-11 23:24:00,7074,mobile,2024-04-12 00:00:00
evt_3647,usr_450,cnt_106,2024-04-11 23:48:00,3545,web,2024-04-12 00:00:00
evt_1977,usr_521,cnt_027,2024-04-12 00:37:00,6119,Tablet,2024-04-13 00:00:00
evt_2728,usr_613,cnt_058,2024-04-12 00:38:00,8106,WEB,2024-04-13 00:00:00
evt_2873,usr_898,cnt_010,2024-04-12 13:08:00,5675,tablet,2024-04-13 00:00:00
evt_2427,usr_928,cnt_014,2024-04-12 13:18:00,3204,web,2024-04-13 00:00:00
evt_2619,usr_293,cnt_046,2024-04-12 14:08:00,1122,Mobile,2024-04-13 00:00:00
evt_2714,usr_609,cnt_093,2024-04-12 14:12:00,1843,smart tv,2024-04-13 00:00:00
evt_3556,usr_250,cnt_117,2024-04-12 15:06:00,7584,web,2024-04-13 00:00:00
evt_4319,usr_587,cnt_082,2024-04-12 15:24:00,2390,SMART TV,2024-04-13 00:00:00
evt_3067,usr_109,cnt_071,2024-04-12 15:45:00,570,MOBILE,2024-04-13 00:00:00
evt_1312,usr_582,cnt_030,2024-04-12 15:53:00,2945,MOBILE,2024-04-13 00:00:00
evt_1945,usr_734,cnt_075,2024-04-12 16:27:00,800,Web,2024-04-13 00:00:00
evt_2741,usr_673,cnt_079,2024-04-12 17:20:00,6929,WEB,2024-04-13 00:00:00
evt_1247,usr_554,cnt_007,2024-04-12 17:24:00,3225,Web,2024-04-13 00:00:00
evt_1950,usr_773,cnt_064,2024-04-12 17:57:00,1925,tablet,2024-04-13 00:00:00
evt_1988,usr_657,cnt_119,2024-04-12 18:10:00,6095,Mobile,2024-04-13 00:00:00
evt_0381,usr_420,cnt_100,2024-04-12 18:42:00,1109,web,2024-04-13 00:00:00
evt_1262,usr_298,cnt_095,2024-04-12 18:49:00,3547,tablet,2024-04-13 00:00:00
evt_3581,usr_848,cnt_058,2024-04-12 18:52:00,9283,Tablet,2024-04-13 00:00:00
evt_4752,usr_232,cnt_114,2024-04-12 19:05:00,1575,MOBILE,2024-04-13 00:00:00
evt_1141,usr_273,cnt_056,2024-04-12 20:53:00,2534,mobile,2024-04-13 00:00:00
evt_1971,usr_853,cnt_106,2024-04-12 21:24:00,2949,MOBILE,2024-04-13 00:00:00
evt_2239,usr_411,cnt_062,2024-04-12 21:32:00,3529,smart tv,2024-04-13 00:00:00
evt_4269,usr_751,cnt_100,2024-04-12 21:43:00,1759,mobile,2024-04-13 00:00:00
evt_1718,usr_472,cnt_069,2024-04-12 21:44:00,1327,Mobile,2024-04-13 00:00:00
evt_3868,usr_455,cnt_027,2024-04-12 21:57:00,10250,mobile,2024-04-13 00:00:00
evt_1406,usr_895,cnt_061,2024-04-12 21:58:00,798,WEB,2024-04-13 00:00:00
evt_4445,usr_706,cnt_102,2024-04-12 22:09:00,1766,smart tv,2024-04-13 00:00:00
evt_1219,usr_238,cnt_003,2024-04-12 22:18:00,313,Tablet,2024-04-13 00:00:00
evt_4978,usr_585,cnt_031,2024-04-12 22:43:00,1525,smart tv,2024-04-13 00:00:00
evt_4297,usr_748,cnt_106,2024-04-12 22:56:00,6665,Web,2024-04-13 00:00:00
evt_1623,usr_351,cnt_001,2024-04-12 23:11:00,6020,SMART TV,2024-04-13 00:00:00
evt_3946,usr_808,cnt_018,2024-04-12 23:12:00,5892,TABLET,2024-04-13 00:00:00
evt_2120,usr_412,cnt_038,2024-04-13 00:50:00,2446,mobile,2024-04-14 00:00:00
evt_1206,usr_546,cnt_098,2024-04-13 13:26:00,1024,web,2024-04-14 00:00:00
evt_1463,usr_635,cnt_064,2024-04-13 13:37:00,2555,smart tv,2024-04-14 00:00:00
evt_0863,usr_412,cnt_016,2024-04-13 13:39:00,6481,MOBILE,2024-04-14 00:00:00
evt_1168,usr_474,cnt_033,2024-04-13 13:42:00,10598,MOBILE,2024-04-14 00:00:00
evt_4410,usr_128,cnt_105,2024-04-13 13:59:00,1253,Web,2024-04-14 00:00:00
evt_4668,usr_761,cnt_098,2024-04-13 14:07:00,1569,TABLET,2024-04-14 00:00:00
evt_0610,usr_465,cnt_109,2024-04-13 14:14:00,3544,WEB,2024-04-14 00:00:00
evt_4094,usr_427,cnt_064,2024-04-13 14:29:00,3854,mobile,2024-04-14 00:00:00
evt_0505,usr_210,cnt_040,2024-04-13 14:38:00,5682,mobile,2024-04-14 00:00:00
evt_1709,usr_635,cnt_077,2024-04-13 14:48:00,10185,WEB,2024-04-14 00:00:00
evt_2981,usr_229,cnt_064,2024-04-13 15:21:00,5982,Mobile,2024-04-14 00:00:00
evt_1372,usr_671,cnt_099,2024-04-13 16:11:00,6174,smart tv,2024-04-14 00:00:00
evt_4370,usr_336,cnt_111,2024-04-13 16:13:00,9629,Tablet,2024-04-14 00:00:00
evt_2309,usr_134,cnt_109,2024-04-13 17:26:00,1790,Mobile,2024-04-14 00:00:00
evt_3895,usr_781,cnt_056,2024-04-13 18:18:00,5656,mobile,2024-04-14 00:00:00
evt_4237,usr_408,cnt_074,2024-04-13 18:34:00,1112,Mobile,2024-04-14 00:00:00
evt_1455,usr_608,cnt_058,2024-04-13 18:51:00,3385,MOBILE,2024-04-14 00:00:00
evt_3125,usr_648,cnt_097,2024-04-13 18:56:00,8337,TABLET,2024-04-14 00:00:00
evt_0510,usr_842,cnt_049,2024-04-13 19:27:00,1416,Tablet,2024-04-14 00:00:00
evt_4054,usr_277,cnt_107,2024-04-13 19:32:00,1518,Tablet,2024-04-14 00:00:00
evt_1736,usr_250,cnt_103,2024-04-13 19:50:00,6430,Mobile,2024-04-14 00:00:00
evt_1467,usr_880,cnt_028,2024-04-13 19:54:00,2673,WEB,2024-04-14 00:00:00
evt_2531,usr_811,cnt_052,2024-04-13 20:26:00,10292,Mobile,2024-04-14 00:00:00
evt_3230,usr_932,cnt_074,2024-04-13 21:03:00,890,mobile,2024-04-14 00:00:00
evt_4579,usr_932,cnt_090,2024-04-13 21:06:00,9404,Smart TV,2024-04-14 00:00:00
evt_0015,usr_298,cnt_015,2024-04-13 21:52:00,302,Mobile,2024-04-14 00:00:00
evt_2514,usr_523,cnt_014,2024-04-13 21:59:00,950,Smart TV,2024-04-14 00:00:00
evt_3304,usr_606,cnt_048,2024-04-13 22:12:00,5028,MOBILE,2024-04-14 00:00:00
evt_3209,usr_429,cnt_068,2024-04-13 22:21:00,4529,mobile,2024-04-14 00:00:00
evt_4035,usr_696,cnt_057,2024-04-13 22:32:00,4410,SMART TV,2024-04-14 00:00:00
evt_2408,usr_136,cnt_032,2024-04-13 22:44:00,5363,Smart TV,2024-04-14 00:00:00
evt_3758,usr_672,cnt_037,2024-04-13 22:58:00,1540,SMART TV,2024-04-14 00:00:00
evt_3319,usr_249,cnt_097,2024-04-13 23:23:00,543,Mobile,2024-04-14 00:00:00
evt_4673,usr_540,cnt_017,2024-04-13 23:24:00,2683,Smart TV,2024-04-14 00:00:00
evt_3154,usr_842,cnt_046,2024-04-13 23:31:00,6395,Mobile,2024-04-14 00:00:00
evt_3190,usr_492,cnt_068,2024-04-13 23:42:00,7828,Tablet,2024-04-14 00:00:00
evt_4552,usr_732,cnt_038,2024-04-13 23:44:00,1572,MOBILE,2024-04-14 00:00:00
evt_2782,usr_776,cnt_056,2024-04-13 23:59:00,2784,web,2024-04-14 00:00:00
evt_0279,usr_560,cnt_117,2024-04-14 00:31:00,3460,MOBILE,2024-04-15 00:00:00
evt_0264,usr_531,cnt_025,2024-04-14 00:35:00,1778,MOBILE,2024-04-15 00:00:00
evt_1391,usr_637,cnt_096,2024-04-14 00:48:00,6716,smart tv,2024-04-15 00:00:00
evt_1176,usr_872,cnt_074,2024-04-14 13:20:00,4363,Web,2024-04-15 00:00:00
evt_1565,usr_341,cnt_113,2024-04-14 13:46:00,7136,Mobile,2024-04-15 00:00:00
evt_3232,usr_429,cnt_033,2024-04-14 13:56:00,1808,SMART TV,2024-04-15 00:00:00
evt_0464,usr_576,cnt_005,2024-04-14 13:59:00,4823,Mobile,2024-04-15 00:00:00
evt_0322,usr_793,cnt_092,2024-04-14 14:16:00,6989,Mobile,2024-04-15 00:00:00
evt_0854,usr_142,cnt_071,2024-04-14 14:21:00,5972,mobile,2024-04-15 00:00:00
evt_4966,usr_554,cnt_104,2024-04-14 14:23:00,5227,mobile,2024-04-15 00:00:00
evt_3515,usr_145,cnt_016,2024-04-14 14:43:00,2774,WEB,2024-04-15 00:00:00
evt_2273,usr_109,cnt_017,2024-04-14 15:15:00,969,MOBILE,2024-04-15 00:00:00
evt_1448,usr_351,cnt_120,2024-04-14 15:32:00,1323,Smart TV,2024-04-15 00:00:00
evt_1571,usr_880,cnt_018,2024-04-14 16:10:00,1780,Mobile,2024-04-15 00:00:00
evt_3014,usr_496,cnt_017,2024-04-14 16:45:00,3255,WEB,2024-04-15 00:00:00
evt_0306,usr_895,cnt_091,2024-04-14 17:10:00,3533,MOBILE,2024-04-15 00:00:00
evt_4299,usr_631,cnt_003,2024-04-14 17:11:00,602,SMART TV,2024-04-15 00:00:00
evt_3999,usr_543,cnt_098,2024-04-14 18:15:00,4595,TABLET,2024-04-15 00:00:00
evt_1172,usr_188,cnt_071,2024-04-14 18:48:00,5284,WEB,2024-04-15 00:00:00
evt_2210,usr_829,cnt_004,2024-04-14 19:13:00,3571,WEB,2024-04-15 00:00:00
evt_2674,usr_248,cnt_101,2024-04-14 19:54:00,2439,MOBILE,2024-04-15 00:00:00
evt_0815,usr_250,cnt_116,2024-04-14 20:40:00,1947,Mobile,2024-04-15 00:00:00
evt_2755,usr_793,cnt_045,2024-04-14 20:47:00,7106,mobile,2024-04-15 00:00:00
evt_0383,usr_250,cnt_023,2024-04-14 21:06:00,1796,MOBILE,2024-04-15 00:00:00
evt_2089,usr_772,cnt_063,2024-04-14 21:10:00,3831,web,2024-04-15 00:00:00
evt_2327,usr_556,cnt_068,2024-04-14 21:27:00,4911,SMART TV,2024-04-15 00:00:00
evt_0893,usr_727,cnt_018,2024-04-14 22:18:00,964,smart tv,2024-04-15 00:00:00
evt_3176,usr_188,cnt_093,2024-04-14 22:59:00,2295,Mobile,2024-04-15 00:00:00
evt_0024,usr_727,cnt_019,2024-04-14 23:09:00,5171,mobile,2024-04-15 00:00:00
evt_2133,usr_356,cnt_007,2024-04-14 23:44:00,361,Web,2024-04-15 00:00:00
evt_3163,usr_914,cnt_052,2024-04-15 00:01:00,3262,MOBILE,2024-04-16 00:00:00
evt_0486,usr_706,cnt_101,2024-04-15 00:03:00,2726,MOBILE,2024-04-16 00:00:00
evt_4843,usr_514,cnt_101,2024-04-15 00:36:00,911,mobile,2024-04-16 00:00:00
evt_0365,usr_469,cnt_083,2024-04-15 13:15:00,4319,MOBILE,2024-04-16 00:00:00
evt_2076,usr_554,cnt_053,2024-04-15 13:28:00,3036,Web,2024-04-16 00:00:00
evt_1260,usr_552,cnt_038,2024-04-15 13:46:00,2538,Smart TV,2024-04-16 00:00:00
evt_3295,usr_184,cnt_109,2024-04-15 13:52:00,3236,TABLET,2024-04-16 00:00:00
evt_4016,usr_108,cnt_086,2024-04-15 13:59:00,9042,Mobile,2024-04-16 00:00:00
evt_1399,usr_686,cnt_079,2024-04-15 14:00:00,2025,Tablet,2024-04-16 00:00:00
evt_3055,usr_547,cnt_074,2024-04-15 14:32:00,3428,Mobile,2024-04-16 00:00:00
evt_2880,usr_145,cnt_096,2024-04-15 15:54:00,2993,mobile,2024-04-16 00:00:00
evt_1211,usr_926,cnt_042,2024-04-15 15:55:00,608,MOBILE,2024-04-16 00:00:00
evt_4260,usr_729,cnt_113,2024-04-15 16:15:00,1679,mobile,2024-04-16 00:00:00
evt_3833,usr_552,cnt_050,2024-04-15 16:49:00,3267,Mobile,2024-04-16 00:00:00
evt_3386,usr_188,cnt_012,2024-04-15 18:21:00,1590,Mobile,2024-04-16 00:00:00
evt_0774,usr_139,cnt_117,2024-04-15 19:10:00,6427,mobile,2024-04-16 00:00:00
evt_1449,usr_232,cnt_078,2024-04-15 19:24:00,3030,web,2024-04-16 00:00:00
evt_2950,usr_744,cnt_009,2024-04-15 20:27:00,860,web,2024-04-16 00:00:00
evt_3729,usr_676,cnt_093,2024-04-15 20:29:00,3363,Smart TV,2024-04-16 00:00:00
evt_3242,usr_247,cnt_087,2024-04-15 20:41:00,2011,SMART TV,2024-04-16 00:00:00
evt_0479,usr_537,cnt_068,2024-04-15 21:13:00,2356,SMART TV,2024-04-16 00:00:00
evt_4707,usr_679,cnt_120,2024-04-15 21:15:00,5991,SMART TV,2024-04-16 00:00:00
evt_1820,usr_585,cnt_117,2024-04-15 21:16:00,797,mobile,2024-04-16 00:00:00
evt_4337,usr_914,cnt_082,2024-04-15 21:21:00,3481,smart tv,2024-04-16 00:00:00
evt_4517,usr_776,cnt_041,2024-04-15 21:38:00,3152,Mobile,2024-04-16 00:00:00
evt_3637,usr_916,cnt_106,2024-04-15 21:52:00,6879,mobile,2024-04-16 00:00:00
evt_0218,usr_291,cnt_020,2024-04-15 22:43:00,1206,MOBILE,2024-04-16 00:00:00
evt_3958,usr_238,cnt_091,2024-04-15 22:48:00,6887,SMART TV,2024-04-16 00:00:00
evt_3339,usr_608,cnt_057,2024-04-15 22:59:00,2919,MOBILE,2024-04-16 00:00:00
evt_1599,usr_676,cnt_052,2024-04-15 23:08:00,2061,Mobile,2024-04-16 00:00:00
evt_2402,usr_327,cnt_111,2024-04-15 23:18:00,982,Mobile,2024-04-16 00:00:00
evt_0980,usr_238,cnt_109,2024-04-15 23:28:00,2001,Tablet,2024-04-16 00:00:00
evt_0672,usr_761,cnt_011,2024-04-16 00:19:00,3363,smart tv,2024-04-17 00:00:00
evt_4541,usr_589,cnt_035,2024-04-16 00:22:00,3487,WEB,2024-04-17 00:00:00
evt_1498,usr_492,cnt_044,2024-04-16 00:53:00,315,MOBILE,2024-04-17 00:00:00
evt_2612,usr_364,cnt_029,2024-04-16 13:15:00,6923,Web,2024-04-17 00:00:00
evt_4824,usr_686,cnt_095,2024-04-16 13:39:00,2695,smart tv,2024-04-17 00:00:00
evt_0715,usr_349,cnt_024,2024-04-16 13:55:00,1381,SMART TV,2024-04-17 00:00:00
evt_1480,usr_853,cnt_033,2024-04-16 14:31:00,985,Web,2024-04-17 00:00:00
evt_4234,usr_606,cnt_028,2024-04-16 14:47:00,1656,web,2024-04-17 00:00:00
evt_4064,usr_108,cnt_006,2024-04-16 15:04:00,2684,TABLET,2024-04-17 00:00:00
evt_2255,usr_415,cnt_069,2024-04-16 15:49:00,3538,Tablet,2024-04-17 00:00:00
evt_0585,usr_339,cnt_115,2024-04-16 15:53:00,1852,SMART TV,2024-04-17 00:00:00
evt_1982,usr_623,cnt_045,2024-04-16 16:00:00,605,MOBILE,2024-04-17 00:00:00
evt_3876,usr_560,cnt_059,2024-04-16 16:07:00,2814,Tablet,2024-04-17 00:00:00
evt_3372,usr_613,cnt_028,2024-04-16 16:10:00,1256,Smart TV,2024-04-17 00:00:00
evt_1226,usr_291,cnt_041,2024-04-16 16:13:00,3576,Mobile,2024-04-17 00:00:00
evt_4637,usr_916,cnt_089,2024-04-16 16:17:00,3384,smart tv,2024-04-17 00:00:00
evt_2834,usr_113,cnt_052,2024-04-16 16:37:00,2039,TABLET,2024-04-17 00:00:00
evt_3254,usr_277,cnt_017,2024-04-16 16:49:00,10281,MOBILE,2024-04-17 00:00:00
evt_2785,usr_848,cnt_086,2024-04-16 16:57:00,1793,TABLET,2024-04-17 00:00:00
evt_3452,usr_631,cnt_014,2024-04-16 17:17:00,5567,WEB,2024-04-17 00:00:00
evt_4039,usr_678,cnt_012,2024-04-16 18:02:00,842,Mobile,2024-04-17 00:00:00
evt_0154,usr_575,cnt_090,2024-04-16 19:09:00,3041,Smart TV,2024-04-17 00:00:00
evt_3586,usr_192,cnt_040,2024-04-16 19:12:00,5013,mobile,2024-04-17 00:00:00
evt_2312,usr_272,cnt_106,2024-04-16 19:18:00,7822,Mobile,2024-04-17 00:00:00
evt_0681,usr_486,cnt_083,2024-04-16 20:07:00,1313,mobile,2024-04-17 00:00:00
evt_2892,usr_671,cnt_093,2024-04-16 20:23:00,440,Mobile,2024-04-17 00:00:00
evt_4656,usr_522,cnt_022,2024-04-16 21:05:00,765,smart tv,2024-04-17 00:00:00
evt_0813,usr_543,cnt_090,2024-04-16 21:26:00,1640,mobile,2024-04-17 00:00:00
evt_1378,usr_425,cnt_036,2024-04-16 23:01:00,909,tablet,2024-04-17 00:00:00
evt_1165,usr_124,cnt_003,2024-04-16 23:08:00,862,MOBILE,2024-04-17 00:00:00
evt_0797,usr_732,cnt_102,2024-04-16 23:52:00,1597,mobile,2024-04-17 00:00:00
evt_2189,usr_527,cnt_062,2024-04-17 13:27:00,1718,Smart TV,2024-04-18 00:00:00
evt_2183,usr_273,cnt_006,2024-04-17 13:59:00,6779,Mobile,2024-04-18 00:00:00
evt_1572,usr_248,cnt_044,2024-04-17 14:05:00,1649,MOBILE,2024-04-18 00:00:00
evt_1786,usr_928,cnt_018,2024-04-17 14:24:00,1410,SMART TV,2024-04-18 00:00:00
evt_0853,usr_475,cnt_021,2024-04-17 15:20:00,1188,mobile,2024-04-18 00:00:00
evt_0880,usr_299,cnt_045,2024-04-17 16:20:00,397,web,2024-04-18 00:00:00
evt_1898,usr_699,cnt_012,2024-04-17 16:24:00,8104,Mobile,2024-04-18 00:00:00
evt_0114,usr_277,cnt_079,2024-04-17 16:55:00,5561,TABLET,2024-04-18 00:00:00
evt_4098,usr_425,cnt_016,2024-04-17 17:13:00,5481,Mobile,2024-04-18 00:00:00
evt_4560,usr_406,cnt_085,2024-04-17 17:30:00,435,Mobile,2024-04-18 00:00:00
evt_2495,usr_540,cnt_073,2024-04-17 18:24:00,3899,Mobile,2024-04-18 00:00:00
evt_1175,usr_782,cnt_054,2024-04-17 19:12:00,4836,tablet,2024-04-18 00:00:00
evt_3495,usr_362,cnt_109,2024-04-17 20:00:00,6835,MOBILE,2024-04-18 00:00:00
evt_2425,usr_898,cnt_086,2024-04-17 20:42:00,720,TABLET,2024-04-18 00:00:00
evt_0572,usr_888,cnt_045,2024-04-17 20:47:00,1620,smart tv,2024-04-18 00:00:00
evt_4631,usr_443,cnt_082,2024-04-17 21:01:00,1738,MOBILE,2024-04-18 00:00:00
evt_0642,usr_563,cnt_046,2024-04-17 22:46:00,6713,web,2024-04-18 00:00:00
evt_0040,usr_848,cnt_070,2024-04-17 22:47:00,6398,Web,2024-04-18 00:00:00
evt_2795,usr_389,cnt_002,2024-04-17 23:42:00,1289,tablet,2024-04-18 00:00:00
evt_4479,usr_531,cnt_072,2024-04-18 00:04:00,2406,MOBILE,2024-04-19 00:00:00
evt_0030,usr_635,cnt_082,2024-04-18 00:16:00,9151,Mobile,2024-04-19 00:00:00
evt_2338,usr_746,cnt_066,2024-04-18 00:17:00,2151,web,2024-04-19 00:00:00
evt_0224,usr_589,cnt_054,2024-04-18 00:25:00,2125,tablet,2024-04-19 00:00:00
evt_3486,usr_465,cnt_046,2024-04-18 00:29:00,7006,MOBILE,2024-04-19 00:00:00
evt_3336,usr_809,cnt_074,2024-04-18 00:46:00,5484,tablet,2024-04-19 00:00:00
evt_0599,usr_595,cnt_011,2024-04-18 00:48:00,3154,mobile,2024-04-19 00:00:00
evt_0677,usr_133,cnt_061,2024-04-18 13:07:00,2124,SMART TV,2024-04-19 00:00:00
evt_4086,usr_394,cnt_096,2024-04-18 13:10:00,9000,Tablet,2024-04-19 00:00:00
evt_2590,usr_780,cnt_097,2024-04-18 13:32:00,1985,MOBILE,2024-04-19 00:00:00
evt_3231,usr_679,cnt_028,2024-04-18 13:33:00,6845,smart tv,2024-04-19 00:00:00
evt_1712,usr_501,cnt_075,2024-04-18 14:22:00,7049,Mobile,2024-04-19 00:00:00
evt_4002,usr_302,cnt_060,2024-04-18 16:03:00,3420,SMART TV,2024-04-19 00:00:00
evt_0988,usr_590,cnt_094,2024-04-18 16:18:00,3149,Tablet,2024-04-19 00:00:00
evt_4704,usr_939,cnt_026,2024-04-18 17:10:00,891,MOBILE,2024-04-19 00:00:00
evt_4979,usr_440,cnt_046,2024-04-18 17:17:00,1761,Smart TV,2024-04-19 00:00:00
evt_4329,usr_502,cnt_068,2024-04-18 17:42:00,6801,MOBILE,2024-04-19 00:00:00
evt_3879,usr_496,cnt_094,2024-04-18 17:49:00,3320,tablet,2024-04-19 00:00:00
evt_0747,usr_280,cnt_007,2024-04-18 18:12:00,710,TABLET,2024-04-19 00:00:00
evt_3952,usr_415,cnt_051,2024-04-18 18:45:00,1650,Mobile,2024-04-19 00:00:00
evt_1958,usr_528,cnt_056,2024-04-18 19:01:00,1709,SMART TV,2024-04-19 00:00:00
evt_1006,usr_522,cnt_050,2024-04-18 19:57:00,500,Tablet,2024-04-19 00:00:00
evt_4007,usr_411,cnt_045,2024-04-18 20:07:00,438,TABLET,2024-04-19 00:00:00
evt_4747,usr_583,cnt_028,2024-04-18 20:18:00,8949,Tablet,2024-04-19 00:00:00
evt_4593,usr_650,cnt_091,2024-04-18 20:24:00,595,Web,2024-04-19 00:00:00
evt_3514,usr_469,cnt_083,2024-04-18 20:41:00,2997,Mobile,2024-04-19 00:00:00
evt_2287,usr_631,cnt_012,2024-04-18 20:51:00,2794,tablet,2024-04-19 00:00:00
evt_4363,usr_618,cnt_082,2024-04-18 21:04:00,9513,TABLET,2024-04-19 00:00:00
evt_4066,usr_865,cnt_024,2024-04-18 21:25:00,1156,Tablet,2024-04-19 00:00:00
evt_2517,usr_161,cnt_050,2024-04-18 21:27:00,1848,WEB,2024-04-19 00:00:00
evt_2832,usr_585,cnt_111,2024-04-18 21:33:00,6251,MOBILE,2024-04-19 00:00:00
evt_1099,usr_440,cnt_042,2024-04-18 21:47:00,347,MOBILE,2024-04-19 00:00:00
evt_2141,usr_456,cnt_014,2024-04-18 22:00:00,6242,WEB,2024-04-19 00:00:00
evt_2658,usr_433,cnt_120,2024-04-18 22:11:00,2921,Mobile,2024-04-19 00:00:00
evt_2591,usr_427,cnt_008,2024-04-18 22:14:00,4970,MOBILE,2024-04-19 00:00:00
evt_3620,usr_521,cnt_066,2024-04-18 23:30:00,2854,Mobile,2024-04-19 00:00:00
evt_1297,usr_430,cnt_119,2024-04-18 23:36:00,2768,Mobile,2024-04-19 00:00:00
evt_4958,usr_798,cnt_007,2024-04-18 23:36:00,7116,tablet,2024-04-19 00:00:00
evt_4344,usr_486,cnt_112,2024-04-19 00:11:00,6191,Smart TV,2024-04-20 00:00:00
evt_1530,usr_554,cnt_001,2024-04-19 00:22:00,4345,SMART TV,2024-04-20 00:00:00
evt_1080,usr_607,cnt_074,2024-04-19 00:28:00,8416,web,2024-04-20 00:00:00
evt_0531,usr_945,cnt_036,2024-04-19 00:57:00,5108,mobile,2024-04-20 00:00:00
evt_2403,usr_498,cnt_057,2024-04-19 13:11:00,840,mobile,2024-04-20 00:00:00
evt_4943,usr_332,cnt_013,2024-04-19 13:20:00,4855,TABLET,2024-04-20 00:00:00
evt_2203,usr_237,cnt_113,2024-04-19 13:21:00,2433,TABLET,2024-04-20 00:00:00
evt_0878,usr_161,cnt_019,2024-04-19 13:39:00,1872,MOBILE,2024-04-20 00:00:00
evt_2340,usr_832,cnt_115,2024-04-19 13:47:00,1616,Mobile,2024-04-20 00:00:00
evt_0096,usr_475,cnt_092,2024-04-19 15:44:00,6662,SMART TV,2024-04-20 00:00:00
evt_3472,usr_776,cnt_111,2024-04-19 16:25:00,1540,Tablet,2024-04-20 00:00:00
evt_0795,usr_636,cnt_031,2024-04-19 16:39:00,1745,Mobile,2024-04-20 00:00:00
evt_1076,usr_206,cnt_119,2024-04-19 17:20:00,1086,SMART TV,2024-04-20 00:00:00
evt_4998,usr_865,cnt_070,2024-04-19 17:31:00,5933,tablet,2024-04-20 00:00:00
evt_2481,usr_540,cnt_054,2024-04-19 18:03:00,1005,MOBILE,2024-04-20 00:00:00
evt_0219,usr_466,cnt_045,2024-04-19 18:50:00,586,WEB,2024-04-20 00:00:00
evt_0497,usr_496,cnt_012,2024-04-19 19:11:00,3326,MOBILE,2024-04-20 00:00:00
evt_3501,usr_636,cnt_071,2024-04-19 19:30:00,467,Tablet,2024-04-20 00:00:00
evt_4808,usr_205,cnt_047,2024-04-19 21:42:00,1785,Mobile,2024-04-20 00:00:00
evt_1253,usr_879,cnt_060,2024-04-19 22:10:00,3495,MOBILE,2024-04-20 00:00:00
evt_2974,usr_679,cnt_116,2024-04-19 22:24:00,1443,Smart TV,2024-04-20 00:00:00
evt_4527,usr_188,cnt_068,2024-04-19 22:26:00,3314,smart tv,2024-04-20 00:00:00
evt_3418,usr_486,cnt_033,2024-04-19 23:36:00,552,Mobile,2024-04-20 00:00:00
evt_0246,usr_945,cnt_074,2024-04-20 00:25:00,1316,mobile,2024-04-21 00:00:00
evt_2777,usr_390,cnt_070,2024-04-20 00:38:00,2780,web,2024-04-21 00:00:00
evt_3201,usr_928,cnt_062,2024-04-20 13:50:00,1562,MOBILE,2024-04-21 00:00:00
evt_4289,usr_313,cnt_053,2024-04-20 14:03:00,2976,web,2024-04-21 00:00:00
evt_2476,usr_517,cnt_044,2024-04-20 14:24:00,5789,WEB,2024-04-21 00:00:00
evt_2308,usr_161,cnt_001,2024-04-20 15:00:00,6316,Web,2024-04-21 00:00:00
evt_2730,usr_679,cnt_046,2024-04-20 15:14:00,3515,Smart TV,2024-04-21 00:00:00
evt_3237,usr_829,cnt_117,2024-04-20 15:20:00,6720,WEB,2024-04-21 00:00:00
evt_2968,usr_498,cnt_090,2024-04-20 16:40:00,3542,Web,2024-04-21 00:00:00
evt_3592,usr_778,cnt_080,2024-04-20 16:42:00,716,web,2024-04-21 00:00:00
evt_3888,usr_784,cnt_057,2024-04-20 16:47:00,967,web,2024-04-21 00:00:00
evt_1160,usr_134,cnt_064,2024-04-20 17:22:00,1238,mobile,2024-04-21 00:00:00
evt_3839,usr_938,cnt_010,2024-04-20 18:03:00,4252,Web,2024-04-21 00:00:00
evt_3907,usr_249,cnt_118,2024-04-20 18:15:00,8143,smart tv,2024-04-21 00:00:00
evt_2395,usr_736,cnt_065,2024-04-20 18:41:00,8674,Mobile,2024-04-21 00:00:00
evt_2556,usr_736,cnt_055,2024-04-20 19:28:00,4595,Mobile,2024-04-21 00:00:00
evt_1772,usr_445,cnt_025,2024-04-20 19:35:00,2705,TABLET,2024-04-21 00:00:00
evt_4257,usr_530,cnt_029,2024-04-20 19:37:00,888,TABLET,2024-04-21 00:00:00
evt_1170,usr_865,cnt_073,2024-04-20 19:48:00,2662,Tablet,2024-04-21 00:00:00
evt_2266,usr_630,cnt_007,2024-04-20 20:02:00,1335,web,2024-04-21 00:00:00
evt_4348,usr_496,cnt_029,2024-04-20 20:03:00,979,WEB,2024-04-21 00:00:00
evt_1081,usr_829,cnt_114,2024-04-20 20:16:00,6954,SMART TV,2024-04-21 00:00:00
evt_4343,usr_108,cnt_001,2024-04-20 21:20:00,1558,Web,2024-04-21 00:00:00
evt_3265,usr_504,cnt_080,2024-04-20 22:29:00,3206,Smart TV,2024-04-21 00:00:00
evt_4390,usr_761,cnt_118,2024-04-20 22:37:00,1635,SMART TV,2024-04-21 00:00:00
evt_4814,usr_521,cnt_007,2024-04-20 22:42:00,2194,Mobile,2024-04-21 00:00:00
evt_4286,usr_481,cnt_006,2024-04-20 23:01:00,502,MOBILE,2024-04-21 00:00:00
evt_1702,usr_504,cnt_114,2024-04-20 23:08:00,2377,SMART TV,2024-04-21 00:00:00
evt_2125,usr_247,cnt_038,2024-04-21 00:53:00,2647,mobile,2024-04-22 00:00:00
evt_0871,usr_865,cnt_096,2024-04-21 13:22:00,2312,Mobile,2024-04-22 00:00:00
evt_4437,usr_433,cnt_046,2024-04-21 14:08:00,3067,Mobile,2024-04-22 00:00:00
evt_1274,usr_502,cnt_076,2024-04-21 14:10:00,3336,web,2024-04-22 00:00:00
evt_0226,usr_240,cnt_012,2024-04-21 14:29:00,1553,WEB,2024-04-22 00:00:00
evt_0083,usr_133,cnt_107,2024-04-21 14:58:00,3347,Mobile,2024-04-22 00:00:00
evt_1954,usr_916,cnt_120,2024-04-21 15:11:00,2291,Mobile,2024-04-22 00:00:00
evt_4463,usr_788,cnt_028,2024-04-21 16:05:00,836,tablet,2024-04-22 00:00:00
evt_0954,usr_321,cnt_021,2024-04-21 16:06:00,7130,SMART TV,2024-04-22 00:00:00
evt_2064,usr_595,cnt_011,2024-04-21 17:02:00,4651,web,2024-04-22 00:00:00
evt_2381,usr_938,cnt_047,2024-04-21 17:08:00,1715,tablet,2024-04-22 00:00:00
evt_1440,usr_609,cnt_019,2024-04-21 17:55:00,680,mobile,2024-04-22 00:00:00
evt_2784,usr_543,cnt_081,2024-04-21 18:35:00,614,smart tv,2024-04-22 00:00:00
evt_3813,usr_576,cnt_034,2024-04-21 18:44:00,2226,tablet,2024-04-22 00:00:00
evt_4957,usr_292,cnt_104,2024-04-21 18:55:00,8843,Web,2024-04-22 00:00:00
evt_1290,usr_252,cnt_052,2024-04-21 19:05:00,1597,Tablet,2024-04-22 00:00:00
evt_0947,usr_469,cnt_070,2024-04-21 19:18:00,6812,smart tv,2024-04-22 00:00:00
evt_4003,usr_939,cnt_112,2024-04-21 19:26:00,7084,smart tv,2024-04-22 00:00:00
evt_1693,usr_945,cnt_033,2024-04-21 19:27:00,604,mobile,2024-04-22 00:00:00
evt_2307,usr_517,cnt_112,2024-04-21 20:50:00,3573,MOBILE,2024-04-22 00:00:00
evt_0648,usr_916,cnt_068,2024-04-21 20:52:00,3970,Mobile,2024-04-22 00:00:00
evt_3857,usr_205,cnt_025,2024-04-21 21:38:00,4260,MOBILE,2024-04-22 00:00:00
evt_2662,usr_351,cnt_049,2024-04-21 22:16:00,7159,Mobile,2024-04-22 00:00:00
evt_3203,usr_481,cnt_054,2024-04-21 22:53:00,7044,SMART TV,2024-04-22 00:00:00
evt_3877,usr_793,cnt_016,2024-04-21 22:53:00,3782,mobile,2024-04-22 00:00:00
evt_3826,usr_293,cnt_092,2024-04-21 23:08:00,489,MOBILE,2024-04-22 00:00:00
evt_4976,usr_673,cnt_114,2024-04-21 23:12:00,2175,MOBILE,2024-04-22 00:00:00
evt_1121,usr_585,cnt_116,2024-04-21 23:22:00,5995,Mobile,2024-04-22 00:00:00
evt_0297,usr_595,cnt_079,2024-04-21 23:27:00,1126,TABLET,2024-04-22 00:00:00
evt_0013,usr_500,cnt_075,2024-04-21 23:52:00,1873,mobile,2024-04-22 00:00:00
evt_0423,usr_503,cnt_045,2024-04-22 00:12:00,3047,MOBILE,2024-04-23 00:00:00
evt_1457,usr_537,cnt_085,2024-04-22 00:46:00,4179,MOBILE,2024-04-23 00:00:00
evt_4031,usr_149,cnt_095,2024-04-22 13:36:00,1486,SMART TV,2024-04-23 00:00:00
evt_0448,usr_871,cnt_019,2024-04-22 13:59:00,6062,smart tv,2024-04-23 00:00:00
evt_1900,usr_736,cnt_060,2024-04-22 14:07:00,4125,mobile,2024-04-23 00:00:00
evt_4722,usr_133,cnt_001,2024-04-22 15:20:00,2754,MOBILE,2024-04-23 00:00:00
evt_4759,usr_890,cnt_087,2024-04-22 16:24:00,1651,MOBILE,2024-04-23 00:00:00
evt_0682,usr_455,cnt_045,2024-04-22 16:32:00,7074,Web,2024-04-23 00:00:00
evt_0751,usr_272,cnt_038,2024-04-22 16:40:00,1499,mobile,2024-04-23 00:00:00
evt_4279,usr_218,cnt_094,2024-04-22 16:45:00,4368,Web,2024-04-23 00:00:00
evt_3805,usr_575,cnt_103,2024-04-22 17:02:00,4521,Mobile,2024-04-23 00:00:00
evt_1919,usr_433,cnt_063,2024-04-22 17:04:00,2579,smart tv,2024-04-23 00:00:00
evt_4882,usr_481,cnt_028,2024-04-22 17:09:00,1334,mobile,2024-04-23 00:00:00
evt_3964,usr_591,cnt_023,2024-04-22 18:25:00,2721,WEB,2024-04-23 00:00:00
evt_0124,usr_302,cnt_003,2024-04-22 18:26:00,3191,Web,2024-04-23 00:00:00
evt_4758,usr_609,cnt_072,2024-04-22 19:05:00,1608,web,2024-04-23 00:00:00
evt_0802,usr_504,cnt_061,2024-04-22 19:32:00,1548,mobile,2024-04-23 00:00:00
evt_3845,usr_192,cnt_015,2024-04-22 19:35:00,4293,mobile,2024-04-23 00:00:00
evt_1118,usr_129,cnt_104,2024-04-22 19:42:00,5478,Mobile,2024-04-23 00:00:00
evt_2383,usr_767,cnt_088,2024-04-22 19:54:00,838,SMART TV,2024-04-23 00:00:00
evt_4997,usr_368,cnt_027,2024-04-22 19:54:00,8857,SMART TV,2024-04-23 00:00:00
evt_0268,usr_761,cnt_034,2024-04-22 20:16:00,3504,web,2024-04-23 00:00:00
evt_1404,usr_313,cnt_004,2024-04-22 20:23:00,10302,MOBILE,2024-04-23 00:00:00
evt_1456,usr_293,cnt_016,2024-04-22 20:27:00,6551,Mobile,2024-04-23 00:00:00
evt_3806,usr_523,cnt_049,2024-04-22 20:33:00,4390,tablet,2024-04-23 00:00:00
evt_1598,usr_185,cnt_064,2024-04-22 20:38:00,4329,tablet,2024-04-23 00:00:00
evt_0768,usr_406,cnt_027,2024-04-22 20:54:00,1623,MOBILE,2024-04-23 00:00:00
evt_1866,usr_450,cnt_020,2024-04-22 21:04:00,5666,mobile,2024-04-23 00:00:00
evt_4282,usr_547,cnt_002,2024-04-22 21:17:00,5073,Mobile,2024-04-23 00:00:00
evt_0310,usr_537,cnt_046,2024-04-22 22:17:00,490,Mobile,2024-04-23 00:00:00
evt_1324,usr_514,cnt_047,2024-04-22 22:36:00,10028,Tablet,2024-04-23 00:00:00
evt_3820,usr_113,cnt_097,2024-04-23 00:11:00,4550,MOBILE,2024-04-24 00:00:00
evt_0711,usr_415,cnt_086,2024-04-23 00:17:00,1862,SMART TV,2024-04-24 00:00:00
evt_3141,usr_292,cnt_099,2024-04-23 00:55:00,3099,smart tv,2024-04-24 00:00:00
evt_1066,usr_273,cnt_031,2024-04-23 00:56:00,2982,Mobile,2024-04-24 00:00:00
evt_1716,usr_408,cnt_009,2024-04-23 13:09:00,1448,Smart TV,2024-04-24 00:00:00
evt_0048,usr_390,cnt_092,2024-04-23 14:57:00,465,WEB,2024-04-24 00:00:00
evt_4008,usr_848,cnt_101,2024-04-23 15:17:00,2793,MOBILE,2024-04-24 00:00:00
evt_0895,usr_454,cnt_105,2024-04-23 16:20:00,2335,Web,2024-04-24 00:00:00
evt_0607,usr_636,cnt_088,2024-04-23 16:35:00,7546,Smart TV,2024-04-24 00:00:00
evt_0822,usr_394,cnt_087,2024-04-23 16:38:00,3139,Smart TV,2024-04-24 00:00:00
evt_3666,usr_402,cnt_077,2024-04-23 16:59:00,1784,SMART TV,2024-04-24 00:00:00
evt_3206,usr_274,cnt_031,2024-04-23 17:15:00,2953,WEB,2024-04-24 00:00:00
evt_3763,usr_780,cnt_091,2024-04-23 17:55:00,1722,Web,2024-04-24 00:00:00
evt_0580,usr_938,cnt_119,2024-04-23 18:44:00,3328,mobile,2024-04-24 00:00:00
evt_1185,usr_609,cnt_089,2024-04-23 18:50:00,5255,Mobile,2024-04-24 00:00:00
evt_0303,usr_232,cnt_054,2024-04-23 19:07:00,1420,web,2024-04-24 00:00:00
evt_2347,usr_879,cnt_102,2024-04-23 19:31:00,942,SMART TV,2024-04-24 00:00:00
evt_3538,usr_848,cnt_018,2024-04-23 19:31:00,4495,Mobile,2024-04-24 00:00:00
evt_3048,usr_589,cnt_030,2024-04-23 19:50:00,1109,Web,2024-04-24 00:00:00
evt_1432,usr_109,cnt_092,2024-04-23 20:09:00,3188,MOBILE,2024-04-24 00:00:00
evt_4018,usr_890,cnt_114,2024-04-23 20:57:00,2035,MOBILE,2024-04-24 00:00:00
evt_2546,usr_563,cnt_071,2024-04-23 21:07:00,10355,MOBILE,2024-04-24 00:00:00
evt_4548,usr_105,cnt_045,2024-04-23 21:44:00,4990,mobile,2024-04-24 00:00:00
evt_4947,usr_517,cnt_049,2024-04-23 21:59:00,3352,Mobile,2024-04-24 00:00:00
evt_4643,usr_285,cnt_037,2024-04-23 22:32:00,2058,Tablet,2024-04-24 00:00:00
evt_1198,usr_727,cnt_114,2024-04-23 23:12:00,3004,Web,2024-04-24 00:00:00
evt_2604,usr_767,cnt_001,2024-04-23 23:18:00,1009,mobile,2024-04-24 00:00:00
evt_3002,usr_124,cnt_008,2024-04-23 23:42:00,500,SMART TV,2024-04-24 00:00:00
evt_3299,usr_248,cnt_067,2024-04-23 23:47:00,5124,SMART TV,2024-04-24 00:00:00
evt_0931,usr_347,cnt_113,2024-04-23 23:59:00,2007,Mobile,2024-04-24 00:00:00
evt_4143,usr_219,cnt_035,2024-04-24 00:19:00,2722,tablet,2024-04-25 00:00:00
evt_3904,usr_443,cnt_097,2024-04-24 00:23:00,2322,mobile,2024-04-25 00:00:00
evt_3180,usr_454,cnt_096,2024-04-24 13:17:00,4910,WEB,2024-04-25 00:00:00
evt_3318,usr_789,cnt_065,2024-04-24 13:21:00,3568,WEB,2024-04-25 00:00:00
evt_3397,usr_817,cnt_119,2024-04-24 13:40:00,1624,Smart TV,2024-04-25 00:00:00
evt_2676,usr_630,cnt_043,2024-04-24 14:19:00,6456,web,2024-04-25 00:00:00
evt_0247,usr_420,cnt_036,2024-04-24 15:02:00,2506,tablet,2024-04-25 00:00:00
evt_3384,usr_149,cnt_037,2024-04-24 16:53:00,617,Mobile,2024-04-25 00:00:00
evt_2696,usr_686,cnt_096,2024-04-24 17:25:00,1813,tablet,2024-04-25 00:00:00
evt_3224,usr_719,cnt_092,2024-04-24 17:34:00,314,smart tv,2024-04-25 00:00:00
evt_0473,usr_636,cnt_094,2024-04-24 17:40:00,670,web,2024-04-25 00:00:00
evt_0846,usr_546,cnt_072,2024-04-24 18:07:00,380,mobile,2024-04-25 00:00:00
evt_4785,usr_939,cnt_078,2024-04-24 18:39:00,4940,web,2024-04-25 00:00:00
evt_4630,usr_914,cnt_042,2024-04-24 18:43:00,8816,Smart TV,2024-04-25 00:00:00
evt_3240,usr_595,cnt_078,2024-04-24 19:05:00,6169,Tablet,2024-04-25 00:00:00
evt_1536,usr_530,cnt_028,2024-04-24 19:11:00,3323,MOBILE,2024-04-25 00:00:00
evt_2496,usr_589,cnt_017,2024-04-24 19:45:00,4895,WEB,2024-04-25 00:00:00
evt_1798,usr_248,cnt_007,2024-04-24 20:59:00,1705,mobile,2024-04-25 00:00:00
evt_4131,usr_902,cnt_010,2024-04-24 21:19:00,2509,MOBILE,2024-04-25 00:00:00
evt_3797,usr_362,cnt_073,2024-04-24 22:39:00,1507,Tablet,2024-04-25 00:00:00
evt_2285,usr_478,cnt_038,2024-04-24 23:09:00,1163,smart tv,2024-04-25 00:00:00
evt_3937,usr_429,cnt_047,2024-04-24 23:21:00,2175,mobile,2024-04-25 00:00:00
evt_3045,usr_277,cnt_096,2024-04-25 00:19:00,2184,WEB,2024-04-26 00:00:00
evt_2648,usr_789,cnt_055,2024-04-25 13:30:00,3991,web,2024-04-26 00:00:00
evt_3009,usr_864,cnt_089,2024-04-25 13:58:00,604,mobile,2024-04-26 00:00:00
evt_4357,usr_402,cnt_031,2024-04-25 14:26:00,5281,SMART TV,2024-04-26 00:00:00
evt_2013,usr_356,cnt_117,2024-04-25 14:29:00,8151,Smart TV,2024-04-26 00:00:00
evt_1479,usr_139,cnt_042,2024-04-25 15:52:00,10641,mobile,2024-04-26 00:00:00
evt_4458,usr_416,cnt_040,2024-04-25 16:04:00,1900,Web,2024-04-26 00:00:00
evt_3898,usr_393,cnt_043,2024-04-25 16:11:00,9633,WEB,2024-04-26 00:00:00
evt_4095,usr_907,cnt_017,2024-04-25 16:34:00,753,Smart TV,2024-04-26 00:00:00
evt_3867,usr_794,cnt_062,2024-04-25 16:39:00,3256,Mobile,2024-04-26 00:00:00
evt_2920,usr_560,cnt_110,2024-04-25 17:16:00,1566,mobile,2024-04-26 00:00:00
evt_2259,usr_298,cnt_115,2024-04-25 17:17:00,5996,Mobile,2024-04-26 00:00:00
evt_3198,usr_368,cnt_065,2024-04-25 17:36:00,737,mobile,2024-04-26 00:00:00
evt_2961,usr_141,cnt_093,2024-04-25 17:43:00,3527,Smart TV,2024-04-26 00:00:00
evt_2922,usr_504,cnt_055,2024-04-25 18:14:00,10005,mobile,2024-04-26 00:00:00
evt_0663,usr_782,cnt_080,2024-04-25 18:46:00,4731,mobile,2024-04-26 00:00:00
evt_1822,usr_501,cnt_070,2024-04-25 18:54:00,2262,Web,2024-04-26 00:00:00
evt_2135,usr_465,cnt_110,2024-04-25 19:16:00,2787,Mobile,2024-04-26 00:00:00
evt_0939,usr_635,cnt_112,2024-04-25 19:33:00,738,Smart TV,2024-04-26 00:00:00
evt_2997,usr_116,cnt_006,2024-04-25 19:37:00,4109,Smart TV,2024-04-26 00:00:00
evt_1355,usr_472,cnt_009,2024-04-25 19:49:00,4172,mobile,2024-04-26 00:00:00
evt_3358,usr_635,cnt_037,2024-04-25 21:06:00,1144,smart tv,2024-04-26 00:00:00
evt_1639,usr_558,cnt_054,2024-04-25 21:28:00,2723,Mobile,2024-04-26 00:00:00
evt_4315,usr_285,cnt_042,2024-04-25 21:47:00,5671,MOBILE,2024-04-26 00:00:00
evt_2801,usr_757,cnt_077,2024-04-25 23:03:00,1783,MOBILE,2024-04-26 00:00:00
evt_3370,usr_907,cnt_100,2024-04-25 23:25:00,3023,web,2024-04-26 00:00:00
evt_3341,usr_589,cnt_108,2024-04-25 23:31:00,10705,MOBILE,2024-04-26 00:00:00
evt_3374,usr_829,cnt_033,2024-04-26 00:06:00,2062,web,2024-04-27 00:00:00
evt_2393,usr_696,cnt_043,2024-04-26 13:26:00,4169,web,2024-04-27 00:00:00
evt_0281,usr_939,cnt_005,2024-04-26 13:58:00,5244,TABLET,2024-04-27 00:00:00
evt_1964,usr_210,cnt_051,2024-04-26 14:15:00,6006,MOBILE,2024-04-27 00:00:00
evt_1775,usr_500,cnt_047,2024-04-26 14:36:00,1230,smart tv,2024-04-27 00:00:00
evt_2035,usr_773,cnt_096,2024-04-26 15:54:00,8178,Mobile,2024-04-27 00:00:00
evt_3387,usr_408,cnt_054,2024-04-26 15:57:00,6319,MOBILE,2024-04-27 00:00:00
evt_3905,usr_327,cnt_023,2024-04-26 16:17:00,3162,TABLET,2024-04-27 00:00:00
evt_0308,usr_402,cnt_030,2024-04-26 17:16:00,7431,Smart TV,2024-04-27 00:00:00
evt_1778,usr_788,cnt_063,2024-04-26 17:45:00,2065,mobile,2024-04-27 00:00:00
evt_4674,usr_608,cnt_014,2024-04-26 18:00:00,6208,TABLET,2024-04-27 00:00:00
evt_3070,usr_607,cnt_039,2024-04-26 18:26:00,3861,MOBILE,2024-04-27 00:00:00
evt_4539,usr_540,cnt_092,2024-04-26 18:54:00,2502,mobile,2024-04-27 00:00:00
evt_2812,usr_503,cnt_072,2024-04-26 19:29:00,3284,Mobile,2024-04-27 00:00:00
evt_4615,usr_161,cnt_025,2024-04-26 21:09:00,6924,WEB,2024-04-27 00:00:00
evt_0513,usr_871,cnt_024,2024-04-26 21:27:00,1430,tablet,2024-04-27 00:00:00
evt_0918,usr_638,cnt_113,2024-04-26 21:45:00,3555,mobile,2024-04-27 00:00:00
evt_3485,usr_415,cnt_096,2024-04-26 22:19:00,6869,mobile,2024-04-27 00:00:00
evt_0413,usr_149,cnt_082,2024-04-26 22:28:00,857,MOBILE,2024-04-27 00:00:00
evt_3489,usr_576,cnt_079,2024-04-26 23:40:00,1670,Mobile,2024-04-27 00:00:00
evt_2550,usr_401,cnt_100,2024-04-27 00:16:00,1237,smart tv,2024-04-28 00:00:00
evt_0064,usr_249,cnt_080,2024-04-27 00:58:00,1041,WEB,2024-04-28 00:00:00
evt_0212,usr_552,cnt_081,2024-04-27 13:07:00,6005,TABLET,2024-04-28 00:00:00
evt_3430,usr_238,cnt_106,2024-04-27 13:51:00,2791,web,2024-04-28 00:00:00
evt_0570,usr_302,cnt_115,2024-04-27 14:05:00,1100,MOBILE,2024-04-28 00:00:00
evt_2620,usr_920,cnt_027,2024-04-27 14:12:00,1415,MOBILE,2024-04-28 00:00:00
evt_1666,usr_298,cnt_015,2024-04-27 14:22:00,3766,web,2024-04-28 00:00:00
evt_3164,usr_517,cnt_047,2024-04-27 14:26:00,4094,mobile,2024-04-28 00:00:00
evt_0392,usr_543,cnt_023,2024-04-27 14:44:00,1361,MOBILE,2024-04-28 00:00:00
evt_3119,usr_139,cnt_084,2024-04-27 15:14:00,3045,SMART TV,2024-04-28 00:00:00
evt_0859,usr_150,cnt_091,2024-04-27 15:28:00,3419,TABLET,2024-04-28 00:00:00
evt_1850,usr_727,cnt_037,2024-04-27 15:56:00,1048,mobile,2024-04-28 00:00:00
evt_2000,usr_798,cnt_074,2024-04-27 16:16:00,892,tablet,2024-04-28 00:00:00
evt_1021,usr_458,cnt_113,2024-04-27 17:00:00,624,SMART TV,2024-04-28 00:00:00
evt_0776,usr_916,cnt_088,2024-04-27 17:12:00,6651,web,2024-04-28 00:00:00
evt_2161,usr_425,cnt_062,2024-04-27 17:37:00,6537,MOBILE,2024-04-28 00:00:00
evt_2230,usr_853,cnt_029,2024-04-27 18:15:00,2248,SMART TV,2024-04-28 00:00:00
evt_4227,usr_873,cnt_107,2024-04-27 18:48:00,9676,tablet,2024-04-28 00:00:00
evt_1670,usr_945,cnt_090,2024-04-27 19:29:00,3438,web,2024-04-28 00:00:00
evt_2603,usr_686,cnt_087,2024-04-27 19:49:00,1291,Tablet,2024-04-28 00:00:00
evt_4718,usr_727,cnt_017,2024-04-27 20:03:00,3532,tablet,2024-04-28 00:00:00
evt_1933,usr_145,cnt_068,2024-04-27 21:02:00,6407,smart tv,2024-04-28 00:00:00
evt_4835,usr_429,cnt_067,2024-04-27 21:04:00,3183,Mobile,2024-04-28 00:00:00
evt_2388,usr_440,cnt_076,2024-04-27 21:33:00,1255,Web,2024-04-28 00:00:00
evt_3530,usr_456,cnt_020,2024-04-27 21:36:00,1032,SMART TV,2024-04-28 00:00:00
evt_2533,usr_711,cnt_026,2024-04-27 22:12:00,2246,web,2024-04-28 00:00:00
evt_0202,usr_832,cnt_100,2024-04-27 22:47:00,1314,Smart TV,2024-04-28 00:00:00
evt_0136,usr_469,cnt_094,2024-04-27 23:16:00,3115,tablet,2024-04-28 00:00:00
evt_4340,usr_798,cnt_052,2024-04-27 23:24:00,5727,mobile,2024-04-28 00:00:00
evt_0385,usr_539,cnt_100,2024-04-27 23:29:00,1612,mobile,2024-04-28 00:00:00
evt_0210,usr_928,cnt_094,2024-04-27 23:42:00,2967,smart tv,2024-04-28 00:00:00
evt_4296,usr_558,cnt_120,2024-04-27 23:59:00,704,Mobile,2024-04-28 00:00:00
evt_3123,usr_686,cnt_089,2024-04-28 13:01:00,5607,SMART TV,2024-04-29 00:00:00
evt_3019,usr_456,cnt_118,2024-04-28 13:58:00,1777,MOBILE,2024-04-29 00:00:00
evt_2891,usr_454,cnt_053,2024-04-28 14:16:00,1093,TABLET,2024-04-29 00:00:00
evt_1516,usr_205,cnt_056,2024-04-28 15:03:00,3379,smart tv,2024-04-29 00:00:00
evt_2523,usr_226,cnt_116,2024-04-28 15:30:00,3261,WEB,2024-04-29 00:00:00
evt_3451,usr_506,cnt_019,2024-04-28 15:51:00,2010,WEB,2024-04-29 00:00:00
evt_1464,usr_430,cnt_032,2024-04-28 15:59:00,5973,Mobile,2024-04-29 00:00:00
evt_2097,usr_770,cnt_019,2024-04-28 16:00:00,1669,Web,2024-04-29 00:00:00
evt_2022,usr_635,cnt_028,2024-04-28 16:25:00,2905,Mobile,2024-04-29 00:00:00
evt_3083,usr_583,cnt_017,2024-04-28 16:47:00,2018,Smart TV,2024-04-29 00:00:00
evt_0559,usr_744,cnt_061,2024-04-28 17:00:00,3253,WEB,2024-04-29 00:00:00
evt_3800,usr_686,cnt_069,2024-04-28 17:18:00,1670,mobile,2024-04-29 00:00:00
evt_3317,usr_302,cnt_063,2024-04-28 17:23:00,7696,Mobile,2024-04-29 00:00:00
evt_4154,usr_429,cnt_080,2024-04-28 19:33:00,732,Mobile,2024-04-29 00:00:00
evt_3506,usr_552,cnt_103,2024-04-28 20:39:00,3548,Web,2024-04-29 00:00:00
evt_2136,usr_274,cnt_077,2024-04-28 20:45:00,2910,MOBILE,2024-04-29 00:00:00
evt_3409,usr_873,cnt_068,2024-04-28 20:52:00,3530,web,2024-04-29 00:00:00
evt_4438,usr_751,cnt_034,2024-04-28 21:52:00,8710,Tablet,2024-04-29 00:00:00
evt_3185,usr_501,cnt_029,2024-04-28 22:42:00,3282,WEB,2024-04-29 00:00:00
evt_0668,usr_671,cnt_044,2024-04-28 23:14:00,7057,Tablet,2024-04-29 00:00:00
evt_4790,usr_873,cnt_085,2024-04-29 00:15:00,8214,Mobile,2024-04-30 00:00:00
evt_1852,usr_472,cnt_048,2024-04-29 00:24:00,7090,MOBILE,2024-04-30 00:00:00
evt_3503,usr_274,cnt_060,2024-04-29 13:14:00,5673,WEB,2024-04-30 00:00:00
evt_0935,usr_402,cnt_069,2024-04-29 14:05:00,669,Mobile,2024-04-30 00:00:00
evt_1318,usr_364,cnt_041,2024-04-29 16:55:00,5590,SMART TV,2024-04-30 00:00:00
evt_3308,usr_945,cnt_051,2024-04-29 17:41:00,6228,mobile,2024-04-30 00:00:00
evt_0628,usr_433,cnt_106,2024-04-29 17:59:00,1606,tablet,2024-04-30 00:00:00
evt_2840,usr_406,cnt_017,2024-04-29 18:41:00,1900,Web,2024-04-30 00:00:00
evt_3798,usr_946,cnt_054,2024-04-29 19:54:00,6172,Tablet,2024-04-30 00:00:00
evt_4896,usr_133,cnt_027,2024-04-29 20:21:00,5347,mobile,2024-04-30 00:00:00
evt_2905,usr_590,cnt_096,2024-04-29 20:54:00,5944,TABLET,2024-04-30 00:00:00
evt_3256,usr_746,cnt_116,2024-04-29 21:43:00,1440,Mobile,2024-04-30 00:00:00
evt_1070,usr_842,cnt_120,2024-04-30 00:06:00,6534,smart tv,2024-05-01 00:00:00
evt_0085,usr_898,cnt_107,2024-04-30 00:53:00,6043,mobile,2024-05-01 00:00:00
evt_4899,usr_880,cnt_074,2024-04-30 13:08:00,6120,WEB,2024-05-01 00:00:00
evt_3165,usr_302,cnt_088,2024-04-30 13:53:00,6661,tablet,2024-05-01 00:00:00
evt_3417,usr_164,cnt_076,2024-04-30 14:11:00,3295,Mobile,2024-05-01 00:00:00
evt_2878,usr_842,cnt_112,2024-04-30 14:21:00,3536,Mobile,2024-05-01 00:00:00
evt_4677,usr_582,cnt_073,2024-04-30 14:47:00,3063,web,2024-05-01 00:00:00
evt_4879,usr_784,cnt_020,2024-04-30 15:22:00,2218,Tablet,2024-05-01 00:00:00
evt_4050,usr_408,cnt_053,2024-04-30 15:28:00,806,TABLET,2024-05-01 00:00:00
evt_0651,usr_772,cnt_002,2024-04-30 15:55:00,4738,Web,2024-05-01 00:00:00
evt_4667,usr_712,cnt_084,2024-04-30 15:56:00,8617,smart tv,2024-05-01 00:00:00
evt_0499,usr_589,cnt_060,2024-04-30 16:14:00,594,Smart TV,2024-05-01 00:00:00
evt_1994,usr_161,cnt_092,2024-04-30 16:59:00,1610,SMART TV,2024-05-01 00:00:00
evt_3039,usr_848,cnt_008,2024-04-30 17:03:00,9478,WEB,2024-05-01 00:00:00
evt_1235,usr_636,cnt_061,2024-04-30 17:08:00,2997,SMART TV,2024-05-01 00:00:00
evt_2337,usr_914,cnt_059,2024-04-30 17:34:00,8992,Mobile,2024-05-01 00:00:00
evt_3594,usr_229,cnt_082,2024-04-30 19:45:00,2302,Tablet,2024-05-01 00:00:00
evt_3714,usr_402,cnt_032,2024-04-30 20:48:00,3311,MOBILE,2024-05-01 00:00:00
evt_0409,usr_864,cnt_037,2024-04-30 21:00:00,1708,Tablet,2024-05-01 00:00:00
evt_3803,usr_425,cnt_105,2024-04-30 21:26:00,2897,tablet,2024-05-01 00:00:00
evt_3728,usr_791,cnt_029,2024-04-30 21:34:00,2148,Smart TV,2024-05-01 00:00:00
evt_0757,usr_339,cnt_011,2024-04-30 23:39:00,7166,WEB,2024-05-01 00:00:00
evt_0516,usr_791,cnt_032,2024-04-30 23:47:00,6432,tablet,2024-05-01 00:00:00
evt_4093,usr_506,cnt_046,2024-05-01 00:52:00,6060,web,2024-05-02 00:00:00
evt_1694,usr_734,cnt_110,2024-05-01 13:02:00,2589,Mobile,2024-05-02 00:00:00
evt_1405,usr_932,cnt_054,2024-05-01 13:17:00,1193,SMART TV,2024-05-02 00:00:00
evt_2822,usr_440,cnt_071,2024-05-01 13:39:00,3305,TABLET,2024-05-02 00:00:00
evt_0485,usr_729,cnt_118,2024-05-01 13:41:00,9773,Tablet,2024-05-02 00:00:00
evt_2411,usr_784,cnt_044,2024-05-01 14:10:00,6427,tablet,2024-05-02 00:00:00
evt_3352,usr_556,cnt_011,2024-05-01 14:23:00,975,Web,2024-05-02 00:00:00
evt_0912,usr_527,cnt_072,2024-05-01 15:58:00,5861,smart tv,2024-05-02 00:00:00
evt_1793,usr_945,cnt_019,2024-05-01 16:51:00,936,mobile,2024-05-02 00:00:00
evt_0277,usr_618,cnt_096,2024-05-01 17:57:00,1582,SMART TV,2024-05-02 00:00:00
evt_1942,usr_368,cnt_064,2024-05-01 18:50:00,649,Mobile,2024-05-02 00:00:00
evt_3377,usr_313,cnt_065,2024-05-01 19:26:00,4525,web,2024-05-02 00:00:00
evt_0418,usr_914,cnt_027,2024-05-01 19:43:00,4299,tablet,2024-05-02 00:00:00
evt_1600,usr_676,cnt_081,2024-05-01 19:59:00,397,SMART TV,2024-05-02 00:00:00
evt_0132,usr_109,cnt_084,2024-05-01 20:41:00,5631,smart tv,2024-05-02 00:00:00
evt_0404,usr_789,cnt_113,2024-05-01 21:03:00,3126,MOBILE,2024-05-02 00:00:00
evt_3925,usr_907,cnt_082,2024-05-01 21:33:00,1022,Web,2024-05-02 00:00:00
evt_0713,usr_732,cnt_025,2024-05-01 21:57:00,1992,MOBILE,2024-05-02 00:00:00
evt_3312,usr_430,cnt_060,2024-05-01 22:40:00,7933,mobile,2024-05-02 00:00:00
evt_3935,usr_678,cnt_061,2024-05-01 22:48:00,1008,MOBILE,2024-05-02 00:00:00
evt_0270,usr_142,cnt_111,2024-05-01 22:56:00,3450,smart tv,2024-05-02 00:00:00
evt_0291,usr_522,cnt_101,2024-05-01 23:22:00,1338,mobile,2024-05-02 00:00:00
evt_0986,usr_472,cnt_004,2024-05-01 23:33:00,6969,Mobile,2024-05-02 00:00:00
evt_4459,usr_372,cnt_030,2024-05-01 23:46:00,1556,Mobile,2024-05-02 00:00:00
evt_2271,usr_554,cnt_038,2024-05-02 00:44:00,2063,Mobile,2024-05-03 00:00:00
evt_1907,usr_696,cnt_078,2024-05-02 00:59:00,747,SMART TV,2024-05-03 00:00:00
evt_3482,usr_356,cnt_074,2024-05-02 13:13:00,1661,Mobile,2024-05-03 00:00:00
evt_3887,usr_865,cnt_019,2024-05-02 13:28:00,10715,Web,2024-05-03 00:00:00
evt_4152,usr_474,cnt_081,2024-05-02 13:36:00,2543,tablet,2024-05-03 00:00:00
evt_0216,usr_273,cnt_017,2024-05-02 14:14:00,1865,smart tv,2024-05-03 00:00:00
evt_0896,usr_491,cnt_019,2024-05-02 14:31:00,671,TABLET,2024-05-03 00:00:00
evt_2629,usr_226,cnt_036,2024-05-02 14:33:00,694,Web,2024-05-03 00:00:00
evt_0004,usr_429,cnt_111,2024-05-02 14:52:00,3141,web,2024-05-03 00:00:00
evt_2131,usr_454,cnt_019,2024-05-02 14:55:00,5771,Smart TV,2024-05-03 00:00:00
evt_3737,usr_530,cnt_042,2024-05-02 15:22:00,4291,Smart TV,2024-05-03 00:00:00
evt_3081,usr_757,cnt_048,2024-05-02 16:21:00,7057,Smart TV,2024-05-03 00:00:00
evt_4933,usr_105,cnt_076,2024-05-02 16:32:00,1615,Mobile,2024-05-03 00:00:00
evt_3467,usr_205,cnt_064,2024-05-02 18:00:00,5314,Smart TV,2024-05-03 00:00:00
evt_0597,usr_945,cnt_003,2024-05-02 18:19:00,9620,Web,2024-05-03 00:00:00
evt_2630,usr_492,cnt_007,2024-05-02 18:43:00,2532,TABLET,2024-05-03 00:00:00
evt_3784,usr_591,cnt_110,2024-05-02 19:14:00,3142,Mobile,2024-05-03 00:00:00
evt_4781,usr_888,cnt_062,2024-05-02 19:21:00,1500,smart tv,2024-05-03 00:00:00
evt_4167,usr_237,cnt_032,2024-05-02 19:42:00,8086,tablet,2024-05-03 00:00:00
evt_2554,usr_129,cnt_064,2024-05-02 19:55:00,2387,TABLET,2024-05-03 00:00:00
evt_0674,usr_832,cnt_084,2024-05-02 20:44:00,5480,SMART TV,2024-05-03 00:00:00
evt_2293,usr_288,cnt_089,2024-05-02 20:51:00,8001,smart tv,2024-05-03 00:00:00
evt_4530,usr_377,cnt_023,2024-05-02 20:52:00,1791,MOBILE,2024-05-03 00:00:00
evt_0105,usr_636,cnt_051,2024-05-02 21:26:00,4026,TABLET,2024-05-03 00:00:00
evt_1414,usr_938,cnt_017,2024-05-02 22:50:00,3165,mobile,2024-05-03 00:00:00
evt_1495,usr_606,cnt_025,2024-05-02 23:22:00,361,Tablet,2024-05-03 00:00:00
evt_1711,usr_427,cnt_109,2024-05-02 23:40:00,402,mobile,2024-05-03 00:00:00
evt_1288,usr_583,cnt_118,2024-05-02 23:45:00,8625,TABLET,2024-05-03 00:00:00
evt_3220,usr_920,cnt_010,2024-05-03 13:34:00,4209,WEB,2024-05-04 00:00:00
evt_1460,usr_613,cnt_094,2024-05-03 14:14:00,1259,Tablet,2024-05-04 00:00:00
evt_0288,usr_142,cnt_014,2024-05-03 14:21:00,5268,SMART TV,2024-05-04 00:00:00
evt_0804,usr_113,cnt_078,2024-05-03 14:21:00,7267,MOBILE,2024-05-04 00:00:00
evt_0367,usr_455,cnt_112,2024-05-03 15:14:00,2084,Web,2024-05-04 00:00:00
evt_3951,usr_671,cnt_089,2024-05-03 15:17:00,8400,WEB,2024-05-04 00:00:00
evt_2175,usr_472,cnt_051,2024-05-03 15:42:00,8499,SMART TV,2024-05-04 00:00:00
evt_0964,usr_472,cnt_036,2024-05-03 16:05:00,2705,smart tv,2024-05-04 00:00:00
evt_0981,usr_298,cnt_099,2024-05-03 16:05:00,2713,SMART TV,2024-05-04 00:00:00
evt_4584,usr_390,cnt_092,2024-05-03 16:43:00,3724,mobile,2024-05-04 00:00:00
evt_0054,usr_719,cnt_085,2024-05-03 16:54:00,6011,Web,2024-05-04 00:00:00
evt_4247,usr_537,cnt_039,2024-05-03 16:57:00,3580,tablet,2024-05-04 00:00:00
evt_4121,usr_465,cnt_031,2024-05-03 17:07:00,6730,web,2024-05-04 00:00:00
evt_4627,usr_773,cnt_095,2024-05-03 17:37:00,10721,TABLET,2024-05-04 00:00:00
evt_1790,usr_523,cnt_001,2024-05-03 17:57:00,7130,Tablet,2024-05-04 00:00:00
evt_0359,usr_443,cnt_019,2024-05-03 18:02:00,3497,MOBILE,2024-05-04 00:00:00
evt_0021,usr_678,cnt_069,2024-05-03 18:21:00,8636,smart tv,2024-05-04 00:00:00
evt_0082,usr_496,cnt_083,2024-05-03 18:35:00,5335,MOBILE,2024-05-04 00:00:00
evt_0390,usr_415,cnt_006,2024-05-03 18:39:00,945,WEB,2024-05-04 00:00:00
evt_0371,usr_776,cnt_103,2024-05-03 19:22:00,1900,web,2024-05-04 00:00:00
evt_1963,usr_560,cnt_105,2024-05-03 19:57:00,6934,Smart TV,2024-05-04 00:00:00
evt_1967,usr_587,cnt_052,2024-05-03 20:24:00,6461,MOBILE,2024-05-04 00:00:00
evt_4056,usr_443,cnt_014,2024-05-03 20:38:00,330,MOBILE,2024-05-04 00:00:00
evt_3426,usr_920,cnt_093,2024-05-03 22:05:00,6607,web,2024-05-04 00:00:00
evt_4136,usr_554,cnt_063,2024-05-03 22:35:00,639,Mobile,2024-05-04 00:00:00
evt_4280,usr_192,cnt_035,2024-05-03 22:38:00,5017,TABLET,2024-05-04 00:00:00
evt_1867,usr_368,cnt_020,2024-05-03 23:11:00,1793,tablet,2024-05-04 00:00:00
evt_3432,usr_133,cnt_110,2024-05-04 00:37:00,2566,web,2024-05-05 00:00:00
evt_4366,usr_517,cnt_062,2024-05-04 00:43:00,2820,mobile,2024-05-05 00:00:00
evt_3648,usr_284,cnt_022,2024-05-04 13:11:00,800,smart tv,2024-05-05 00:00:00
evt_1397,usr_590,cnt_005,2024-05-04 14:30:00,3679,web,2024-05-05 00:00:00
evt_2752,usr_188,cnt_052,2024-05-04 14:59:00,2836,mobile,2024-05-05 00:00:00
evt_2888,usr_631,cnt_020,2024-05-04 15:52:00,303,mobile,2024-05-05 00:00:00
evt_1402,usr_683,cnt_062,2024-05-04 16:00:00,2223,MOBILE,2024-05-05 00:00:00
evt_0077,usr_521,cnt_099,2024-05-04 16:14:00,3632,MOBILE,2024-05-05 00:00:00
evt_2779,usr_501,cnt_055,2024-05-04 16:23:00,2958,tablet,2024-05-05 00:00:00
evt_3855,usr_907,cnt_120,2024-05-04 16:30:00,2639,mobile,2024-05-05 00:00:00
evt_1256,usr_842,cnt_104,2024-05-04 16:37:00,1313,SMART TV,2024-05-05 00:00:00
evt_0936,usr_521,cnt_078,2024-05-04 16:44:00,1275,Mobile,2024-05-05 00:00:00
evt_3711,usr_673,cnt_117,2024-05-04 18:54:00,467,Mobile,2024-05-05 00:00:00
evt_4683,usr_232,cnt_082,2024-05-04 19:11:00,5251,Smart TV,2024-05-05 00:00:00
evt_4387,usr_445,cnt_083,2024-05-04 19:17:00,3932,smart tv,2024-05-05 00:00:00
evt_2914,usr_238,cnt_039,2024-05-04 19:35:00,6519,mobile,2024-05-05 00:00:00
evt_4605,usr_636,cnt_014,2024-05-04 19:44:00,6337,MOBILE,2024-05-05 00:00:00
evt_1700,usr_712,cnt_007,2024-05-04 20:36:00,4911,tablet,2024-05-05 00:00:00
evt_4905,usr_907,cnt_052,2024-05-04 22:04:00,1815,MOBILE,2024-05-05 00:00:00
evt_3332,usr_503,cnt_106,2024-05-04 22:28:00,5219,MOBILE,2024-05-05 00:00:00
evt_3595,usr_184,cnt_015,2024-05-04 22:29:00,6943,web,2024-05-05 00:00:00
evt_1812,usr_583,cnt_053,2024-05-04 22:36:00,1578,SMART TV,2024-05-05 00:00:00
evt_4141,usr_543,cnt_028,2024-05-04 22:40:00,1635,tablet,2024-05-05 00:00:00
evt_3881,usr_880,cnt_092,2024-05-04 22:52:00,6070,WEB,2024-05-05 00:00:00
evt_2522,usr_252,cnt_071,2024-05-04 22:55:00,726,tablet,2024-05-05 00:00:00
evt_2331,usr_888,cnt_077,2024-05-04 22:56:00,8757,tablet,2024-05-05 00:00:00
evt_1631,usr_498,cnt_042,2024-05-04 23:18:00,2418,WEB,2024-05-05 00:00:00
evt_2236,usr_530,cnt_105,2024-05-04 23:57:00,656,tablet,2024-05-05 00:00:00
evt_4772,usr_401,cnt_084,2024-05-05 00:19:00,3193,MOBILE,2024-05-06 00:00:00
evt_0465,usr_277,cnt_079,2024-05-05 00:20:00,6502,Web,2024-05-06 00:00:00
evt_0704,usr_873,cnt_120,2024-05-05 00:26:00,2091,TABLET,2024-05-06 00:00:00
evt_3379,usr_300,cnt_010,2024-05-05 13:02:00,2118,MOBILE,2024-05-06 00:00:00
evt_0708,usr_686,cnt_024,2024-05-05 13:07:00,2928,WEB,2024-05-06 00:00:00
evt_4321,usr_496,cnt_033,2024-05-05 13:30:00,2489,web,2024-05-06 00:00:00
evt_4219,usr_865,cnt_117,2024-05-05 13:35:00,3144,smart tv,2024-05-06 00:00:00
evt_3345,usr_464,cnt_109,2024-05-05 14:09:00,8814,Smart TV,2024-05-06 00:00:00
evt_0799,usr_563,cnt_112,2024-05-05 14:12:00,406,web,2024-05-06 00:00:00
evt_0856,usr_793,cnt_104,2024-05-05 14:33:00,6811,Mobile,2024-05-06 00:00:00
evt_2212,usr_427,cnt_021,2024-05-05 14:35:00,5644,mobile,2024-05-06 00:00:00
evt_0265,usr_117,cnt_108,2024-05-05 15:03:00,1515,WEB,2024-05-06 00:00:00
evt_0201,usr_679,cnt_057,2024-05-05 15:05:00,1457,Mobile,2024-05-06 00:00:00
evt_1687,usr_347,cnt_012,2024-05-05 15:27:00,1357,Web,2024-05-06 00:00:00
evt_3422,usr_543,cnt_071,2024-05-05 17:30:00,2007,MOBILE,2024-05-06 00:00:00
evt_3770,usr_327,cnt_029,2024-05-05 18:13:00,1006,Mobile,2024-05-06 00:00:00
evt_1135,usr_613,cnt_012,2024-05-05 18:37:00,1044,Smart TV,2024-05-06 00:00:00
evt_2260,usr_618,cnt_083,2024-05-05 20:00:00,8013,SMART TV,2024-05-06 00:00:00
evt_0612,usr_809,cnt_033,2024-05-05 20:14:00,3243,Smart TV,2024-05-06 00:00:00
evt_1891,usr_504,cnt_055,2024-05-05 20:14:00,4080,web,2024-05-06 00:00:00
evt_0641,usr_793,cnt_100,2024-05-05 20:47:00,6460,WEB,2024-05-06 00:00:00
evt_2708,usr_273,cnt_016,2024-05-05 21:38:00,2907,WEB,2024-05-06 00:00:00
evt_1425,usr_252,cnt_081,2024-05-05 22:06:00,1275,Mobile,2024-05-06 00:00:00
evt_4682,usr_880,cnt_108,2024-05-05 22:06:00,5749,Web,2024-05-06 00:00:00
evt_2475,usr_700,cnt_029,2024-05-05 22:31:00,3016,MOBILE,2024-05-06 00:00:00
evt_3226,usr_252,cnt_041,2024-05-05 23:05:00,1951,smart tv,2024-05-06 00:00:00
evt_4001,usr_390,cnt_072,2024-05-05 23:20:00,1596,Web,2024-05-06 00:00:00
evt_4301,usr_502,cnt_114,2024-05-05 23:54:00,839,TABLET,2024-05-06 00:00:00
evt_0679,usr_406,cnt_109,2024-05-06 00:37:00,2691,TABLET,2024-05-07 00:00:00
evt_0104,usr_128,cnt_102,2024-05-06 13:23:00,1434,smart tv,2024-05-07 00:00:00
evt_4138,usr_638,cnt_115,2024-05-06 13:41:00,1656,web,2024-05-07 00:00:00
evt_2737,usr_339,cnt_051,2024-05-06 13:51:00,2547,WEB,2024-05-07 00:00:00
evt_3033,usr_521,cnt_026,2024-05-06 14:41:00,3237,WEB,2024-05-07 00:00:00
evt_3460,usr_842,cnt_111,2024-05-06 15:18:00,1246,mobile,2024-05-07 00:00:00
evt_0134,usr_184,cnt_051,2024-05-06 15:59:00,1653,Mobile,2024-05-07 00:00:00
evt_2050,usr_583,cnt_013,2024-05-06 16:08:00,983,tablet,2024-05-07 00:00:00
evt_1658,usr_411,cnt_096,2024-05-06 16:10:00,2687,Mobile,2024-05-07 00:00:00
evt_1403,usr_293,cnt_109,2024-05-06 16:45:00,1210,WEB,2024-05-07 00:00:00
evt_4962,usr_117,cnt_047,2024-05-06 17:02:00,6031,WEB,2024-05-07 00:00:00
evt_4070,usr_789,cnt_037,2024-05-06 17:32:00,968,TABLET,2024-05-07 00:00:00
evt_4076,usr_240,cnt_070,2024-05-06 18:02:00,6807,mobile,2024-05-07 00:00:00
evt_3414,usr_761,cnt_007,2024-05-06 18:06:00,3412,Tablet,2024-05-07 00:00:00
evt_2687,usr_613,cnt_101,2024-05-06 18:39:00,4961,web,2024-05-07 00:00:00
evt_3691,usr_700,cnt_068,2024-05-06 18:48:00,7964,Mobile,2024-05-07 00:00:00
evt_4876,usr_575,cnt_054,2024-05-06 18:54:00,1995,WEB,2024-05-07 00:00:00
evt_0959,usr_928,cnt_010,2024-05-06 18:58:00,3824,Mobile,2024-05-07 00:00:00
evt_0649,usr_712,cnt_096,2024-05-06 19:08:00,4765,mobile,2024-05-07 00:00:00
evt_0909,usr_865,cnt_041,2024-05-06 19:30:00,5731,web,2024-05-07 00:00:00
evt_4331,usr_630,cnt_028,2024-05-06 19:38:00,10714,WEB,2024-05-07 00:00:00
evt_0972,usr_618,cnt_103,2024-05-06 20:02:00,3225,WEB,2024-05-07 00:00:00
evt_2809,usr_301,cnt_013,2024-05-06 20:05:00,1609,tablet,2024-05-07 00:00:00
evt_4778,usr_638,cnt_047,2024-05-06 20:12:00,8133,mobile,2024-05-07 00:00:00
evt_3283,usr_252,cnt_067,2024-05-06 20:31:00,2358,Mobile,2024-05-07 00:00:00
evt_4730,usr_411,cnt_055,2024-05-06 20:31:00,2456,Mobile,2024-05-07 00:00:00
evt_4214,usr_139,cnt_036,2024-05-06 20:38:00,3208,Tablet,2024-05-07 00:00:00
evt_1741,usr_672,cnt_092,2024-05-06 21:08:00,1824,Smart TV,2024-05-07 00:00:00
evt_3742,usr_351,cnt_049,2024-05-06 21:23:00,7044,Tablet,2024-05-07 00:00:00
evt_4483,usr_817,cnt_062,2024-05-06 21:23:00,2065,MOBILE,2024-05-07 00:00:00
evt_1848,usr_606,cnt_095,2024-05-06 22:43:00,6338,WEB,2024-05-07 00:00:00
evt_2171,usr_341,cnt_056,2024-05-06 23:24:00,4711,WEB,2024-05-07 00:00:00
evt_1800,usr_932,cnt_006,2024-05-06 23:44:00,933,mobile,2024-05-07 00:00:00
evt_3088,usr_890,cnt_056,2024-05-07 00:14:00,6577,MOBILE,2024-05-08 00:00:00
evt_4036,usr_865,cnt_119,2024-05-07 00:40:00,2765,TABLET,2024-05-08 00:00:00
evt_2506,usr_475,cnt_052,2024-05-07 00:47:00,1606,MOBILE,2024-05-08 00:00:00
evt_1863,usr_238,cnt_087,2024-05-07 13:07:00,4340,Mobile,2024-05-08 00:00:00
evt_3402,usr_712,cnt_083,2024-05-07 13:33:00,2555,WEB,2024-05-08 00:00:00
evt_3502,usr_635,cnt_106,2024-05-07 13:44:00,829,mobile,2024-05-08 00:00:00
evt_2486,usr_406,cnt_029,2024-05-07 14:05:00,885,MOBILE,2024-05-08 00:00:00
evt_3542,usr_686,cnt_112,2024-05-07 14:23:00,6912,mobile,2024-05-08 00:00:00
evt_2234,usr_530,cnt_058,2024-05-07 16:33:00,1056,mobile,2024-05-08 00:00:00
evt_1286,usr_630,cnt_013,2024-05-07 16:38:00,6724,smart tv,2024-05-08 00:00:00
evt_3570,usr_761,cnt_004,2024-05-07 17:24:00,8027,mobile,2024-05-08 00:00:00
evt_3979,usr_914,cnt_040,2024-05-07 17:26:00,2974,MOBILE,2024-05-08 00:00:00
evt_4332,usr_416,cnt_119,2024-05-07 17:43:00,9237,Web,2024-05-08 00:00:00
evt_3869,usr_757,cnt_087,2024-05-07 18:27:00,2638,web,2024-05-08 00:00:00
evt_0227,usr_478,cnt_021,2024-05-07 18:33:00,1359,Smart TV,2024-05-08 00:00:00
evt_0394,usr_711,cnt_024,2024-05-07 19:13:00,3024,mobile,2024-05-08 00:00:00
evt_3624,usr_247,cnt_094,2024-05-07 19:36:00,3083,Web,2024-05-08 00:00:00
evt_0160,usr_671,cnt_113,2024-05-07 20:06:00,3423,MOBILE,2024-05-08 00:00:00
evt_0318,usr_678,cnt_012,2024-05-07 20:20:00,3537,MOBILE,2024-05-08 00:00:00
evt_0162,usr_327,cnt_032,2024-05-07 21:41:00,10002,Web,2024-05-08 00:00:00
evt_0474,usr_788,cnt_064,2024-05-07 21:51:00,3521,Tablet,2024-05-08 00:00:00
evt_4915,usr_793,cnt_023,2024-05-07 22:14:00,9339,WEB,2024-05-08 00:00:00
evt_1659,usr_794,cnt_104,2024-05-07 22:45:00,4478,SMART TV,2024-05-08 00:00:00
evt_4065,usr_238,cnt_075,2024-05-07 23:01:00,2056,WEB,2024-05-08 00:00:00
evt_0661,usr_939,cnt_099,2024-05-07 23:06:00,1606,web,2024-05-08 00:00:00
evt_0832,usr_184,cnt_029,2024-05-07 23:29:00,2660,MOBILE,2024-05-08 00:00:00
evt_3120,usr_502,cnt_083,2024-05-08 00:04:00,9600,smart tv,2024-05-09 00:00:00
evt_4040,usr_638,cnt_085,2024-05-08 00:40:00,3196,WEB,2024-05-09 00:00:00
evt_3748,usr_517,cnt_023,2024-05-08 00:58:00,4028,TABLET,2024-05-09 00:00:00
evt_0874,usr_719,cnt_045,2024-05-08 13:49:00,2468,web,2024-05-09 00:00:00
evt_0469,usr_817,cnt_012,2024-05-08 14:11:00,2054,Mobile,2024-05-09 00:00:00
evt_3170,usr_129,cnt_021,2024-05-08 14:28:00,2611,mobile,2024-05-09 00:00:00
evt_3706,usr_347,cnt_078,2024-05-08 15:37:00,1617,WEB,2024-05-09 00:00:00
evt_1129,usr_797,cnt_106,2024-05-08 15:46:00,846,WEB,2024-05-09 00:00:00
evt_2098,usr_274,cnt_112,2024-05-08 15:46:00,432,Mobile,2024-05-09 00:00:00
evt_3774,usr_128,cnt_065,2024-05-08 15:58:00,1802,Tablet,2024-05-09 00:00:00
evt_0924,usr_415,cnt_051,2024-05-08 16:20:00,2957,SMART TV,2024-05-09 00:00:00
evt_1200,usr_946,cnt_072,2024-05-08 17:40:00,1201,SMART TV,2024-05-09 00:00:00
evt_2703,usr_429,cnt_059,2024-05-08 18:10:00,5451,Mobile,2024-05-09 00:00:00
evt_4609,usr_466,cnt_083,2024-05-08 18:12:00,1518,Tablet,2024-05-09 00:00:00
evt_1031,usr_547,cnt_061,2024-05-08 18:22:00,2064,mobile,2024-05-09 00:00:00
evt_2015,usr_124,cnt_068,2024-05-08 18:48:00,1189,Smart TV,2024-05-09 00:00:00
evt_3759,usr_928,cnt_074,2024-05-08 19:15:00,1255,Mobile,2024-05-09 00:00:00
evt_1566,usr_650,cnt_060,2024-05-08 19:49:00,1431,mobile,2024-05-09 00:00:00
evt_2208,usr_273,cnt_080,2024-05-08 20:25:00,5643,WEB,2024-05-09 00:00:00
evt_0011,usr_299,cnt_035,2024-05-08 21:31:00,3326,web,2024-05-09 00:00:00
evt_1444,usr_450,cnt_003,2024-05-08 21:57:00,416,mobile,2024-05-09 00:00:00
evt_0299,usr_784,cnt_050,2024-05-08 22:19:00,8442,TABLET,2024-05-09 00:00:00
evt_4811,usr_185,cnt_075,2024-05-09 14:01:00,4589,smart tv,2024-05-10 00:00:00
evt_1392,usr_916,cnt_001,2024-05-09 14:31:00,5511,mobile,2024-05-10 00:00:00
evt_3267,usr_770,cnt_068,2024-05-09 14:53:00,6439,smart tv,2024-05-10 00:00:00
evt_1782,usr_575,cnt_056,2024-05-09 15:00:00,2079,MOBILE,2024-05-10 00:00:00
evt_1244,usr_292,cnt_111,2024-05-09 15:25:00,4160,MOBILE,2024-05-10 00:00:00
evt_0337,usr_746,cnt_101,2024-05-09 15:26:00,1412,Mobile,2024-05-10 00:00:00
evt_3676,usr_229,cnt_058,2024-05-09 15:28:00,5642,Mobile,2024-05-10 00:00:00
evt_3410,usr_412,cnt_050,2024-05-09 15:56:00,5751,SMART TV,2024-05-10 00:00:00
evt_3158,usr_293,cnt_110,2024-05-09 16:03:00,1480,Web,2024-05-10 00:00:00
evt_4375,usr_527,cnt_002,2024-05-09 16:39:00,2492,Mobile,2024-05-10 00:00:00
evt_1090,usr_178,cnt_035,2024-05-09 16:56:00,5647,Mobile,2024-05-10 00:00:00
evt_1976,usr_249,cnt_078,2024-05-09 17:07:00,4986,TABLET,2024-05-10 00:00:00
evt_1358,usr_351,cnt_103,2024-05-09 17:15:00,3232,mobile,2024-05-10 00:00:00
evt_3848,usr_113,cnt_030,2024-05-09 17:18:00,2450,MOBILE,2024-05-10 00:00:00
evt_0847,usr_772,cnt_016,2024-05-09 17:23:00,1414,MOBILE,2024-05-10 00:00:00
evt_0020,usr_521,cnt_120,2024-05-09 17:52:00,10750,tablet,2024-05-10 00:00:00
evt_4651,usr_293,cnt_028,2024-05-09 19:05:00,1871,Smart TV,2024-05-10 00:00:00
evt_1801,usr_706,cnt_100,2024-05-09 19:06:00,4165,Web,2024-05-10 00:00:00
evt_3116,usr_700,cnt_015,2024-05-09 20:18:00,373,mobile,2024-05-10 00:00:00
evt_4381,usr_527,cnt_112,2024-05-09 20:46:00,745,mobile,2024-05-10 00:00:00
evt_0118,usr_926,cnt_050,2024-05-09 20:48:00,7054,Mobile,2024-05-10 00:00:00
evt_0089,usr_110,cnt_065,2024-05-09 21:01:00,9169,mobile,2024-05-10 00:00:00
evt_4037,usr_313,cnt_083,2024-05-09 22:50:00,6819,Mobile,2024-05-10 00:00:00
evt_0072,usr_842,cnt_011,2024-05-09 23:11:00,2514,Web,2024-05-10 00:00:00
evt_1024,usr_794,cnt_091,2024-05-09 23:33:00,2030,Web,2024-05-10 00:00:00
evt_2407,usr_443,cnt_082,2024-05-10 13:39:00,3205,Smart TV,2024-05-11 00:00:00
evt_3790,usr_481,cnt_064,2024-05-10 13:43:00,366,Mobile,2024-05-11 00:00:00
evt_3957,usr_879,cnt_024,2024-05-10 13:50:00,3288,Smart TV,2024-05-11 00:00:00
evt_3908,usr_820,cnt_087,2024-05-10 14:00:00,2604,TABLET,2024-05-11 00:00:00
evt_1074,usr_898,cnt_105,2024-05-10 14:09:00,3015,MOBILE,2024-05-11 00:00:00
evt_4317,usr_650,cnt_085,2024-05-10 14:20:00,2575,Mobile,2024-05-11 00:00:00
evt_1722,usr_298,cnt_072,2024-05-10 14:25:00,8951,Mobile,2024-05-11 00:00:00
evt_2454,usr_247,cnt_098,2024-05-10 14:59:00,2575,Smart TV,2024-05-11 00:00:00
evt_4187,usr_729,cnt_080,2024-05-10 15:13:00,3458,MOBILE,2024-05-11 00:00:00
evt_4248,usr_590,cnt_021,2024-05-10 15:32:00,1510,mobile,2024-05-11 00:00:00
evt_4351,usr_408,cnt_078,2024-05-10 16:01:00,3507,TABLET,2024-05-11 00:00:00
evt_3665,usr_108,cnt_120,2024-05-10 16:20:00,10075,Tablet,2024-05-11 00:00:00
evt_3700,usr_506,cnt_054,2024-05-10 16:40:00,1962,Smart TV,2024-05-11 00:00:00
evt_0849,usr_356,cnt_069,2024-05-10 16:44:00,502,mobile,2024-05-11 00:00:00
evt_0744,usr_696,cnt_082,2024-05-10 17:22:00,1162,smart tv,2024-05-11 00:00:00
evt_3588,usr_249,cnt_112,2024-05-10 17:42:00,3140,MOBILE,2024-05-11 00:00:00
evt_4161,usr_552,cnt_053,2024-05-10 17:58:00,2638,WEB,2024-05-11 00:00:00
evt_0229,usr_502,cnt_059,2024-05-10 18:03:00,2183,MOBILE,2024-05-11 00:00:00
evt_2512,usr_372,cnt_050,2024-05-10 18:04:00,2374,Web,2024-05-11 00:00:00
evt_3072,usr_864,cnt_080,2024-05-10 18:32:00,3042,Web,2024-05-11 00:00:00
evt_3228,usr_443,cnt_096,2024-05-10 20:37:00,3487,Mobile,2024-05-11 00:00:00
evt_2034,usr_456,cnt_079,2024-05-10 20:48:00,6916,Mobile,2024-05-11 00:00:00
evt_2052,usr_341,cnt_096,2024-05-10 20:56:00,454,Mobile,2024-05-11 00:00:00
evt_2625,usr_474,cnt_076,2024-05-10 20:59:00,2386,smart tv,2024-05-11 00:00:00
evt_2740,usr_341,cnt_056,2024-05-10 21:21:00,9972,WEB,2024-05-11 00:00:00
evt_3463,usr_832,cnt_102,2024-05-10 22:12:00,2285,tablet,2024-05-11 00:00:00
evt_0794,usr_678,cnt_049,2024-05-10 23:47:00,776,web,2024-05-11 00:00:00
evt_4484,usr_531,cnt_088,2024-05-11 00:12:00,10434,smart tv,2024-05-12 00:00:00
evt_2477,usr_920,cnt_009,2024-05-11 00:23:00,2766,web,2024-05-12 00:00:00
evt_4489,usr_456,cnt_002,2024-05-11 00:24:00,2806,smart tv,2024-05-12 00:00:00
evt_3166,usr_770,cnt_081,2024-05-11 00:26:00,1761,SMART TV,2024-05-12 00:00:00
evt_2217,usr_113,cnt_117,2024-05-11 00:49:00,3444,WEB,2024-05-12 00:00:00
evt_4314,usr_273,cnt_004,2024-05-11 13:26:00,2386,Web,2024-05-12 00:00:00
evt_2465,usr_560,cnt_039,2024-05-11 13:49:00,3655,MOBILE,2024-05-12 00:00:00
evt_3442,usr_746,cnt_050,2024-05-11 13:57:00,6572,MOBILE,2024-05-12 00:00:00
evt_1686,usr_648,cnt_101,2024-05-11 14:02:00,724,Tablet,2024-05-12 00:00:00
evt_1217,usr_606,cnt_021,2024-05-11 14:36:00,3598,TABLET,2024-05-12 00:00:00
evt_0869,usr_772,cnt_068,2024-05-11 15:26:00,3056,Mobile,2024-05-12 00:00:00
evt_2944,usr_820,cnt_072,2024-05-11 15:41:00,6075,WEB,2024-05-12 00:00:00
evt_3167,usr_393,cnt_074,2024-05-11 16:17:00,2611,Mobile,2024-05-12 00:00:00
evt_0605,usr_808,cnt_028,2024-05-11 16:26:00,531,Mobile,2024-05-12 00:00:00
evt_3181,usr_238,cnt_104,2024-05-11 16:34:00,875,WEB,2024-05-12 00:00:00
evt_4910,usr_607,cnt_007,2024-05-11 16:46:00,3432,Web,2024-05-12 00:00:00
evt_3862,usr_219,cnt_113,2024-05-11 16:48:00,7713,Web,2024-05-12 00:00:00
evt_3133,usr_250,cnt_046,2024-05-11 17:00:00,1923,Mobile,2024-05-12 00:00:00
evt_0865,usr_184,cnt_018,2024-05-11 18:03:00,3529,MOBILE,2024-05-12 00:00:00
evt_4837,usr_787,cnt_036,2024-05-11 18:19:00,4107,tablet,2024-05-12 00:00:00
evt_4660,usr_465,cnt_017,2024-05-11 19:12:00,574,TABLET,2024-05-12 00:00:00
evt_1843,usr_772,cnt_074,2024-05-11 19:23:00,1747,Web,2024-05-12 00:00:00
evt_0144,usr_301,cnt_017,2024-05-11 19:29:00,6787,mobile,2024-05-12 00:00:00
evt_2994,usr_139,cnt_079,2024-05-11 19:32:00,7923,TABLET,2024-05-12 00:00:00
evt_4955,usr_671,cnt_047,2024-05-11 19:45:00,4161,Web,2024-05-12 00:00:00
evt_3994,usr_558,cnt_036,2024-05-11 20:28:00,6666,WEB,2024-05-12 00:00:00
evt_2206,usr_300,cnt_003,2024-05-11 20:32:00,1625,WEB,2024-05-12 00:00:00
evt_0517,usr_455,cnt_059,2024-05-11 20:36:00,3224,MOBILE,2024-05-12 00:00:00
evt_4536,usr_443,cnt_078,2024-05-11 22:11:00,3938,smart tv,2024-05-12 00:00:00
evt_3150,usr_554,cnt_117,2024-05-11 22:31:00,1771,MOBILE,2024-05-12 00:00:00
evt_1701,usr_411,cnt_089,2024-05-11 23:37:00,3933,Mobile,2024-05-12 00:00:00
evt_2632,usr_406,cnt_046,2024-05-12 00:06:00,1432,MOBILE,2024-05-13 00:00:00
evt_0952,usr_679,cnt_105,2024-05-12 00:38:00,10687,Mobile,2024-05-13 00:00:00
evt_0735,usr_920,cnt_047,2024-05-12 13:56:00,8276,Tablet,2024-05-13 00:00:00
evt_4749,usr_502,cnt_001,2024-05-12 14:10:00,416,tablet,2024-05-13 00:00:00
evt_4006,usr_133,cnt_058,2024-05-12 15:22:00,3080,mobile,2024-05-13 00:00:00
evt_0437,usr_465,cnt_003,2024-05-12 15:56:00,918,MOBILE,2024-05-13 00:00:00
evt_4551,usr_475,cnt_058,2024-05-12 16:00:00,6540,WEB,2024-05-13 00:00:00
evt_2341,usr_178,cnt_119,2024-05-12 16:06:00,2288,smart tv,2024-05-13 00:00:00
evt_2202,usr_478,cnt_100,2024-05-12 17:21:00,3361,Mobile,2024-05-13 00:00:00
evt_1077,usr_124,cnt_056,2024-05-12 17:36:00,2787,Mobile,2024-05-13 00:00:00
evt_2574,usr_219,cnt_039,2024-05-12 18:15:00,1620,TABLET,2024-05-13 00:00:00
evt_0340,usr_608,cnt_117,2024-05-12 18:32:00,3325,Web,2024-05-13 00:00:00
evt_4118,usr_327,cnt_028,2024-05-12 18:48:00,6478,Web,2024-05-13 00:00:00
evt_4628,usr_778,cnt_100,2024-05-12 19:22:00,7518,SMART TV,2024-05-13 00:00:00
evt_0120,usr_249,cnt_061,2024-05-12 20:09:00,1541,SMART TV,2024-05-13 00:00:00
evt_0758,usr_748,cnt_064,2024-05-12 20:11:00,3031,WEB,2024-05-13 00:00:00
evt_1939,usr_229,cnt_065,2024-05-12 20:32:00,2854,smart tv,2024-05-13 00:00:00
evt_3354,usr_794,cnt_114,2024-05-12 21:34:00,1600,SMART TV,2024-05-13 00:00:00
evt_1270,usr_364,cnt_024,2024-05-12 22:25:00,5142,Mobile,2024-05-13 00:00:00
evt_1034,usr_285,cnt_110,2024-05-12 22:32:00,3464,Mobile,2024-05-13 00:00:00
evt_0845,usr_390,cnt_009,2024-05-12 22:34:00,1761,web,2024-05-13 00:00:00
evt_0271,usr_274,cnt_074,2024-05-12 22:43:00,1570,smart tv,2024-05-13 00:00:00
evt_1740,usr_606,cnt_103,2024-05-12 23:24:00,1525,Tablet,2024-05-13 00:00:00
evt_3062,usr_368,cnt_065,2024-05-12 23:39:00,3388,Mobile,2024-05-13 00:00:00
evt_0997,usr_897,cnt_043,2024-05-12 23:54:00,3923,web,2024-05-13 00:00:00
evt_2598,usr_185,cnt_011,2024-05-13 00:12:00,9570,mobile,2024-05-14 00:00:00
evt_3962,usr_502,cnt_023,2024-05-13 00:14:00,2718,WEB,2024-05-14 00:00:00
evt_0733,usr_280,cnt_030,2024-05-13 00:50:00,3189,Web,2024-05-14 00:00:00
evt_2318,usr_746,cnt_050,2024-05-13 13:24:00,1815,Mobile,2024-05-14 00:00:00
evt_1259,usr_389,cnt_111,2024-05-13 13:25:00,3268,Mobile,2024-05-14 00:00:00
evt_4431,usr_867,cnt_083,2024-05-13 14:16:00,1753,Smart TV,2024-05-14 00:00:00
evt_2037,usr_274,cnt_098,2024-05-13 14:32:00,6849,MOBILE,2024-05-14 00:00:00
evt_3672,usr_506,cnt_085,2024-05-13 14:36:00,3817,Mobile,2024-05-14 00:00:00
evt_4984,usr_560,cnt_118,2024-05-13 15:28:00,2810,mobile,2024-05-14 00:00:00
evt_4909,usr_679,cnt_067,2024-05-13 16:27:00,1557,MOBILE,2024-05-14 00:00:00
evt_2503,usr_192,cnt_109,2024-05-13 19:12:00,7133,smart tv,2024-05-14 00:00:00
evt_4980,usr_273,cnt_024,2024-05-13 19:15:00,4331,web,2024-05-14 00:00:00
evt_4511,usr_589,cnt_070,2024-05-13 19:53:00,3066,tablet,2024-05-14 00:00:00
evt_0614,usr_433,cnt_097,2024-05-13 20:50:00,2327,Mobile,2024-05-14 00:00:00
evt_2890,usr_829,cnt_114,2024-05-13 22:37:00,3020,MOBILE,2024-05-14 00:00:00
evt_4089,usr_706,cnt_117,2024-05-13 22:45:00,10537,mobile,2024-05-14 00:00:00
evt_2990,usr_590,cnt_091,2024-05-13 22:49:00,1069,TABLET,2024-05-14 00:00:00
evt_2460,usr_486,cnt_020,2024-05-13 22:51:00,1412,Mobile,2024-05-14 00:00:00
evt_2645,usr_872,cnt_052,2024-05-13 23:47:00,1688,SMART TV,2024-05-14 00:00:00
evt_0634,usr_427,cnt_016,2024-05-13 23:53:00,1488,Mobile,2024-05-14 00:00:00
evt_0471,usr_527,cnt_011,2024-05-14 00:24:00,3595,mobile,2024-05-15 00:00:00
evt_2516,usr_185,cnt_078,2024-05-14 00:35:00,2336,MOBILE,2024-05-15 00:00:00
evt_4711,usr_184,cnt_038,2024-05-14 13:23:00,1102,Tablet,2024-05-15 00:00:00
evt_0078,usr_327,cnt_095,2024-05-14 13:42:00,989,SMART TV,2024-05-15 00:00:00
evt_4610,usr_523,cnt_117,2024-05-14 13:42:00,1617,Mobile,2024-05-15 00:00:00
evt_1635,usr_888,cnt_094,2024-05-14 14:15:00,1172,web,2024-05-15 00:00:00
evt_0569,usr_767,cnt_065,2024-05-14 14:30:00,6702,smart tv,2024-05-15 00:00:00
evt_2490,usr_185,cnt_027,2024-05-14 15:02:00,5251,smart tv,2024-05-15 00:00:00
evt_4462,usr_736,cnt_072,2024-05-14 15:27:00,4681,MOBILE,2024-05-15 00:00:00
evt_4048,usr_517,cnt_113,2024-05-14 15:44:00,327,mobile,2024-05-15 00:00:00
evt_1192,usr_679,cnt_096,2024-05-14 16:47:00,3269,SMART TV,2024-05-15 00:00:00
evt_4766,usr_188,cnt_025,2024-05-14 16:47:00,3044,Smart TV,2024-05-15 00:00:00
evt_3271,usr_156,cnt_113,2024-05-14 16:51:00,3397,Smart TV,2024-05-15 00:00:00
evt_0890,usr_274,cnt_091,2024-05-14 17:19:00,751,MOBILE,2024-05-15 00:00:00
evt_0255,usr_543,cnt_015,2024-05-14 18:04:00,3120,mobile,2024-05-15 00:00:00
evt_2638,usr_300,cnt_111,2024-05-14 18:17:00,3371,smart tv,2024-05-15 00:00:00
evt_1433,usr_390,cnt_056,2024-05-14 18:20:00,7157,Web,2024-05-15 00:00:00
evt_2106,usr_458,cnt_106,2024-05-14 18:55:00,1046,tablet,2024-05-15 00:00:00
evt_4288,usr_237,cnt_078,2024-05-14 19:08:00,5071,web,2024-05-15 00:00:00
evt_3156,usr_339,cnt_009,2024-05-14 20:02:00,2637,web,2024-05-15 00:00:00
evt_1190,usr_517,cnt_022,2024-05-14 20:11:00,3055,mobile,2024-05-15 00:00:00
evt_1952,usr_829,cnt_082,2024-05-14 20:15:00,2840,SMART TV,2024-05-15 00:00:00
evt_4501,usr_576,cnt_040,2024-05-14 20:16:00,983,tablet,2024-05-15 00:00:00
evt_1637,usr_412,cnt_076,2024-05-14 20:35:00,2039,MOBILE,2024-05-15 00:00:00
evt_1719,usr_408,cnt_097,2024-05-14 20:38:00,6480,Mobile,2024-05-15 00:00:00
evt_1661,usr_458,cnt_098,2024-05-14 20:46:00,530,SMART TV,2024-05-15 00:00:00
evt_3724,usr_425,cnt_009,2024-05-14 22:31:00,1376,Mobile,2024-05-15 00:00:00
evt_3475,usr_563,cnt_114,2024-05-14 22:41:00,5894,WEB,2024-05-15 00:00:00
evt_0754,usr_433,cnt_022,2024-05-14 22:56:00,7183,mobile,2024-05-15 00:00:00
evt_2317,usr_454,cnt_058,2024-05-14 23:34:00,3473,Smart TV,2024-05-15 00:00:00
evt_0142,usr_351,cnt_058,2024-05-15 00:23:00,10486,MOBILE,2024-05-16 00:00:00
evt_2510,usr_888,cnt_045,2024-05-15 00:44:00,7775,WEB,2024-05-16 00:00:00
evt_0974,usr_185,cnt_069,2024-05-15 13:21:00,1620,SMART TV,2024-05-16 00:00:00
evt_1340,usr_411,cnt_031,2024-05-15 13:41:00,1699,Mobile,2024-05-16 00:00:00
evt_4550,usr_247,cnt_113,2024-05-15 13:43:00,6950,smart tv,2024-05-16 00:00:00
evt_4156,usr_292,cnt_025,2024-05-15 13:44:00,6730,MOBILE,2024-05-16 00:00:00
evt_1215,usr_648,cnt_007,2024-05-15 13:58:00,3029,MOBILE,2024-05-16 00:00:00
evt_0705,usr_671,cnt_111,2024-05-15 14:44:00,6877,Smart TV,2024-05-16 00:00:00
evt_3251,usr_252,cnt_120,2024-05-15 15:14:00,10635,SMART TV,2024-05-16 00:00:00
evt_1549,usr_321,cnt_036,2024-05-15 15:25:00,1073,mobile,2024-05-16 00:00:00
evt_1840,usr_293,cnt_096,2024-05-15 16:07:00,5031,Mobile,2024-05-16 00:00:00
evt_1960,usr_481,cnt_032,2024-05-15 16:35:00,5910,SMART TV,2024-05-16 00:00:00
evt_2585,usr_920,cnt_029,2024-05-15 16:35:00,2933,MOBILE,2024-05-16 00:00:00
evt_0603,usr_347,cnt_002,2024-05-15 16:45:00,692,web,2024-05-16 00:00:00
evt_2021,usr_583,cnt_089,2024-05-15 18:52:00,1395,mobile,2024-05-16 00:00:00
evt_2101,usr_498,cnt_096,2024-05-15 19:00:00,4165,WEB,2024-05-16 00:00:00
evt_4521,usr_781,cnt_095,2024-05-15 19:04:00,2452,smart tv,2024-05-16 00:00:00
evt_1278,usr_300,cnt_009,2024-05-15 19:46:00,5038,Mobile,2024-05-16 00:00:00
evt_3932,usr_809,cnt_106,2024-05-15 19:53:00,6839,Smart TV,2024-05-16 00:00:00
evt_1071,usr_671,cnt_111,2024-05-15 19:57:00,4044,Mobile,2024-05-16 00:00:00
evt_3315,usr_372,cnt_111,2024-05-15 20:21:00,1186,SMART TV,2024-05-16 00:00:00
evt_3335,usr_142,cnt_054,2024-05-15 21:42:00,1824,MOBILE,2024-05-16 00:00:00
evt_0864,usr_433,cnt_118,2024-05-15 23:38:00,10288,Mobile,2024-05-16 00:00:00
evt_1774,usr_145,cnt_061,2024-05-15 23:42:00,1612,Smart TV,2024-05-16 00:00:00
evt_4441,usr_429,cnt_031,2024-05-15 23:54:00,613,MOBILE,2024-05-16 00:00:00
evt_0593,usr_178,cnt_038,2024-05-15 23:59:00,2293,Mobile,2024-05-16 00:00:00
evt_2843,usr_686,cnt_051,2024-05-16 00:41:00,6720,MOBILE,2024-05-17 00:00:00
evt_4115,usr_608,cnt_066,2024-05-16 00:47:00,6225,mobile,2024-05-17 00:00:00
evt_3056,usr_273,cnt_120,2024-05-16 13:56:00,2139,Mobile,2024-05-17 00:00:00
evt_3517,usr_491,cnt_008,2024-05-16 14:17:00,3257,Mobile,2024-05-17 00:00:00
evt_2479,usr_458,cnt_118,2024-05-16 14:18:00,5372,Smart TV,2024-05-17 00:00:00
evt_3311,usr_672,cnt_103,2024-05-16 14:43:00,2843,TABLET,2024-05-17 00:00:00
evt_2711,usr_867,cnt_026,2024-05-16 14:52:00,828,web,2024-05-17 00:00:00
evt_1607,usr_591,cnt_061,2024-05-16 14:59:00,590,mobile,2024-05-17 00:00:00
evt_4231,usr_871,cnt_063,2024-05-16 16:12:00,6445,web,2024-05-17 00:00:00
evt_4636,usr_299,cnt_088,2024-05-16 16:21:00,6774,web,2024-05-17 00:00:00
evt_2274,usr_466,cnt_010,2024-05-16 17:01:00,10550,Mobile,2024-05-17 00:00:00
evt_1980,usr_210,cnt_035,2024-05-16 17:22:00,1927,TABLET,2024-05-17 00:00:00
evt_4556,usr_547,cnt_034,2024-05-16 17:30:00,1313,Web,2024-05-17 00:00:00
evt_0206,usr_530,cnt_045,2024-05-16 17:38:00,2189,MOBILE,2024-05-17 00:00:00
evt_0126,usr_788,cnt_117,2024-05-16 18:34:00,7575,Mobile,2024-05-17 00:00:00
evt_1755,usr_124,cnt_105,2024-05-16 18:44:00,4781,tablet,2024-05-17 00:00:00
evt_3177,usr_595,cnt_020,2024-05-16 18:44:00,1119,smart tv,2024-05-17 00:00:00
evt_2701,usr_285,cnt_080,2024-05-16 19:11:00,1774,mobile,2024-05-17 00:00:00
evt_4581,usr_789,cnt_051,2024-05-16 19:33:00,9433,smart tv,2024-05-17 00:00:00
evt_3939,usr_842,cnt_099,2024-05-16 20:34:00,4444,Smart TV,2024-05-17 00:00:00
evt_2984,usr_249,cnt_116,2024-05-16 21:00:00,3428,Smart TV,2024-05-17 00:00:00
evt_4233,usr_411,cnt_109,2024-05-16 21:01:00,4353,smart tv,2024-05-17 00:00:00
evt_3523,usr_466,cnt_073,2024-05-16 21:59:00,3098,SMART TV,2024-05-17 00:00:00
evt_1890,usr_372,cnt_060,2024-05-16 22:41:00,10639,tablet,2024-05-17 00:00:00
evt_4019,usr_547,cnt_103,2024-05-16 23:39:00,10428,SMART TV,2024-05-17 00:00:00
evt_2886,usr_888,cnt_091,2024-05-17 00:22:00,6374,WEB,2024-05-18 00:00:00
evt_1757,usr_433,cnt_033,2024-05-17 00:24:00,3243,Smart TV,2024-05-18 00:00:00
evt_4577,usr_522,cnt_002,2024-05-17 00:32:00,1761,mobile,2024-05-18 00:00:00
evt_2363,usr_700,cnt_058,2024-05-17 13:55:00,2450,Tablet,2024-05-18 00:00:00
evt_3601,usr_285,cnt_087,2024-05-17 14:17:00,2462,SMART TV,2024-05-18 00:00:00
evt_4794,usr_797,cnt_062,2024-05-17 14:21:00,1132,Tablet,2024-05-18 00:00:00
evt_3086,usr_540,cnt_072,2024-05-17 14:23:00,9274,TABLET,2024-05-18 00:00:00
evt_2218,usr_425,cnt_060,2024-05-17 14:26:00,3045,Smart TV,2024-05-18 00:00:00
evt_1285,usr_871,cnt_005,2024-05-17 14:51:00,3882,web,2024-05-18 00:00:00
evt_4148,usr_288,cnt_090,2024-05-17 14:52:00,8411,Mobile,2024-05-18 00:00:00
evt_3828,usr_793,cnt_112,2024-05-17 15:13:00,2196,TABLET,2024-05-18 00:00:00
evt_0844,usr_842,cnt_117,2024-05-17 15:25:00,6225,SMART TV,2024-05-18 00:00:00
evt_2469,usr_298,cnt_082,2024-05-17 15:33:00,1092,SMART TV,2024-05-18 00:00:00
evt_1832,usr_300,cnt_038,2024-05-17 15:40:00,2054,Mobile,2024-05-18 00:00:00
evt_0542,usr_788,cnt_087,2024-05-17 15:47:00,3590,tablet,2024-05-18 00:00:00
evt_4356,usr_420,cnt_003,2024-05-17 15:58:00,2247,web,2024-05-18 00:00:00
evt_0624,usr_679,cnt_109,2024-05-17 16:18:00,1694,MOBILE,2024-05-18 00:00:00
evt_4743,usr_498,cnt_113,2024-05-17 16:26:00,1310,Smart TV,2024-05-18 00:00:00
evt_1092,usr_528,cnt_022,2024-05-17 16:49:00,5700,MOBILE,2024-05-18 00:00:00
evt_1357,usr_475,cnt_114,2024-05-17 16:52:00,3986,web,2024-05-18 00:00:00
evt_2448,usr_607,cnt_002,2024-05-17 17:30:00,8932,Web,2024-05-18 00:00:00
evt_3569,usr_156,cnt_120,2024-05-17 17:39:00,6614,Smart TV,2024-05-18 00:00:00
evt_0780,usr_430,cnt_081,2024-05-17 17:42:00,9369,Tablet,2024-05-18 00:00:00
evt_1920,usr_719,cnt_030,2024-05-17 18:03:00,2163,Mobile,2024-05-18 00:00:00
evt_3827,usr_109,cnt_117,2024-05-17 18:24:00,2361,WEB,2024-05-18 00:00:00
evt_3872,usr_393,cnt_034,2024-05-17 18:28:00,6904,Mobile,2024-05-18 00:00:00
evt_4176,usr_871,cnt_113,2024-05-17 18:29:00,9190,Mobile,2024-05-18 00:00:00
evt_2828,usr_521,cnt_057,2024-05-17 19:20:00,2751,MOBILE,2024-05-18 00:00:00
evt_4385,usr_744,cnt_076,2024-05-17 20:00:00,1627,TABLET,2024-05-18 00:00:00
evt_2767,usr_613,cnt_089,2024-05-17 20:08:00,9836,Mobile,2024-05-18 00:00:00
evt_2216,usr_300,cnt_044,2024-05-17 20:12:00,304,smart tv,2024-05-18 00:00:00
evt_4052,usr_347,cnt_050,2024-05-17 20:40:00,5410,Smart TV,2024-05-18 00:00:00
evt_3585,usr_832,cnt_077,2024-05-17 20:50:00,1691,Mobile,2024-05-18 00:00:00
evt_1968,usr_630,cnt_120,2024-05-17 21:06:00,5026,Tablet,2024-05-18 00:00:00
evt_1705,usr_539,cnt_003,2024-05-17 21:40:00,7163,SMART TV,2024-05-18 00:00:00
evt_0792,usr_784,cnt_092,2024-05-17 22:10:00,5657,SMART TV,2024-05-18 00:00:00
evt_0384,usr_853,cnt_033,2024-05-17 22:16:00,3313,Mobile,2024-05-18 00:00:00
evt_2257,usr_504,cnt_111,2024-05-17 22:22:00,460,MOBILE,2024-05-18 00:00:00
evt_0187,usr_734,cnt_115,2024-05-17 22:40:00,474,WEB,2024-05-18 00:00:00
evt_4684,usr_867,cnt_116,2024-05-17 22:55:00,3377,smart tv,2024-05-18 00:00:00
evt_2060,usr_853,cnt_120,2024-05-17 22:59:00,10427,SMART TV,2024-05-18 00:00:00
evt_3320,usr_770,cnt_027,2024-05-17 23:41:00,10196,smart tv,2024-05-18 00:00:00
evt_0894,usr_141,cnt_003,2024-05-17 23:55:00,8108,WEB,2024-05-18 00:00:00
evt_2749,usr_554,cnt_098,2024-05-18 00:13:00,2185,MOBILE,2024-05-19 00:00:00
evt_3574,usr_178,cnt_098,2024-05-18 00:31:00,1774,mobile,2024-05-19 00:00:00
evt_0331,usr_454,cnt_097,2024-05-18 13:22:00,1919,TABLET,2024-05-19 00:00:00
evt_0866,usr_939,cnt_107,2024-05-18 14:18:00,912,WEB,2024-05-19 00:00:00
evt_2078,usr_757,cnt_099,2024-05-18 14:44:00,2123,Web,2024-05-19 00:00:00
evt_2907,usr_761,cnt_091,2024-05-18 14:54:00,2390,Mobile,2024-05-19 00:00:00
evt_1625,usr_554,cnt_116,2024-05-18 15:49:00,1001,Tablet,2024-05-19 00:00:00
evt_2593,usr_793,cnt_076,2024-05-18 15:58:00,6610,mobile,2024-05-19 00:00:00
evt_1657,usr_280,cnt_115,2024-05-18 16:20:00,1438,Web,2024-05-19 00:00:00
evt_2626,usr_331,cnt_036,2024-05-18 16:31:00,6289,Mobile,2024-05-19 00:00:00
evt_4444,usr_156,cnt_086,2024-05-18 16:51:00,408,Tablet,2024-05-19 00:00:00
evt_1053,usr_939,cnt_099,2024-05-18 17:21:00,3116,WEB,2024-05-19 00:00:00
evt_1926,usr_761,cnt_017,2024-05-18 17:29:00,3744,SMART TV,2024-05-19 00:00:00
evt_1810,usr_563,cnt_010,2024-05-18 17:40:00,8759,web,2024-05-19 00:00:00
evt_4535,usr_136,cnt_098,2024-05-18 17:47:00,3363,web,2024-05-19 00:00:00
evt_1222,usr_627,cnt_017,2024-05-18 18:04:00,970,Mobile,2024-05-19 00:00:00
evt_2059,usr_895,cnt_075,2024-05-18 18:07:00,1082,Web,2024-05-19 00:00:00
evt_0495,usr_784,cnt_027,2024-05-18 18:35:00,2610,Mobile,2024-05-19 00:00:00
evt_3670,usr_131,cnt_035,2024-05-18 18:51:00,3284,MOBILE,2024-05-19 00:00:00
evt_2643,usr_809,cnt_090,2024-05-18 19:14:00,1470,MOBILE,2024-05-19 00:00:00
evt_4442,usr_416,cnt_093,2024-05-18 19:21:00,4000,Tablet,2024-05-19 00:00:00
evt_3074,usr_732,cnt_091,2024-05-18 19:27:00,1669,SMART TV,2024-05-19 00:00:00
evt_0946,usr_865,cnt_046,2024-05-18 19:33:00,1964,MOBILE,2024-05-19 00:00:00
evt_0269,usr_890,cnt_045,2024-05-18 19:48:00,3499,MOBILE,2024-05-19 00:00:00
evt_2199,usr_751,cnt_011,2024-05-18 20:53:00,8100,smart tv,2024-05-19 00:00:00
evt_0615,usr_377,cnt_111,2024-05-18 21:01:00,3262,Smart TV,2024-05-19 00:00:00
evt_1338,usr_613,cnt_019,2024-05-18 22:12:00,1733,mobile,2024-05-19 00:00:00
evt_1197,usr_683,cnt_013,2024-05-18 22:13:00,1525,tablet,2024-05-19 00:00:00
evt_3493,usr_932,cnt_099,2024-05-18 23:20:00,3102,Mobile,2024-05-19 00:00:00
evt_4833,usr_394,cnt_100,2024-05-18 23:20:00,2318,Mobile,2024-05-19 00:00:00
evt_1277,usr_272,cnt_099,2024-05-18 23:37:00,1527,smart tv,2024-05-19 00:00:00
evt_4030,usr_117,cnt_112,2024-05-19 00:26:00,2178,Web,2024-05-20 00:00:00
evt_4074,usr_472,cnt_059,2024-05-19 13:03:00,1273,MOBILE,2024-05-20 00:00:00
evt_2378,usr_300,cnt_076,2024-05-19 13:04:00,727,Tablet,2024-05-20 00:00:00
evt_1365,usr_920,cnt_052,2024-05-19 13:33:00,4269,Smart TV,2024-05-20 00:00:00
evt_2321,usr_618,cnt_108,2024-05-19 13:36:00,3208,Mobile,2024-05-20 00:00:00
evt_3071,usr_523,cnt_063,2024-05-19 15:35:00,1299,Web,2024-05-20 00:00:00
evt_3359,usr_820,cnt_002,2024-05-19 16:19:00,1349,Web,2024-05-20 00:00:00
evt_3591,usr_415,cnt_074,2024-05-19 16:41:00,3368,Smart TV,2024-05-20 00:00:00
evt_2851,usr_321,cnt_119,2024-05-19 16:44:00,10711,Smart TV,2024-05-20 00:00:00
evt_1605,usr_486,cnt_086,2024-05-19 17:19:00,1701,Mobile,2024-05-20 00:00:00
evt_1494,usr_798,cnt_025,2024-05-19 17:46:00,337,MOBILE,2024-05-20 00:00:00
evt_2140,usr_226,cnt_079,2024-05-19 18:07:00,2598,mobile,2024-05-20 00:00:00
evt_1609,usr_832,cnt_074,2024-05-19 18:47:00,9489,MOBILE,2024-05-20 00:00:00
evt_0372,usr_607,cnt_077,2024-05-19 19:16:00,1522,Tablet,2024-05-20 00:00:00
evt_1813,usr_583,cnt_010,2024-05-19 19:45:00,5152,Smart TV,2024-05-20 00:00:00
evt_2044,usr_237,cnt_036,2024-05-19 20:01:00,9193,SMART TV,2024-05-20 00:00:00
evt_1752,usr_394,cnt_093,2024-05-19 21:53:00,4879,smart tv,2024-05-20 00:00:00
evt_2797,usr_341,cnt_037,2024-05-19 21:54:00,1357,MOBILE,2024-05-20 00:00:00
evt_4270,usr_491,cnt_022,2024-05-19 23:17:00,2821,SMART TV,2024-05-20 00:00:00
evt_3112,usr_618,cnt_072,2024-05-19 23:33:00,1787,mobile,2024-05-20 00:00:00
evt_1897,usr_229,cnt_040,2024-05-19 23:48:00,3533,Web,2024-05-20 00:00:00
evt_0436,usr_751,cnt_099,2024-05-20 00:16:00,1037,Mobile,2024-05-21 00:00:00
evt_1036,usr_192,cnt_027,2024-05-20 00:21:00,1658,SMART TV,2024-05-21 00:00:00
evt_0086,usr_327,cnt_020,2024-05-20 00:38:00,1380,mobile,2024-05-21 00:00:00
evt_3204,usr_781,cnt_099,2024-05-20 13:47:00,10105,Mobile,2024-05-21 00:00:00
evt_3844,usr_558,cnt_086,2024-05-20 14:22:00,2241,Smart TV,2024-05-21 00:00:00
evt_2392,usr_767,cnt_103,2024-05-20 14:35:00,3371,Mobile,2024-05-21 00:00:00
evt_3873,usr_273,cnt_021,2024-05-20 14:35:00,4361,WEB,2024-05-21 00:00:00
evt_3058,usr_368,cnt_102,2024-05-20 14:45:00,2077,WEB,2024-05-21 00:00:00
evt_1828,usr_248,cnt_071,2024-05-20 14:46:00,1505,Web,2024-05-21 00:00:00
evt_1040,usr_734,cnt_055,2024-05-20 15:07:00,1196,tablet,2024-05-21 00:00:00
evt_1590,usr_521,cnt_004,2024-05-20 15:25:00,4201,MOBILE,2024-05-21 00:00:00
evt_3162,usr_219,cnt_004,2024-05-20 15:48:00,10683,Mobile,2024-05-21 00:00:00
evt_2967,usr_206,cnt_003,2024-05-20 17:08:00,3424,Web,2024-05-21 00:00:00
evt_3060,usr_672,cnt_093,2024-05-20 17:43:00,2238,Tablet,2024-05-21 00:00:00
evt_3376,usr_430,cnt_110,2024-05-20 18:03:00,7536,SMART TV,2024-05-21 00:00:00
evt_0435,usr_657,cnt_041,2024-05-20 18:54:00,6527,tablet,2024-05-21 00:00:00
evt_1761,usr_517,cnt_085,2024-05-20 20:01:00,2143,tablet,2024-05-21 00:00:00
evt_4478,usr_696,cnt_037,2024-05-20 20:19:00,1331,TABLET,2024-05-21 00:00:00
evt_0910,usr_466,cnt_054,2024-05-20 20:34:00,1393,WEB,2024-05-21 00:00:00
evt_0350,usr_582,cnt_007,2024-05-20 20:41:00,1799,MOBILE,2024-05-21 00:00:00
evt_2350,usr_558,cnt_034,2024-05-20 21:28:00,7274,Web,2024-05-21 00:00:00
evt_2667,usr_420,cnt_018,2024-05-20 21:29:00,5333,Tablet,2024-05-21 00:00:00
evt_2572,usr_782,cnt_055,2024-05-20 21:42:00,2949,SMART TV,2024-05-21 00:00:00
evt_1447,usr_503,cnt_051,2024-05-20 21:46:00,5899,Web,2024-05-21 00:00:00
evt_4422,usr_872,cnt_067,2024-05-20 22:00:00,3918,Mobile,2024-05-21 00:00:00
evt_0664,usr_288,cnt_010,2024-05-20 22:24:00,489,Smart TV,2024-05-21 00:00:00
evt_2609,usr_238,cnt_032,2024-05-20 23:08:00,6397,mobile,2024-05-21 00:00:00
evt_3788,usr_481,cnt_055,2024-05-20 23:34:00,2487,TABLET,2024-05-21 00:00:00
evt_1095,usr_364,cnt_028,2024-05-21 00:15:00,327,Mobile,2024-05-22 00:00:00
evt_3257,usr_711,cnt_030,2024-05-21 00:33:00,682,Mobile,2024-05-22 00:00:00
evt_3001,usr_914,cnt_103,2024-05-21 14:24:00,4786,TABLET,2024-05-22 00:00:00
evt_4130,usr_808,cnt_105,2024-05-21 15:08:00,1721,MOBILE,2024-05-22 00:00:00
evt_0955,usr_898,cnt_034,2024-05-21 15:20:00,1881,WEB,2024-05-22 00:00:00
evt_0019,usr_240,cnt_059,2024-05-21 15:24:00,3581,Smart TV,2024-05-22 00:00:00
evt_3415,usr_506,cnt_016,2024-05-21 15:46:00,3507,Smart TV,2024-05-22 00:00:00
evt_1876,usr_517,cnt_109,2024-05-21 16:57:00,3734,Smart TV,2024-05-22 00:00:00
evt_0108,usr_683,cnt_082,2024-05-21 17:08:00,3765,WEB,2024-05-22 00:00:00
evt_2909,usr_498,cnt_042,2024-05-21 17:19:00,920,SMART TV,2024-05-22 00:00:00
evt_3755,usr_164,cnt_063,2024-05-21 17:33:00,1286,tablet,2024-05-22 00:00:00
evt_0159,usr_898,cnt_031,2024-05-21 18:49:00,6819,Mobile,2024-05-22 00:00:00
evt_0719,usr_575,cnt_060,2024-05-21 19:04:00,7914,MOBILE,2024-05-22 00:00:00
evt_1522,usr_589,cnt_089,2024-05-21 19:36:00,998,WEB,2024-05-22 00:00:00
evt_3922,usr_481,cnt_115,2024-05-21 20:24:00,821,MOBILE,2024-05-22 00:00:00
evt_0767,usr_321,cnt_076,2024-05-21 20:46:00,3703,TABLET,2024-05-22 00:00:00
evt_1656,usr_401,cnt_031,2024-05-21 21:09:00,5663,MOBILE,2024-05-22 00:00:00
evt_0438,usr_793,cnt_036,2024-05-21 21:35:00,2133,Mobile,2024-05-22 00:00:00
evt_1193,usr_746,cnt_035,2024-05-21 21:54:00,1825,Mobile,2024-05-22 00:00:00
evt_4209,usr_547,cnt_103,2024-05-21 22:54:00,6127,mobile,2024-05-22 00:00:00
evt_2150,usr_139,cnt_022,2024-05-21 23:19:00,7007,Web,2024-05-22 00:00:00
evt_0606,usr_757,cnt_037,2024-05-22 00:02:00,2843,TABLET,2024-05-23 00:00:00
evt_1847,usr_521,cnt_084,2024-05-22 00:20:00,10216,web,2024-05-23 00:00:00
evt_0433,usr_848,cnt_023,2024-05-22 00:35:00,5932,tablet,2024-05-23 00:00:00
evt_0652,usr_926,cnt_013,2024-05-22 13:03:00,8902,SMART TV,2024-05-23 00:00:00
evt_4401,usr_585,cnt_016,2024-05-22 13:04:00,1376,MOBILE,2024-05-23 00:00:00
evt_2452,usr_527,cnt_063,2024-05-22 13:38:00,7045,mobile,2024-05-23 00:00:00
evt_3270,usr_298,cnt_034,2024-05-22 13:59:00,1199,Mobile,2024-05-23 00:00:00
evt_1762,usr_842,cnt_074,2024-05-22 16:10:00,598,mobile,2024-05-23 00:00:00
evt_0550,usr_150,cnt_001,2024-05-22 16:12:00,1891,TABLET,2024-05-23 00:00:00
evt_1028,usr_522,cnt_074,2024-05-22 16:12:00,817,Web,2024-05-23 00:00:00
evt_1984,usr_178,cnt_013,2024-05-22 17:49:00,6590,Smart TV,2024-05-23 00:00:00
evt_2258,usr_450,cnt_010,2024-05-22 18:32:00,5837,web,2024-05-23 00:00:00
evt_1913,usr_539,cnt_001,2024-05-22 19:51:00,3563,tablet,2024-05-23 00:00:00
evt_2896,usr_920,cnt_089,2024-05-22 20:06:00,2158,TABLET,2024-05-23 00:00:00
evt_0375,usr_491,cnt_072,2024-05-22 20:16:00,7131,WEB,2024-05-23 00:00:00
evt_4623,usr_415,cnt_117,2024-05-22 20:23:00,725,WEB,2024-05-23 00:00:00
evt_3365,usr_445,cnt_002,2024-05-22 22:51:00,2598,SMART TV,2024-05-23 00:00:00
evt_3037,usr_772,cnt_079,2024-05-22 23:16:00,6022,mobile,2024-05-23 00:00:00
evt_1764,usr_465,cnt_086,2024-05-22 23:30:00,3082,smart tv,2024-05-23 00:00:00
evt_4425,usr_416,cnt_082,2024-05-22 23:31:00,1541,SMART TV,2024-05-23 00:00:00
evt_4919,usr_872,cnt_069,2024-05-23 00:03:00,1579,mobile,2024-05-24 00:00:00
evt_0588,usr_401,cnt_064,2024-05-23 00:29:00,1609,SMART TV,2024-05-24 00:00:00
evt_1408,usr_364,cnt_015,2024-05-23 13:14:00,5460,Mobile,2024-05-24 00:00:00
evt_1586,usr_372,cnt_073,2024-05-23 13:26:00,1594,Mobile,2024-05-24 00:00:00
evt_4618,usr_746,cnt_075,2024-05-23 13:28:00,6721,MOBILE,2024-05-24 00:00:00
evt_4817,usr_284,cnt_056,2024-05-23 13:46:00,1586,web,2024-05-24 00:00:00
evt_0584,usr_229,cnt_058,2024-05-23 14:13:00,3319,Smart TV,2024-05-24 00:00:00
evt_2282,usr_673,cnt_081,2024-05-23 14:45:00,3094,Mobile,2024-05-24 00:00:00
evt_2036,usr_798,cnt_071,2024-05-23 14:50:00,516,SMART TV,2024-05-24 00:00:00
evt_2296,usr_341,cnt_024,2024-05-23 15:20:00,2171,SMART TV,2024-05-24 00:00:00
evt_0292,usr_820,cnt_034,2024-05-23 15:43:00,987,Smart TV,2024-05-24 00:00:00
evt_3543,usr_113,cnt_073,2024-05-23 16:04:00,4818,Tablet,2024-05-24 00:00:00
evt_1122,usr_560,cnt_079,2024-05-23 16:24:00,2233,tablet,2024-05-24 00:00:00
evt_3634,usr_636,cnt_089,2024-05-23 16:27:00,1519,TABLET,2024-05-24 00:00:00
evt_0179,usr_676,cnt_116,2024-05-23 16:36:00,1367,Mobile,2024-05-24 00:00:00
evt_3099,usr_185,cnt_010,2024-05-23 16:39:00,5563,Web,2024-05-24 00:00:00
evt_3917,usr_871,cnt_066,2024-05-23 17:37:00,2814,smart tv,2024-05-24 00:00:00
evt_2943,usr_788,cnt_025,2024-05-23 17:50:00,6718,MOBILE,2024-05-24 00:00:00
evt_2580,usr_192,cnt_043,2024-05-23 18:07:00,1657,MOBILE,2024-05-24 00:00:00
evt_4999,usr_298,cnt_016,2024-05-23 19:55:00,1714,Smart TV,2024-05-24 00:00:00
evt_2955,usr_608,cnt_042,2024-05-23 20:30:00,2867,WEB,2024-05-24 00:00:00
evt_3864,usr_500,cnt_077,2024-05-23 20:56:00,784,WEB,2024-05-24 00:00:00
evt_2635,usr_767,cnt_117,2024-05-23 21:04:00,2365,SMART TV,2024-05-24 00:00:00
evt_1322,usr_109,cnt_021,2024-05-23 21:40:00,5043,Mobile,2024-05-24 00:00:00
evt_3880,usr_210,cnt_094,2024-05-23 21:42:00,9714,Web,2024-05-24 00:00:00
evt_0382,usr_117,cnt_037,2024-05-23 22:22:00,2632,mobile,2024-05-24 00:00:00
evt_0596,usr_219,cnt_025,2024-05-23 22:44:00,9772,mobile,2024-05-24 00:00:00
evt_2937,usr_711,cnt_047,2024-05-23 23:06:00,5616,MOBILE,2024-05-24 00:00:00
evt_1417,usr_880,cnt_089,2024-05-23 23:38:00,1527,Tablet,2024-05-24 00:00:00
evt_1794,usr_865,cnt_100,2024-05-23 23:39:00,2408,MOBILE,2024-05-24 00:00:00
evt_3160,usr_540,cnt_038,2024-05-23 23:53:00,1790,tablet,2024-05-24 00:00:00
evt_4653,usr_678,cnt_108,2024-05-24 00:02:00,5631,Mobile,2024-05-25 00:00:00
evt_4744,usr_829,cnt_036,2024-05-24 00:05:00,3458,MOBILE,2024-05-25 00:00:00
evt_4303,usr_945,cnt_041,2024-05-24 00:11:00,8820,MOBILE,2024-05-25 00:00:00
evt_2243,usr_416,cnt_037,2024-05-24 14:13:00,1984,Web,2024-05-25 00:00:00
evt_0275,usr_945,cnt_014,2024-05-24 14:50:00,2908,TABLET,2024-05-25 00:00:00
evt_0258,usr_136,cnt_082,2024-05-24 14:59:00,1316,smart tv,2024-05-25 00:00:00
evt_4967,usr_671,cnt_020,2024-05-24 15:08:00,5602,mobile,2024-05-25 00:00:00
evt_2764,usr_139,cnt_053,2024-05-24 15:09:00,1510,SMART TV,2024-05-25 00:00:00
evt_3636,usr_751,cnt_049,2024-05-24 15:13:00,2841,Web,2024-05-25 00:00:00
evt_1972,usr_558,cnt_076,2024-05-24 15:21:00,5235,Mobile,2024-05-25 00:00:00
evt_2129,usr_618,cnt_021,2024-05-24 15:21:00,7208,MOBILE,2024-05-25 00:00:00
evt_2224,usr_164,cnt_044,2024-05-24 15:41:00,1624,Tablet,2024-05-25 00:00:00
evt_2191,usr_700,cnt_079,2024-05-24 16:11:00,2248,Mobile,2024-05-25 00:00:00
evt_1419,usr_938,cnt_031,2024-05-24 16:22:00,5744,MOBILE,2024-05-25 00:00:00
evt_0184,usr_711,cnt_015,2024-05-24 16:37:00,9781,Mobile,2024-05-25 00:00:00
evt_0518,usr_291,cnt_039,2024-05-24 17:03:00,1588,SMART TV,2024-05-25 00:00:00
evt_0005,usr_408,cnt_104,2024-05-24 17:05:00,6409,Mobile,2024-05-25 00:00:00
evt_1804,usr_440,cnt_102,2024-05-24 18:55:00,4293,web,2024-05-25 00:00:00
evt_1020,usr_788,cnt_016,2024-05-24 19:00:00,1488,smart tv,2024-05-25 00:00:00
evt_2823,usr_454,cnt_073,2024-05-24 19:09:00,2412,Smart TV,2024-05-25 00:00:00
evt_4449,usr_871,cnt_021,2024-05-24 19:11:00,1137,smart tv,2024-05-25 00:00:00
evt_4335,usr_744,cnt_091,2024-05-24 19:42:00,6148,WEB,2024-05-25 00:00:00
evt_1400,usr_420,cnt_090,2024-05-24 19:51:00,1397,tablet,2024-05-25 00:00:00
evt_0923,usr_313,cnt_006,2024-05-24 20:02:00,398,Mobile,2024-05-25 00:00:00
evt_4060,usr_486,cnt_031,2024-05-24 20:34:00,2972,Mobile,2024-05-25 00:00:00
evt_4840,usr_627,cnt_094,2024-05-24 21:28:00,3479,mobile,2024-05-25 00:00:00
evt_1363,usr_607,cnt_042,2024-05-24 22:02:00,1347,mobile,2024-05-25 00:00:00
evt_1961,usr_832,cnt_085,2024-05-24 22:03:00,6261,Mobile,2024-05-25 00:00:00
evt_2237,usr_504,cnt_053,2024-05-24 22:08:00,322,TABLET,2024-05-25 00:00:00
evt_1105,usr_298,cnt_089,2024-05-24 22:26:00,4713,Tablet,2024-05-25 00:00:00
evt_0667,usr_888,cnt_035,2024-05-24 22:27:00,3230,tablet,2024-05-25 00:00:00
evt_4312,usr_711,cnt_061,2024-05-24 22:36:00,2981,Smart TV,2024-05-25 00:00:00
evt_3604,usr_522,cnt_113,2024-05-24 22:50:00,1600,mobile,2024-05-25 00:00:00
evt_0171,usr_630,cnt_070,2024-05-24 23:02:00,2788,WEB,2024-05-25 00:00:00
evt_2431,usr_412,cnt_062,2024-05-24 23:06:00,1908,Mobile,2024-05-25 00:00:00
evt_1886,usr_926,cnt_010,2024-05-24 23:21:00,3254,WEB,2024-05-25 00:00:00
evt_4524,usr_514,cnt_033,2024-05-24 23:21:00,4080,mobile,2024-05-25 00:00:00
evt_2902,usr_781,cnt_073,2024-05-24 23:26:00,943,WEB,2024-05-25 00:00:00
evt_0472,usr_778,cnt_043,2024-05-24 23:55:00,4184,Mobile,2024-05-25 00:00:00
evt_2913,usr_443,cnt_065,2024-05-25 00:07:00,9099,web,2024-05-26 00:00:00
evt_4796,usr_657,cnt_010,2024-05-25 00:53:00,9402,Web,2024-05-26 00:00:00
evt_1985,usr_332,cnt_058,2024-05-25 13:32:00,1579,MOBILE,2024-05-26 00:00:00
evt_2995,usr_240,cnt_007,2024-05-25 13:41:00,3426,WEB,2024-05-26 00:00:00
evt_1377,usr_829,cnt_049,2024-05-25 15:06:00,7562,Web,2024-05-26 00:00:00
evt_1789,usr_496,cnt_106,2024-05-25 15:12:00,6787,WEB,2024-05-26 00:00:00
evt_3276,usr_184,cnt_056,2024-05-25 15:42:00,375,Mobile,2024-05-26 00:00:00
evt_1104,usr_676,cnt_108,2024-05-25 16:03:00,6373,smart tv,2024-05-26 00:00:00
evt_1136,usr_719,cnt_069,2024-05-25 16:44:00,2920,SMART TV,2024-05-26 00:00:00
evt_1314,usr_842,cnt_025,2024-05-25 16:55:00,10490,Smart TV,2024-05-26 00:00:00
evt_1903,usr_116,cnt_072,2024-05-25 18:39:00,5307,Mobile,2024-05-26 00:00:00
evt_1724,usr_331,cnt_101,2024-05-25 19:25:00,6966,Mobile,2024-05-26 00:00:00
evt_4358,usr_932,cnt_048,2024-05-25 19:40:00,782,WEB,2024-05-26 00:00:00
evt_3531,usr_778,cnt_034,2024-05-25 19:46:00,5509,Mobile,2024-05-26 00:00:00
evt_0934,usr_751,cnt_021,2024-05-25 19:54:00,6180,Mobile,2024-05-26 00:00:00
evt_2899,usr_679,cnt_027,2024-05-25 20:25:00,3376,Mobile,2024-05-26 00:00:00
evt_0777,usr_351,cnt_043,2024-05-25 20:29:00,3746,Smart TV,2024-05-26 00:00:00
evt_2872,usr_587,cnt_082,2024-05-25 21:23:00,690,Mobile,2024-05-26 00:00:00
evt_4013,usr_576,cnt_058,2024-05-25 21:49:00,618,Mobile,2024-05-26 00:00:00
evt_1030,usr_543,cnt_053,2024-05-25 21:55:00,2895,SMART TV,2024-05-26 00:00:00
evt_2247,usr_188,cnt_017,2024-05-25 21:58:00,369,Mobile,2024-05-26 00:00:00
evt_4350,usr_829,cnt_005,2024-05-25 22:24:00,6778,smart tv,2024-05-26 00:00:00
evt_3801,usr_469,cnt_089,2024-05-25 23:13:00,3333,MOBILE,2024-05-26 00:00:00
evt_2928,usr_829,cnt_014,2024-05-26 00:48:00,3299,mobile,2024-05-27 00:00:00
evt_3041,usr_928,cnt_005,2024-05-26 13:03:00,3420,web,2024-05-27 00:00:00
evt_3187,usr_560,cnt_082,2024-05-26 13:14:00,10242,web,2024-05-27 00:00:00
evt_0560,usr_848,cnt_020,2024-05-26 13:26:00,390,Tablet,2024-05-27 00:00:00
evt_3598,usr_522,cnt_010,2024-05-26 13:40:00,6135,SMART TV,2024-05-27 00:00:00
evt_4092,usr_613,cnt_012,2024-05-26 13:43:00,8541,mobile,2024-05-27 00:00:00
evt_4969,usr_210,cnt_079,2024-05-26 13:45:00,1011,TABLET,2024-05-27 00:00:00
evt_2855,usr_300,cnt_118,2024-05-26 13:48:00,763,Tablet,2024-05-27 00:00:00
evt_1577,usr_500,cnt_056,2024-05-26 14:31:00,6477,mobile,2024-05-27 00:00:00
evt_3113,usr_232,cnt_106,2024-05-26 14:43:00,4262,Mobile,2024-05-27 00:00:00
evt_2846,usr_637,cnt_010,2024-05-26 15:02:00,544,WEB,2024-05-27 00:00:00
evt_2973,usr_349,cnt_099,2024-05-26 15:54:00,3916,Mobile,2024-05-27 00:00:00
evt_0646,usr_299,cnt_107,2024-05-26 16:01:00,347,web,2024-05-27 00:00:00
evt_4885,usr_393,cnt_008,2024-05-26 16:10:00,6192,MOBILE,2024-05-27 00:00:00
evt_1673,usr_787,cnt_038,2024-05-26 16:27:00,1078,MOBILE,2024-05-27 00:00:00
evt_2075,usr_274,cnt_019,2024-05-26 17:09:00,337,mobile,2024-05-27 00:00:00
evt_2774,usr_842,cnt_041,2024-05-26 18:02:00,2387,web,2024-05-27 00:00:00
evt_4916,usr_554,cnt_112,2024-05-26 18:16:00,6412,web,2024-05-27 00:00:00
evt_1777,usr_445,cnt_115,2024-05-26 18:59:00,1798,mobile,2024-05-27 00:00:00
evt_0622,usr_575,cnt_049,2024-05-26 19:20:00,7000,Mobile,2024-05-27 00:00:00
evt_0063,usr_794,cnt_055,2024-05-26 19:45:00,3210,smart tv,2024-05-27 00:00:00
evt_0401,usr_218,cnt_079,2024-05-26 19:54:00,446,Mobile,2024-05-27 00:00:00
evt_2020,usr_696,cnt_110,2024-05-26 20:19:00,575,TABLET,2024-05-27 00:00:00
evt_2989,usr_292,cnt_068,2024-05-26 20:58:00,379,smart tv,2024-05-27 00:00:00
evt_4917,usr_456,cnt_051,2024-05-26 21:13:00,589,smart tv,2024-05-27 00:00:00
evt_1725,usr_465,cnt_069,2024-05-26 21:40:00,6282,Mobile,2024-05-27 00:00:00
evt_3268,usr_232,cnt_047,2024-05-26 22:09:00,2545,SMART TV,2024-05-27 00:00:00
evt_3121,usr_445,cnt_110,2024-05-26 22:24:00,9268,Mobile,2024-05-27 00:00:00
evt_0071,usr_817,cnt_117,2024-05-26 23:12:00,7235,Tablet,2024-05-27 00:00:00
evt_1441,usr_700,cnt_007,2024-05-26 23:50:00,9467,mobile,2024-05-27 00:00:00
evt_2700,usr_339,cnt_024,2024-05-27 00:11:00,3231,SMART TV,2024-05-28 00:00:00
evt_4995,usr_401,cnt_047,2024-05-27 00:22:00,9259,mobile,2024-05-28 00:00:00
evt_4336,usr_554,cnt_001,2024-05-27 00:53:00,6659,tablet,2024-05-28 00:00:00
evt_0973,usr_466,cnt_031,2024-05-27 13:18:00,336,smart tv,2024-05-28 00:00:00
evt_2017,usr_829,cnt_060,2024-05-27 13:23:00,2105,Mobile,2024-05-28 00:00:00
evt_3775,usr_364,cnt_035,2024-05-27 14:15:00,1847,smart tv,2024-05-28 00:00:00
evt_3553,usr_880,cnt_044,2024-05-27 14:19:00,986,Mobile,2024-05-28 00:00:00
evt_3580,usr_184,cnt_030,2024-05-27 14:57:00,3146,MOBILE,2024-05-28 00:00:00
evt_1632,usr_486,cnt_066,2024-05-27 14:59:00,531,TABLET,2024-05-28 00:00:00
evt_4911,usr_327,cnt_082,2024-05-27 15:54:00,6324,mobile,2024-05-28 00:00:00
evt_3419,usr_539,cnt_075,2024-05-27 16:13:00,3307,MOBILE,2024-05-28 00:00:00
evt_4380,usr_291,cnt_024,2024-05-27 16:55:00,9504,MOBILE,2024-05-28 00:00:00
evt_2364,usr_364,cnt_061,2024-05-27 17:01:00,6500,mobile,2024-05-28 00:00:00
evt_4165,usr_938,cnt_118,2024-05-27 17:01:00,8783,Smart TV,2024-05-28 00:00:00
evt_2437,usr_809,cnt_101,2024-05-27 17:10:00,2121,MOBILE,2024-05-28 00:00:00
evt_4413,usr_636,cnt_108,2024-05-27 17:24:00,6290,mobile,2024-05-28 00:00:00
evt_0031,usr_389,cnt_046,2024-05-27 17:44:00,904,SMART TV,2024-05-28 00:00:00
evt_3310,usr_853,cnt_098,2024-05-27 17:52:00,442,tablet,2024-05-28 00:00:00
evt_1065,usr_472,cnt_025,2024-05-27 17:58:00,799,mobile,2024-05-28 00:00:00
evt_4325,usr_475,cnt_093,2024-05-27 18:10:00,6656,smart tv,2024-05-28 00:00:00
evt_4434,usr_110,cnt_004,2024-05-27 18:19:00,6030,mobile,2024-05-28 00:00:00
evt_0930,usr_746,cnt_036,2024-05-27 18:22:00,1791,Tablet,2024-05-28 00:00:00
evt_4890,usr_501,cnt_023,2024-05-27 19:01:00,990,mobile,2024-05-28 00:00:00
evt_2836,usr_898,cnt_086,2024-05-27 19:19:00,915,WEB,2024-05-28 00:00:00
evt_4377,usr_672,cnt_102,2024-05-27 19:20:00,1195,mobile,2024-05-28 00:00:00
evt_4985,usr_273,cnt_039,2024-05-27 19:25:00,2201,Mobile,2024-05-28 00:00:00
evt_1240,usr_302,cnt_081,2024-05-27 19:28:00,3356,WEB,2024-05-28 00:00:00
evt_4225,usr_252,cnt_047,2024-05-27 20:09:00,2424,mobile,2024-05-28 00:00:00
evt_0801,usr_401,cnt_037,2024-05-27 20:40:00,6655,Mobile,2024-05-28 00:00:00
evt_3052,usr_313,cnt_080,2024-05-27 21:27:00,5117,Mobile,2024-05-28 00:00:00
evt_2657,usr_500,cnt_096,2024-05-27 22:11:00,2214,MOBILE,2024-05-28 00:00:00
evt_2319,usr_458,cnt_096,2024-05-27 22:34:00,3103,WEB,2024-05-28 00:00:00
evt_0985,usr_229,cnt_112,2024-05-27 23:06:00,601,smart tv,2024-05-28 00:00:00
evt_3213,usr_503,cnt_031,2024-05-27 23:25:00,5876,WEB,2024-05-28 00:00:00
evt_1225,usr_558,cnt_117,2024-05-28 00:33:00,6985,Web,2024-05-29 00:00:00
evt_1380,usr_416,cnt_114,2024-05-28 00:35:00,2606,web,2024-05-29 00:00:00
evt_0189,usr_321,cnt_072,2024-05-28 00:36:00,3325,WEB,2024-05-29 00:00:00
evt_2817,usr_486,cnt_047,2024-05-28 00:56:00,912,MOBILE,2024-05-29 00:00:00
evt_4188,usr_229,cnt_106,2024-05-28 13:09:00,727,SMART TV,2024-05-29 00:00:00
evt_2820,usr_445,cnt_027,2024-05-28 13:38:00,10328,web,2024-05-29 00:00:00
evt_0145,usr_288,cnt_028,2024-05-28 14:02:00,10433,smart tv,2024-05-29 00:00:00
evt_4339,usr_729,cnt_046,2024-05-28 14:17:00,9519,Mobile,2024-05-29 00:00:00
evt_0625,usr_415,cnt_012,2024-05-28 14:37:00,3551,tablet,2024-05-29 00:00:00
evt_1183,usr_445,cnt_106,2024-05-28 14:46:00,646,Mobile,2024-05-29 00:00:00
evt_3540,usr_811,cnt_096,2024-05-28 15:05:00,1005,Mobile,2024-05-29 00:00:00
evt_1272,usr_105,cnt_069,2024-05-28 15:06:00,5568,WEB,2024-05-29 00:00:00
evt_4423,usr_145,cnt_118,2024-05-28 15:24:00,3438,Mobile,2024-05-29 00:00:00
evt_3448,usr_630,cnt_074,2024-05-28 16:37:00,2665,mobile,2024-05-29 00:00:00
evt_4960,usr_809,cnt_058,2024-05-28 16:44:00,2725,tablet,2024-05-29 00:00:00
evt_1510,usr_364,cnt_117,2024-05-28 17:17:00,6442,tablet,2024-05-29 00:00:00
evt_3469,usr_377,cnt_042,2024-05-28 18:04:00,2553,Mobile,2024-05-29 00:00:00
evt_0602,usr_299,cnt_036,2024-05-28 18:22:00,3550,MOBILE,2024-05-29 00:00:00
evt_2814,usr_210,cnt_034,2024-05-28 19:47:00,10094,Mobile,2024-05-29 00:00:00
evt_2977,usr_635,cnt_019,2024-05-28 19:53:00,2196,mobile,2024-05-29 00:00:00
evt_0714,usr_184,cnt_114,2024-05-28 20:05:00,2812,Smart TV,2024-05-29 00:00:00
evt_3560,usr_128,cnt_084,2024-05-28 20:34:00,2798,mobile,2024-05-29 00:00:00
evt_0515,usr_491,cnt_015,2024-05-28 20:44:00,2081,TABLET,2024-05-29 00:00:00
evt_4164,usr_226,cnt_100,2024-05-28 20:47:00,8180,MOBILE,2024-05-29 00:00:00
evt_1925,usr_778,cnt_030,2024-05-28 21:49:00,829,mobile,2024-05-29 00:00:00
evt_4155,usr_185,cnt_071,2024-05-28 22:09:00,3123,tablet,2024-05-29 00:00:00
evt_4807,usr_746,cnt_038,2024-05-28 22:42:00,1539,Mobile,2024-05-29 00:00:00
evt_2071,usr_820,cnt_107,2024-05-28 23:34:00,1482,Smart TV,2024-05-29 00:00:00
evt_0506,usr_514,cnt_018,2024-05-28 23:51:00,2100,MOBILE,2024-05-29 00:00:00
evt_3431,usr_543,cnt_119,2024-05-28 23:58:00,3869,Mobile,2024-05-29 00:00:00
evt_4968,usr_546,cnt_023,2024-05-29 00:22:00,1762,Smart TV,2024-05-30 00:00:00
evt_0635,usr_537,cnt_107,2024-05-29 00:24:00,783,Mobile,2024-05-30 00:00:00
evt_4724,usr_907,cnt_002,2024-05-29 00:41:00,6805,Web,2024-05-30 00:00:00
evt_3741,usr_272,cnt_031,2024-05-29 13:01:00,1797,MOBILE,2024-05-30 00:00:00
evt_0563,usr_280,cnt_074,2024-05-29 13:29:00,6320,Mobile,2024-05-30 00:00:00
evt_0761,usr_865,cnt_030,2024-05-29 13:29:00,2877,Mobile,2024-05-30 00:00:00
evt_2424,usr_481,cnt_094,2024-05-29 13:48:00,2297,Mobile,2024-05-30 00:00:00
evt_4867,usr_696,cnt_031,2024-05-29 13:58:00,3962,SMART TV,2024-05-30 00:00:00
evt_2786,usr_474,cnt_055,2024-05-29 14:05:00,558,web,2024-05-30 00:00:00
evt_0240,usr_336,cnt_100,2024-05-29 14:09:00,2173,Mobile,2024-05-30 00:00:00
evt_1838,usr_895,cnt_051,2024-05-29 14:39:00,4081,WEB,2024-05-30 00:00:00
evt_3212,usr_411,cnt_117,2024-05-29 14:42:00,467,smart tv,2024-05-30 00:00:00
evt_0671,usr_865,cnt_033,2024-05-29 14:49:00,1331,Mobile,2024-05-30 00:00:00
evt_4850,usr_327,cnt_048,2024-05-29 14:58:00,3386,MOBILE,2024-05-30 00:00:00
evt_3149,usr_237,cnt_041,2024-05-29 15:14:00,1981,Smart TV,2024-05-30 00:00:00
evt_3513,usr_188,cnt_084,2024-05-29 16:03:00,367,Web,2024-05-30 00:00:00
evt_0439,usr_711,cnt_114,2024-05-29 16:14:00,2730,SMART TV,2024-05-30 00:00:00
evt_4254,usr_486,cnt_118,2024-05-29 17:28:00,763,SMART TV,2024-05-30 00:00:00
evt_4838,usr_478,cnt_112,2024-05-29 17:43:00,8677,Web,2024-05-30 00:00:00
evt_0122,usr_149,cnt_054,2024-05-29 17:50:00,8175,SMART TV,2024-05-30 00:00:00
evt_4259,usr_503,cnt_070,2024-05-29 18:06:00,3062,WEB,2024-05-30 00:00:00
evt_2404,usr_339,cnt_104,2024-05-29 18:15:00,3358,WEB,2024-05-30 00:00:00
evt_0745,usr_696,cnt_040,2024-05-29 19:32:00,10781,smart tv,2024-05-30 00:00:00
evt_4929,usr_547,cnt_053,2024-05-29 20:25:00,2252,SMART TV,2024-05-30 00:00:00
evt_1597,usr_732,cnt_026,2024-05-29 20:41:00,1142,mobile,2024-05-30 00:00:00
evt_3719,usr_141,cnt_087,2024-05-29 22:39:00,3493,mobile,2024-05-30 00:00:00
evt_4737,usr_686,cnt_105,2024-05-29 22:41:00,6204,Web,2024-05-30 00:00:00
evt_0759,usr_368,cnt_102,2024-05-29 23:02:00,9703,Mobile,2024-05-30 00:00:00
evt_1220,usr_280,cnt_029,2024-05-29 23:49:00,10705,SMART TV,2024-05-30 00:00:00
evt_4464,usr_347,cnt_020,2024-05-30 00:12:00,1365,MOBILE,2024-05-31 00:00:00
evt_1667,usr_627,cnt_119,2024-05-30 00:22:00,1659,MOBILE,2024-05-31 00:00:00
evt_2813,usr_299,cnt_084,2024-05-30 00:29:00,3655,mobile,2024-05-31 00:00:00
evt_2311,usr_252,cnt_005,2024-05-30 00:39:00,2784,smart tv,2024-05-31 00:00:00
evt_2543,usr_575,cnt_012,2024-05-30 13:35:00,2646,MOBILE,2024-05-31 00:00:00
evt_4185,usr_313,cnt_009,2024-05-30 14:24:00,6177,web,2024-05-31 00:00:00
evt_4471,usr_331,cnt_032,2024-05-30 14:26:00,1805,MOBILE,2024-05-31 00:00:00
evt_4399,usr_543,cnt_010,2024-05-30 14:43:00,1724,mobile,2024-05-31 00:00:00
evt_4687,usr_252,cnt_024,2024-05-30 15:18:00,957,web,2024-05-31 00:00:00
evt_3498,usr_773,cnt_103,2024-05-30 15:41:00,3867,tablet,2024-05-31 00:00:00
evt_3983,usr_349,cnt_011,2024-05-30 16:28:00,6087,Smart TV,2024-05-31 00:00:00
evt_4756,usr_897,cnt_068,2024-05-30 18:24:00,8049,web,2024-05-31 00:00:00
evt_0006,usr_635,cnt_111,2024-05-30 19:19:00,3812,mobile,2024-05-31 00:00:00
evt_4510,usr_751,cnt_108,2024-05-30 20:25:00,3991,Mobile,2024-05-31 00:00:00
evt_2073,usr_450,cnt_108,2024-05-30 21:17:00,1701,mobile,2024-05-31 00:00:00
evt_2668,usr_332,cnt_058,2024-05-30 21:39:00,2557,MOBILE,2024-05-31 00:00:00
evt_2640,usr_638,cnt_077,2024-05-30 21:48:00,8281,MOBILE,2024-05-31 00:00:00
evt_2397,usr_141,cnt_041,2024-05-30 22:09:00,9476,MOBILE,2024-05-31 00:00:00
evt_4951,usr_150,cnt_105,2024-05-30 23:03:00,1491,smart tv,2024-05-31 00:00:00
evt_2613,usr_291,cnt_066,2024-05-31 00:19:00,1627,Mobile,2024-06-01 00:00:00
evt_2695,usr_274,cnt_073,2024-05-31 00:25:00,943,SMART TV,2024-06-01 00:00:00
evt_0069,usr_105,cnt_036,2024-05-31 13:22:00,1803,Mobile,2024-06-01 00:00:00
evt_0252,usr_412,cnt_046,2024-05-31 13:45:00,10612,Smart TV,2024-06-01 00:00:00
evt_3571,usr_440,cnt_036,2024-05-31 14:46:00,1652,tablet,2024-06-01 00:00:00
evt_4761,usr_226,cnt_037,2024-05-31 15:41:00,2900,WEB,2024-06-01 00:00:00
evt_0215,usr_425,cnt_017,2024-05-31 16:33:00,3076,Smart TV,2024-06-01 00:00:00
evt_1887,usr_727,cnt_049,2024-05-31 16:37:00,7068,mobile,2024-06-01 00:00:00
evt_1676,usr_673,cnt_108,2024-05-31 16:44:00,6117,web,2024-06-01 00:00:00
evt_0829,usr_521,cnt_095,2024-05-31 16:47:00,8567,web,2024-06-01 00:00:00
evt_3518,usr_585,cnt_048,2024-05-31 16:52:00,7689,WEB,2024-06-01 00:00:00
evt_0356,usr_164,cnt_052,2024-05-31 16:58:00,2567,MOBILE,2024-06-01 00:00:00
evt_1974,usr_364,cnt_055,2024-05-31 17:04:00,3123,TABLET,2024-06-01 00:00:00
evt_0548,usr_757,cnt_084,2024-05-31 17:26:00,1720,Mobile,2024-06-01 00:00:00
evt_1771,usr_188,cnt_079,2024-05-31 17:49:00,3343,MOBILE,2024-06-01 00:00:00
evt_3297,usr_292,cnt_062,2024-05-31 17:53:00,2296,tablet,2024-06-01 00:00:00
evt_2579,usr_938,cnt_019,2024-05-31 18:17:00,2914,Mobile,2024-06-01 00:00:00
evt_0121,usr_679,cnt_039,2024-05-31 18:32:00,5455,MOBILE,2024-06-01 00:00:00
evt_0645,usr_780,cnt_088,2024-05-31 18:51:00,2313,Mobile,2024-06-01 00:00:00
evt_0586,usr_248,cnt_009,2024-05-31 19:05:00,313,TABLET,2024-06-01 00:00:00
evt_0618,usr_613,cnt_064,2024-05-31 19:39:00,1685,web,2024-06-01 00:00:00
evt_1209,usr_299,cnt_093,2024-05-31 20:02:00,3097,Web,2024-06-01 00:00:00
evt_1760,usr_492,cnt_029,2024-05-31 20:10:00,4951,mobile,2024-06-01 00:00:00
evt_4400,usr_761,cnt_099,2024-05-31 20:36:00,6078,mobile,2024-06-01 00:00:00
evt_3956,usr_897,cnt_083,2024-05-31 20:38:00,9852,MOBILE,2024-06-01 00:00:00
evt_0312,usr_784,cnt_054,2024-05-31 20:51:00,4484,WEB,2024-06-01 00:00:00
evt_4490,usr_300,cnt_106,2024-05-31 20:58:00,7115,mobile,2024-06-01 00:00:00
evt_0830,usr_636,cnt_008,2024-05-31 21:12:00,5618,smart tv,2024-06-01 00:00:00
evt_4649,usr_540,cnt_001,2024-05-31 21:21:00,6813,Mobile,2024-06-01 00:00:00
evt_2214,usr_916,cnt_090,2024-05-31 21:43:00,7944,MOBILE,2024-06-01 00:00:00
evt_0407,usr_506,cnt_023,2024-05-31 22:29:00,3281,mobile,2024-06-01 00:00:00
evt_3970,usr_635,cnt_067,2024-05-31 22:45:00,3730,Smart TV,2024-06-01 00:00:00
evt_2253,usr_327,cnt_075,2024-06-01 00:04:00,1509,Mobile,2024-06-02 00:00:00
evt_0010,usr_501,cnt_040,2024-06-01 00:52:00,2682,Mobile,2024-06-02 00:00:00
evt_1993,usr_734,cnt_107,2024-06-01 13:00:00,7514,smart tv,2024-06-02 00:00:00
evt_4816,usr_880,cnt_097,2024-06-01 13:06:00,8862,Tablet,2024-06-02 00:00:00
evt_4346,usr_504,cnt_070,2024-06-01 13:31:00,1787,MOBILE,2024-06-02 00:00:00
evt_0922,usr_563,cnt_028,2024-06-01 13:48:00,933,MOBILE,2024-06-02 00:00:00
evt_3509,usr_706,cnt_048,2024-06-01 14:57:00,1732,Smart TV,2024-06-02 00:00:00
evt_0915,usr_729,cnt_108,2024-06-01 15:01:00,600,Mobile,2024-06-02 00:00:00
evt_1856,usr_445,cnt_052,2024-06-01 15:20:00,6252,mobile,2024-06-02 00:00:00
evt_1792,usr_864,cnt_017,2024-06-01 17:17:00,6721,SMART TV,2024-06-02 00:00:00
evt_3091,usr_134,cnt_072,2024-06-01 18:13:00,421,SMART TV,2024-06-02 00:00:00
evt_3969,usr_238,cnt_021,2024-06-01 18:37:00,3107,Mobile,2024-06-02 00:00:00
evt_2570,usr_131,cnt_085,2024-06-01 18:57:00,5094,Tablet,2024-06-02 00:00:00
evt_0348,usr_546,cnt_074,2024-06-01 19:34:00,5496,Smart TV,2024-06-02 00:00:00
evt_0174,usr_589,cnt_079,2024-06-01 19:49:00,1621,Mobile,2024-06-02 00:00:00
evt_2939,usr_606,cnt_089,2024-06-01 20:00:00,2712,smart tv,2024-06-02 00:00:00
evt_4991,usr_938,cnt_097,2024-06-01 20:11:00,8676,smart tv,2024-06-02 00:00:00
evt_3235,usr_591,cnt_056,2024-06-01 21:14:00,2926,Web,2024-06-02 00:00:00
evt_3690,usr_210,cnt_076,2024-06-01 21:28:00,2537,WEB,2024-06-02 00:00:00
evt_0368,usr_945,cnt_059,2024-06-01 22:04:00,770,MOBILE,2024-06-02 00:00:00
evt_0181,usr_879,cnt_064,2024-06-01 22:12:00,1237,MOBILE,2024-06-02 00:00:00
evt_4996,usr_164,cnt_022,2024-06-02 00:20:00,1525,Mobile,2024-06-03 00:00:00
evt_3639,usr_789,cnt_039,2024-06-02 00:47:00,9100,MOBILE,2024-06-03 00:00:00
evt_4470,usr_920,cnt_040,2024-06-02 13:30:00,3194,MOBILE,2024-06-03 00:00:00
evt_2241,usr_288,cnt_025,2024-06-02 14:09:00,558,Mobile,2024-06-03 00:00:00
evt_3971,usr_356,cnt_098,2024-06-02 14:20:00,898,mobile,2024-06-03 00:00:00
evt_1245,usr_865,cnt_068,2024-06-02 15:36:00,1386,SMART TV,2024-06-03 00:00:00
evt_3534,usr_469,cnt_028,2024-06-02 16:25:00,1663,Mobile,2024-06-03 00:00:00
evt_3705,usr_872,cnt_091,2024-06-02 17:29:00,7747,SMART TV,2024-06-03 00:00:00
evt_3218,usr_798,cnt_012,2024-06-02 17:38:00,4553,web,2024-06-03 00:00:00
evt_2680,usr_794,cnt_049,2024-06-02 18:05:00,3012,Tablet,2024-06-03 00:00:00
evt_1284,usr_778,cnt_020,2024-06-02 18:36:00,662,smart tv,2024-06-03 00:00:00
evt_2683,usr_129,cnt_100,2024-06-02 19:47:00,2501,web,2024-06-03 00:00:00
evt_0425,usr_416,cnt_107,2024-06-02 21:10:00,6681,Tablet,2024-06-03 00:00:00
evt_3487,usr_648,cnt_098,2024-06-02 21:37:00,3534,Web,2024-06-03 00:00:00
evt_1759,usr_139,cnt_094,2024-06-02 21:47:00,1080,MOBILE,2024-06-03 00:00:00
evt_1438,usr_517,cnt_067,2024-06-02 21:51:00,700,MOBILE,2024-06-03 00:00:00
evt_0475,usr_829,cnt_011,2024-06-02 22:00:00,801,Mobile,2024-06-03 00:00:00
evt_0739,usr_299,cnt_010,2024-06-02 22:28:00,6700,Smart TV,2024-06-03 00:00:00
evt_1849,usr_772,cnt_085,2024-06-02 22:43:00,2579,smart tv,2024-06-03 00:00:00
evt_1488,usr_247,cnt_040,2024-06-02 23:03:00,6949,Smart TV,2024-06-03 00:00:00
evt_4519,usr_184,cnt_103,2024-06-02 23:11:00,6701,MOBILE,2024-06-03 00:00:00
evt_3743,usr_347,cnt_063,2024-06-02 23:22:00,2011,MOBILE,2024-06-03 00:00:00
evt_1177,usr_587,cnt_096,2024-06-02 23:24:00,3594,web,2024-06-03 00:00:00
evt_1266,usr_928,cnt_092,2024-06-02 23:25:00,2097,Mobile,2024-06-03 00:00:00
evt_2295,usr_873,cnt_091,2024-06-03 00:30:00,10632,Mobile,2024-06-04 00:00:00
evt_1617,usr_648,cnt_005,2024-06-03 00:46:00,10156,Web,2024-06-04 00:00:00
evt_2095,usr_679,cnt_033,2024-06-03 00:48:00,2170,Mobile,2024-06-04 00:00:00
evt_3288,usr_250,cnt_075,2024-06-03 13:05:00,3796,Smart TV,2024-06-04 00:00:00
evt_3649,usr_871,cnt_045,2024-06-03 13:57:00,6739,MOBILE,2024-06-04 00:00:00
evt_4063,usr_623,cnt_082,2024-06-03 15:09:00,9491,mobile,2024-06-04 00:00:00
evt_0905,usr_185,cnt_006,2024-06-03 15:11:00,1177,Web,2024-06-04 00:00:00
evt_0095,usr_284,cnt_056,2024-06-03 15:34:00,2815,Mobile,2024-06-04 00:00:00
evt_1067,usr_782,cnt_062,2024-06-03 16:28:00,1157,SMART TV,2024-06-04 00:00:00
evt_2952,usr_590,cnt_114,2024-06-03 16:29:00,7355,MOBILE,2024-06-04 00:00:00
evt_3725,usr_630,cnt_045,2024-06-03 16:42:00,747,smart tv,2024-06-04 00:00:00
evt_4042,usr_336,cnt_003,2024-06-03 16:51:00,2287,SMART TV,2024-06-04 00:00:00
evt_3194,usr_776,cnt_077,2024-06-03 17:39:00,2683,MOBILE,2024-06-04 00:00:00
evt_0746,usr_455,cnt_040,2024-06-03 18:18:00,1055,SMART TV,2024-06-04 00:00:00
evt_3526,usr_156,cnt_026,2024-06-03 19:02:00,3495,web,2024-06-04 00:00:00
evt_0706,usr_368,cnt_016,2024-06-03 19:07:00,3013,Mobile,2024-06-04 00:00:00
evt_3044,usr_657,cnt_080,2024-06-03 20:17:00,7884,TABLET,2024-06-04 00:00:00
evt_1780,usr_469,cnt_019,2024-06-03 20:21:00,6680,Smart TV,2024-06-04 00:00:00
evt_4305,usr_292,cnt_018,2024-06-03 20:29:00,1743,smart tv,2024-06-04 00:00:00
evt_0463,usr_336,cnt_065,2024-06-03 20:45:00,3031,mobile,2024-06-04 00:00:00
evt_4311,usr_558,cnt_045,2024-06-03 20:49:00,2237,MOBILE,2024-06-04 00:00:00
evt_0850,usr_415,cnt_018,2024-06-03 21:13:00,5272,TABLET,2024-06-04 00:00:00
evt_0370,usr_464,cnt_017,2024-06-03 21:52:00,9034,Web,2024-06-04 00:00:00
evt_0157,usr_751,cnt_087,2024-06-03 22:02:00,449,Smart TV,2024-06-04 00:00:00
evt_0831,usr_732,cnt_085,2024-06-03 22:14:00,10409,Mobile,2024-06-04 00:00:00
evt_4082,usr_678,cnt_016,2024-06-03 22:18:00,3405,MOBILE,2024-06-04 00:00:00
evt_1737,usr_218,cnt_043,2024-06-03 22:22:00,768,mobile,2024-06-04 00:00:00
evt_0809,usr_141,cnt_032,2024-06-03 22:42:00,3956,Smart TV,2024-06-04 00:00:00
evt_0402,usr_897,cnt_035,2024-06-03 23:25:00,10267,mobile,2024-06-04 00:00:00
evt_4472,usr_134,cnt_029,2024-06-03 23:34:00,10556,smart tv,2024-06-04 00:00:00
evt_0032,usr_531,cnt_007,2024-06-04 00:31:00,5886,WEB,2024-06-05 00:00:00
evt_1826,usr_517,cnt_102,2024-06-04 00:42:00,5888,Tablet,2024-06-05 00:00:00
evt_3928,usr_498,cnt_095,2024-06-04 00:48:00,6852,smart tv,2024-06-05 00:00:00
evt_1191,usr_408,cnt_036,2024-06-04 00:50:00,2306,smart tv,2024-06-05 00:00:00
evt_1446,usr_469,cnt_082,2024-06-04 13:04:00,2056,SMART TV,2024-06-05 00:00:00
evt_1054,usr_377,cnt_099,2024-06-04 13:07:00,2814,mobile,2024-06-05 00:00:00
evt_4567,usr_788,cnt_021,2024-06-04 13:32:00,6857,WEB,2024-06-05 00:00:00
evt_4982,usr_298,cnt_002,2024-06-04 13:38:00,4566,Mobile,2024-06-05 00:00:00
evt_3889,usr_530,cnt_093,2024-06-04 13:44:00,7192,TABLET,2024-06-05 00:00:00
evt_2300,usr_351,cnt_020,2024-06-04 13:51:00,8630,Mobile,2024-06-05 00:00:00
evt_2256,usr_425,cnt_100,2024-06-04 14:50:00,1639,MOBILE,2024-06-05 00:00:00
evt_4907,usr_430,cnt_109,2024-06-04 15:59:00,2510,Mobile,2024-06-05 00:00:00
evt_2355,usr_474,cnt_071,2024-06-04 16:14:00,6577,tablet,2024-06-05 00:00:00
evt_3416,usr_502,cnt_058,2024-06-04 16:23:00,2864,MOBILE,2024-06-05 00:00:00
evt_2435,usr_811,cnt_119,2024-06-04 16:27:00,3589,smart tv,2024-06-05 00:00:00
evt_1473,usr_650,cnt_064,2024-06-04 16:44:00,6222,Web,2024-06-05 00:00:00
evt_0017,usr_531,cnt_081,2024-06-04 16:45:00,2772,mobile,2024-06-05 00:00:00
evt_1062,usr_608,cnt_014,2024-06-04 16:51:00,7163,Smart TV,2024-06-05 00:00:00
evt_1905,usr_880,cnt_032,2024-06-04 16:53:00,2558,Mobile,2024-06-05 00:00:00
evt_4832,usr_273,cnt_025,2024-06-04 17:09:00,3267,tablet,2024-06-05 00:00:00
evt_3329,usr_277,cnt_081,2024-06-04 18:13:00,2836,MOBILE,2024-06-05 00:00:00
evt_0141,usr_301,cnt_096,2024-06-04 18:26:00,4789,web,2024-06-05 00:00:00
evt_1445,usr_285,cnt_111,2024-06-04 18:36:00,871,mobile,2024-06-05 00:00:00
evt_4825,usr_782,cnt_035,2024-06-04 20:13:00,1740,Smart TV,2024-06-05 00:00:00
evt_4108,usr_219,cnt_084,2024-06-04 20:15:00,3282,Tablet,2024-06-05 00:00:00
evt_3590,usr_797,cnt_053,2024-06-04 20:59:00,818,Mobile,2024-06-05 00:00:00
evt_2061,usr_712,cnt_094,2024-06-04 21:56:00,2545,SMART TV,2024-06-05 00:00:00
evt_2201,usr_514,cnt_067,2024-06-04 22:02:00,9894,mobile,2024-06-05 00:00:00
evt_1257,usr_767,cnt_072,2024-06-04 22:24:00,3067,smart tv,2024-06-05 00:00:00
evt_4266,usr_331,cnt_012,2024-06-04 22:34:00,647,Web,2024-06-05 00:00:00
evt_0462,usr_300,cnt_035,2024-06-04 22:39:00,2451,Web,2024-06-05 00:00:00
evt_4113,usr_820,cnt_113,2024-06-04 22:40:00,9489,MOBILE,2024-06-05 00:00:00
evt_1125,usr_161,cnt_061,2024-06-04 23:29:00,6878,mobile,2024-06-05 00:00:00
evt_1181,usr_773,cnt_016,2024-06-04 23:34:00,6592,Mobile,2024-06-05 00:00:00
evt_0098,usr_272,cnt_109,2024-06-04 23:50:00,1197,Web,2024-06-05 00:00:00
evt_3146,usr_141,cnt_037,2024-06-05 00:24:00,5405,SMART TV,2024-06-06 00:00:00
evt_4436,usr_560,cnt_097,2024-06-05 00:25:00,1566,WEB,2024-06-06 00:00:00
evt_4696,usr_657,cnt_104,2024-06-05 13:21:00,1632,Mobile,2024-06-06 00:00:00
evt_0819,usr_188,cnt_049,2024-06-05 13:22:00,9743,mobile,2024-06-06 00:00:00
evt_4742,usr_237,cnt_075,2024-06-05 13:28:00,1117,Smart TV,2024-06-06 00:00:00
evt_2336,usr_732,cnt_036,2024-06-05 13:29:00,691,Tablet,2024-06-06 00:00:00
evt_4244,usr_458,cnt_114,2024-06-05 13:40:00,2493,MOBILE,2024-06-06 00:00:00
evt_4502,usr_277,cnt_058,2024-06-05 13:55:00,4706,Web,2024-06-06 00:00:00
evt_2597,usr_736,cnt_078,2024-06-05 14:07:00,5398,web,2024-06-06 00:00:00
evt_2799,usr_932,cnt_076,2024-06-05 14:25:00,2822,SMART TV,2024-06-06 00:00:00
evt_1001,usr_734,cnt_044,2024-06-05 14:27:00,6902,TABLET,2024-06-06 00:00:00
evt_2371,usr_767,cnt_035,2024-06-05 14:27:00,430,mobile,2024-06-06 00:00:00
evt_3022,usr_440,cnt_084,2024-06-05 15:07:00,2881,Mobile,2024-06-06 00:00:00
evt_0877,usr_339,cnt_065,2024-06-05 15:12:00,1510,mobile,2024-06-06 00:00:00
evt_3823,usr_679,cnt_070,2024-06-05 15:20:00,3700,mobile,2024-06-06 00:00:00
evt_4800,usr_895,cnt_059,2024-06-05 15:21:00,7575,SMART TV,2024-06-06 00:00:00
evt_1483,usr_498,cnt_119,2024-06-05 16:27:00,1661,Smart TV,2024-06-06 00:00:00
evt_1203,usr_635,cnt_119,2024-06-05 16:36:00,1676,mobile,2024-06-06 00:00:00
evt_0038,usr_394,cnt_118,2024-06-05 16:41:00,429,mobile,2024-06-06 00:00:00
evt_4053,usr_472,cnt_078,2024-06-05 16:50:00,2324,smart tv,2024-06-06 00:00:00
evt_2365,usr_456,cnt_018,2024-06-05 18:30:00,7706,Mobile,2024-06-06 00:00:00
evt_1715,usr_522,cnt_037,2024-06-05 19:24:00,1419,Tablet,2024-06-06 00:00:00
evt_4599,usr_401,cnt_052,2024-06-05 19:33:00,978,Mobile,2024-06-06 00:00:00
evt_2231,usr_583,cnt_032,2024-06-05 19:41:00,1219,MOBILE,2024-06-06 00:00:00
evt_3664,usr_349,cnt_058,2024-06-05 20:03:00,2430,web,2024-06-06 00:00:00
evt_1252,usr_506,cnt_096,2024-06-05 20:09:00,2898,smart tv,2024-06-06 00:00:00
evt_2147,usr_300,cnt_094,2024-06-05 21:20:00,2396,Mobile,2024-06-06 00:00:00
evt_0508,usr_293,cnt_002,2024-06-05 21:25:00,9024,smart tv,2024-06-06 00:00:00
evt_4190,usr_865,cnt_117,2024-06-05 22:07:00,9444,mobile,2024-06-06 00:00:00
evt_3290,usr_590,cnt_059,2024-06-05 22:24:00,1245,MOBILE,2024-06-06 00:00:00
evt_1989,usr_778,cnt_045,2024-06-05 22:27:00,5583,mobile,2024-06-06 00:00:00
evt_2160,usr_131,cnt_041,2024-06-05 22:39:00,574,tablet,2024-06-06 00:00:00
evt_0688,usr_531,cnt_014,2024-06-05 22:50:00,508,mobile,2024-06-06 00:00:00
evt_1204,usr_582,cnt_021,2024-06-05 23:10:00,966,Mobile,2024-06-06 00:00:00
evt_4213,usr_299,cnt_042,2024-06-05 23:26:00,6947,MOBILE,2024-06-06 00:00:00
evt_2532,usr_673,cnt_003,2024-06-06 00:23:00,7133,MOBILE,2024-06-07 00:00:00
evt_3050,usr_732,cnt_039,2024-06-06 00:25:00,3585,WEB,2024-06-07 00:00:00
evt_1821,usr_105,cnt_018,2024-06-06 13:18:00,6739,SMART TV,2024-06-07 00:00:00
evt_2908,usr_767,cnt_082,2024-06-06 13:37:00,1440,Mobile,2024-06-07 00:00:00
evt_2267,usr_872,cnt_090,2024-06-06 14:34:00,1780,web,2024-06-07 00:00:00
evt_1117,usr_161,cnt_103,2024-06-06 15:09:00,637,smart tv,2024-06-07 00:00:00
evt_1872,usr_776,cnt_090,2024-06-06 16:57:00,2213,TABLET,2024-06-07 00:00:00
evt_2921,usr_131,cnt_096,2024-06-06 17:05:00,680,mobile,2024-06-07 00:00:00
evt_3090,usr_285,cnt_087,2024-06-06 17:20:00,2642,tablet,2024-06-07 00:00:00
evt_4791,usr_583,cnt_020,2024-06-06 17:52:00,1530,MOBILE,2024-06-07 00:00:00
evt_0088,usr_252,cnt_001,2024-06-06 18:15:00,3206,MOBILE,2024-06-07 00:00:00
evt_4983,usr_300,cnt_031,2024-06-06 18:15:00,9137,tablet,2024-06-07 00:00:00
evt_2617,usr_455,cnt_019,2024-06-06 19:22:00,3095,tablet,2024-06-07 00:00:00
evt_3253,usr_321,cnt_099,2024-06-06 19:51:00,2861,Smart TV,2024-06-07 00:00:00
evt_4574,usr_377,cnt_091,2024-06-06 19:51:00,1866,mobile,2024-06-07 00:00:00
evt_2933,usr_415,cnt_095,2024-06-06 20:41:00,1234,Tablet,2024-06-07 00:00:00
evt_0263,usr_108,cnt_077,2024-06-06 20:45:00,363,mobile,2024-06-07 00:00:00
evt_3701,usr_291,cnt_090,2024-06-06 21:18:00,3300,WEB,2024-06-07 00:00:00
evt_3381,usr_500,cnt_045,2024-06-06 22:27:00,1963,smart tv,2024-06-07 00:00:00
evt_2745,usr_492,cnt_016,2024-06-06 22:31:00,2553,Mobile,2024-06-07 00:00:00
evt_4395,usr_770,cnt_070,2024-06-06 22:43:00,303,smart tv,2024-06-07 00:00:00
evt_2731,usr_808,cnt_090,2024-06-06 22:53:00,4687,MOBILE,2024-06-07 00:00:00
evt_1418,usr_606,cnt_067,2024-06-06 23:04:00,2598,Mobile,2024-06-07 00:00:00
evt_0358,usr_116,cnt_104,2024-06-06 23:10:00,1352,SMART TV,2024-06-07 00:00:00
evt_0730,usr_928,cnt_105,2024-06-06 23:19:00,10045,Mobile,2024-06-07 00:00:00
evt_1940,usr_139,cnt_048,2024-06-06 23:24:00,1339,Web,2024-06-07 00:00:00
evt_1727,usr_110,cnt_055,2024-06-06 23:34:00,2519,Smart TV,2024-06-07 00:00:00
evt_4059,usr_184,cnt_089,2024-06-06 23:55:00,2294,SMART TV,2024-06-07 00:00:00
evt_1116,usr_292,cnt_104,2024-06-06 23:58:00,4377,smart tv,2024-06-07 00:00:00
evt_0956,usr_719,cnt_004,2024-06-07 00:34:00,7069,Web,2024-06-08 00:00:00
evt_4792,usr_238,cnt_081,2024-06-07 00:35:00,1603,Smart TV,2024-06-08 00:00:00
evt_0543,usr_455,cnt_117,2024-06-07 13:15:00,3117,smart tv,2024-06-08 00:00:00
evt_3605,usr_791,cnt_004,2024-06-07 13:29:00,4424,web,2024-06-08 00:00:00
evt_1334,usr_416,cnt_117,2024-06-07 14:09:00,5710,mobile,2024-06-08 00:00:00
evt_1652,usr_394,cnt_019,2024-06-07 14:32:00,1671,mobile,2024-06-08 00:00:00
evt_2602,usr_776,cnt_105,2024-06-07 15:10:00,10646,Smart TV,2024-06-08 00:00:00
evt_1189,usr_372,cnt_062,2024-06-07 15:22:00,2138,Mobile,2024-06-08 00:00:00
evt_2187,usr_789,cnt_102,2024-06-07 17:18:00,1759,mobile,2024-06-08 00:00:00
evt_0722,usr_539,cnt_107,2024-06-07 17:41:00,1502,MOBILE,2024-06-08 00:00:00
evt_4111,usr_673,cnt_095,2024-06-07 18:10:00,1456,MOBILE,2024-06-08 00:00:00
evt_1880,usr_751,cnt_024,2024-06-07 18:13:00,6191,WEB,2024-06-08 00:00:00
evt_2165,usr_734,cnt_004,2024-06-07 19:07:00,2436,MOBILE,2024-06-08 00:00:00
evt_4201,usr_465,cnt_049,2024-06-07 19:20:00,2653,MOBILE,2024-06-08 00:00:00
evt_0647,usr_618,cnt_052,2024-06-07 19:38:00,832,tablet,2024-06-08 00:00:00
evt_0333,usr_429,cnt_026,2024-06-07 20:53:00,3006,MOBILE,2024-06-08 00:00:00
evt_2761,usr_898,cnt_036,2024-06-07 21:11:00,2501,Tablet,2024-06-08 00:00:00
evt_0167,usr_285,cnt_025,2024-06-07 21:16:00,2594,MOBILE,2024-06-08 00:00:00
evt_2429,usr_291,cnt_010,2024-06-07 22:02:00,6999,Web,2024-06-08 00:00:00
evt_2272,usr_288,cnt_010,2024-06-07 22:21:00,9450,Tablet,2024-06-08 00:00:00
evt_3678,usr_788,cnt_022,2024-06-07 22:56:00,9871,web,2024-06-08 00:00:00
evt_4079,usr_331,cnt_012,2024-06-07 23:12:00,4520,tablet,2024-06-08 00:00:00
evt_4010,usr_131,cnt_044,2024-06-07 23:30:00,590,TABLET,2024-06-08 00:00:00
evt_0742,usr_247,cnt_085,2024-06-08 13:29:00,3401,smart tv,2024-06-09 00:00:00
evt_1329,usr_595,cnt_112,2024-06-08 13:47:00,1474,Tablet,2024-06-09 00:00:00
evt_4236,usr_700,cnt_046,2024-06-08 14:20:00,6589,Tablet,2024-06-09 00:00:00
evt_0339,usr_300,cnt_118,2024-06-08 16:02:00,2814,Tablet,2024-06-09 00:00:00
evt_3544,usr_496,cnt_061,2024-06-08 16:53:00,777,Mobile,2024-06-09 00:00:00
evt_4491,usr_128,cnt_017,2024-06-08 17:02:00,640,smart tv,2024-06-09 00:00:00
evt_3718,usr_938,cnt_023,2024-06-08 17:36:00,1704,Web,2024-06-09 00:00:00
evt_4146,usr_339,cnt_005,2024-06-08 18:30:00,4918,web,2024-06-09 00:00:00
evt_0068,usr_402,cnt_082,2024-06-08 18:55:00,1584,Tablet,2024-06-09 00:00:00
evt_0087,usr_150,cnt_082,2024-06-08 20:04:00,3547,Web,2024-06-09 00:00:00
evt_3894,usr_331,cnt_090,2024-06-08 20:14:00,4267,Web,2024-06-09 00:00:00
evt_0992,usr_938,cnt_090,2024-06-08 20:47:00,4394,Mobile,2024-06-09 00:00:00
evt_2091,usr_425,cnt_119,2024-06-08 20:56:00,7183,Mobile,2024-06-09 00:00:00
evt_0627,usr_188,cnt_033,2024-06-08 21:29:00,10228,web,2024-06-09 00:00:00
evt_3549,usr_377,cnt_080,2024-06-08 21:46:00,2936,smart tv,2024-06-09 00:00:00
evt_0274,usr_247,cnt_090,2024-06-08 22:33:00,1159,web,2024-06-09 00:00:00
evt_0055,usr_206,cnt_072,2024-06-08 22:43:00,1616,Web,2024-06-09 00:00:00
evt_3126,usr_623,cnt_025,2024-06-08 23:10:00,5744,tablet,2024-06-09 00:00:00
evt_4362,usr_879,cnt_010,2024-06-08 23:10:00,3172,TABLET,2024-06-09 00:00:00
evt_4859,usr_458,cnt_052,2024-06-08 23:30:00,3342,WEB,2024-06-09 00:00:00
evt_3281,usr_514,cnt_071,2024-06-09 00:23:00,4367,tablet,2024-06-10 00:00:00
evt_0840,usr_349,cnt_020,2024-06-09 00:25:00,1639,MOBILE,2024-06-10 00:00:00
evt_1084,usr_848,cnt_082,2024-06-09 13:15:00,3040,mobile,2024-06-10 00:00:00
evt_2856,usr_539,cnt_007,2024-06-09 13:46:00,2675,mobile,2024-06-10 00:00:00
evt_3646,usr_331,cnt_001,2024-06-09 15:15:00,1487,smart tv,2024-06-10 00:00:00
evt_3255,usr_503,cnt_064,2024-06-09 15:20:00,4521,mobile,2024-06-10 00:00:00
evt_2455,usr_156,cnt_114,2024-06-09 15:35:00,3696,smart tv,2024-06-10 00:00:00
evt_2743,usr_537,cnt_077,2024-06-09 15:59:00,5249,smart tv,2024-06-10 00:00:00
evt_1932,usr_767,cnt_032,2024-06-09 16:28:00,1474,mobile,2024-06-10 00:00:00
evt_2088,usr_288,cnt_103,2024-06-09 16:46:00,933,Tablet,2024-06-10 00:00:00
evt_3858,usr_946,cnt_075,2024-06-09 17:00:00,926,Mobile,2024-06-10 00:00:00
evt_3325,usr_393,cnt_060,2024-06-09 18:27:00,4265,smart tv,2024-06-10 00:00:00
evt_2024,usr_757,cnt_001,2024-06-09 18:34:00,3740,MOBILE,2024-06-10 00:00:00
evt_1232,usr_229,cnt_052,2024-06-09 18:58:00,2815,smart tv,2024-06-10 00:00:00
evt_1362,usr_117,cnt_004,2024-06-09 19:41:00,4458,WEB,2024-06-10 00:00:00
evt_2362,usr_232,cnt_042,2024-06-09 19:52:00,3306,Smart TV,2024-06-10 00:00:00
evt_1008,usr_635,cnt_073,2024-06-09 20:34:00,675,Tablet,2024-06-10 00:00:00
evt_3838,usr_406,cnt_050,2024-06-09 20:34:00,9855,mobile,2024-06-10 00:00:00
evt_1675,usr_638,cnt_051,2024-06-09 21:08:00,990,mobile,2024-06-10 00:00:00
evt_1108,usr_920,cnt_022,2024-06-09 21:31:00,3212,Tablet,2024-06-10 00:00:00
evt_4195,usr_285,cnt_040,2024-06-09 21:40:00,4995,Web,2024-06-10 00:00:00
evt_2488,usr_872,cnt_085,2024-06-09 21:54:00,7038,WEB,2024-06-10 00:00:00
evt_4765,usr_898,cnt_006,2024-06-09 23:19:00,5758,SMART TV,2024-06-10 00:00:00
evt_4709,usr_781,cnt_084,2024-06-09 23:24:00,2654,smart tv,2024-06-10 00:00:00
evt_0153,usr_778,cnt_023,2024-06-09 23:27:00,8821,WEB,2024-06-10 00:00:00
evt_2894,usr_618,cnt_118,2024-06-09 23:28:00,729,Tablet,2024-06-10 00:00:00
evt_1621,usr_563,cnt_093,2024-06-09 23:29:00,1313,Web,2024-06-10 00:00:00
evt_3527,usr_272,cnt_108,2024-06-10 00:16:00,1259,Smart TV,2024-06-11 00:00:00
evt_0723,usr_590,cnt_045,2024-06-10 16:37:00,3372,Tablet,2024-06-11 00:00:00
evt_1069,usr_794,cnt_064,2024-06-10 16:57:00,668,MOBILE,2024-06-11 00:00:00
evt_4871,usr_770,cnt_034,2024-06-10 17:17:00,4279,SMART TV,2024-06-11 00:00:00
evt_4499,usr_110,cnt_021,2024-06-10 17:38:00,6278,TABLET,2024-06-11 00:00:00
evt_2646,usr_706,cnt_018,2024-06-10 17:58:00,1631,web,2024-06-11 00:00:00
evt_4699,usr_607,cnt_060,2024-06-10 18:10:00,1569,MOBILE,2024-06-11 00:00:00
evt_2082,usr_879,cnt_023,2024-06-10 18:22:00,1456,Mobile,2024-06-11 00:00:00
evt_2848,usr_521,cnt_069,2024-06-10 18:58:00,3633,SMART TV,2024-06-11 00:00:00
evt_0442,usr_134,cnt_100,2024-06-10 19:03:00,1668,MOBILE,2024-06-11 00:00:00
evt_2484,usr_608,cnt_050,2024-06-10 20:40:00,1175,Mobile,2024-06-11 00:00:00
evt_1073,usr_778,cnt_053,2024-06-10 20:47:00,6908,WEB,2024-06-11 00:00:00
evt_1064,usr_274,cnt_074,2024-06-10 21:46:00,3421,Tablet,2024-06-11 00:00:00
evt_3965,usr_575,cnt_009,2024-06-10 22:53:00,7783,Mobile,2024-06-11 00:00:00
evt_1353,usr_292,cnt_042,2024-06-10 22:58:00,2470,Smart TV,2024-06-11 00:00:00
evt_4878,usr_327,cnt_040,2024-06-10 23:23:00,990,Mobile,2024-06-11 00:00:00
evt_2773,usr_531,cnt_057,2024-06-11 00:06:00,8011,Mobile,2024-06-12 00:00:00
evt_1379,usr_145,cnt_118,2024-06-11 00:43:00,362,Web,2024-06-12 00:00:00
evt_0296,usr_210,cnt_041,2024-06-11 13:00:00,2620,mobile,2024-06-12 00:00:00
evt_4812,usr_313,cnt_018,2024-06-11 13:24:00,7151,web,2024-06-12 00:00:00
evt_4292,usr_582,cnt_050,2024-06-11 13:37:00,1809,smart tv,2024-06-12 00:00:00
evt_1239,usr_523,cnt_019,2024-06-11 13:53:00,787,Tablet,2024-06-12 00:00:00
evt_3035,usr_184,cnt_048,2024-06-11 14:09:00,4009,smart tv,2024-06-12 00:00:00
evt_2861,usr_528,cnt_002,2024-06-11 14:33:00,7781,WEB,2024-06-12 00:00:00
evt_3914,usr_744,cnt_005,2024-06-11 15:06:00,3796,Tablet,2024-06-12 00:00:00
evt_2720,usr_339,cnt_068,2024-06-11 15:10:00,2524,MOBILE,2024-06-12 00:00:00
evt_2419,usr_291,cnt_075,2024-06-11 15:24:00,1738,SMART TV,2024-06-12 00:00:00
evt_0176,usr_590,cnt_092,2024-06-11 15:47:00,1097,Smart TV,2024-06-12 00:00:00
evt_4182,usr_506,cnt_004,2024-06-11 15:49:00,3282,WEB,2024-06-12 00:00:00
evt_2569,usr_285,cnt_061,2024-06-11 17:01:00,7053,Web,2024-06-12 00:00:00
evt_2087,usr_136,cnt_110,2024-06-11 17:24:00,351,MOBILE,2024-06-12 00:00:00
evt_1120,usr_853,cnt_022,2024-06-11 17:45:00,6617,mobile,2024-06-12 00:00:00
evt_4448,usr_811,cnt_089,2024-06-11 18:47:00,7057,Web,2024-06-12 00:00:00
evt_4149,usr_250,cnt_008,2024-06-11 18:57:00,3015,smart tv,2024-06-12 00:00:00
evt_2548,usr_757,cnt_029,2024-06-11 20:26:00,1862,TABLET,2024-06-12 00:00:00
evt_3702,usr_475,cnt_105,2024-06-11 20:32:00,3265,Mobile,2024-06-12 00:00:00
evt_3250,usr_638,cnt_108,2024-06-11 20:56:00,5488,mobile,2024-06-12 00:00:00
evt_2567,usr_793,cnt_016,2024-06-11 21:01:00,3342,tablet,2024-06-12 00:00:00
evt_4562,usr_466,cnt_011,2024-06-11 21:14:00,7297,smart tv,2024-06-12 00:00:00
evt_4881,usr_455,cnt_037,2024-06-11 21:22:00,2813,MOBILE,2024-06-12 00:00:00
evt_2244,usr_408,cnt_116,2024-06-11 21:30:00,6561,mobile,2024-06-12 00:00:00
evt_1339,usr_469,cnt_051,2024-06-11 22:18:00,1531,Mobile,2024-06-12 00:00:00
evt_4208,usr_672,cnt_104,2024-06-11 23:02:00,1523,mobile,2024-06-12 00:00:00
evt_1173,usr_699,cnt_088,2024-06-11 23:20:00,3106,Tablet,2024-06-12 00:00:00
evt_2811,usr_377,cnt_030,2024-06-11 23:35:00,2813,tablet,2024-06-12 00:00:00
evt_0461,usr_789,cnt_106,2024-06-12 00:17:00,611,WEB,2024-06-13 00:00:00
evt_0782,usr_608,cnt_010,2024-06-12 00:43:00,9271,mobile,2024-06-13 00:00:00
evt_0097,usr_349,cnt_036,2024-06-12 13:04:00,5976,web,2024-06-13 00:00:00
evt_2124,usr_751,cnt_110,2024-06-12 13:48:00,4317,Mobile,2024-06-13 00:00:00
evt_1452,usr_240,cnt_019,2024-06-12 14:18:00,9810,Smart TV,2024-06-13 00:00:00
evt_1161,usr_356,cnt_093,2024-06-12 14:24:00,1822,MOBILE,2024-06-13 00:00:00
evt_1608,usr_327,cnt_021,2024-06-12 14:56:00,2247,Smart TV,2024-06-13 00:00:00
evt_1450,usr_349,cnt_100,2024-06-12 15:28:00,1509,mobile,2024-06-13 00:00:00
evt_4595,usr_608,cnt_078,2024-06-12 15:37:00,1926,WEB,2024-06-13 00:00:00
evt_0419,usr_429,cnt_062,2024-06-12 17:12:00,1038,tablet,2024-06-13 00:00:00
evt_2772,usr_411,cnt_084,2024-06-12 17:28:00,303,MOBILE,2024-06-13 00:00:00
evt_4107,usr_280,cnt_036,2024-06-12 17:31:00,3541,MOBILE,2024-06-13 00:00:00
evt_0302,usr_751,cnt_113,2024-06-12 17:49:00,3392,MOBILE,2024-06-13 00:00:00
evt_4537,usr_108,cnt_113,2024-06-12 17:52:00,6520,Tablet,2024-06-13 00:00:00
evt_2606,usr_288,cnt_040,2024-06-12 18:56:00,2196,web,2024-06-13 00:00:00
evt_3572,usr_433,cnt_094,2024-06-12 19:15:00,7527,Smart TV,2024-06-13 00:00:00
evt_2673,usr_498,cnt_114,2024-06-12 19:36:00,2842,SMART TV,2024-06-13 00:00:00
evt_2956,usr_867,cnt_099,2024-06-12 19:44:00,641,mobile,2024-06-13 00:00:00
evt_2803,usr_872,cnt_032,2024-06-12 19:46:00,4407,mobile,2024-06-13 00:00:00
evt_0137,usr_780,cnt_079,2024-06-12 19:52:00,3710,mobile,2024-06-13 00:00:00
evt_0003,usr_299,cnt_017,2024-06-12 20:06:00,2664,mobile,2024-06-13 00:00:00
evt_0256,usr_156,cnt_056,2024-06-12 20:41:00,5923,Smart TV,2024-06-13 00:00:00
evt_3155,usr_751,cnt_036,2024-06-12 20:45:00,1892,MOBILE,2024-06-13 00:00:00
evt_1646,usr_808,cnt_058,2024-06-12 20:46:00,899,SMART TV,2024-06-13 00:00:00
evt_4829,usr_486,cnt_098,2024-06-12 20:48:00,6659,Tablet,2024-06-13 00:00:00
evt_2306,usr_793,cnt_005,2024-06-12 20:50:00,7083,MOBILE,2024-06-13 00:00:00
evt_4591,usr_637,cnt_011,2024-06-12 21:13:00,838,Mobile,2024-06-13 00:00:00
evt_0426,usr_205,cnt_100,2024-06-12 21:24:00,1576,MOBILE,2024-06-13 00:00:00
evt_2535,usr_920,cnt_101,2024-06-12 22:07:00,469,mobile,2024-06-13 00:00:00
evt_0958,usr_879,cnt_003,2024-06-12 22:55:00,511,mobile,2024-06-13 00:00:00
evt_0558,usr_475,cnt_021,2024-06-12 22:57:00,9372,tablet,2024-06-13 00:00:00
evt_3677,usr_134,cnt_076,2024-06-13 00:11:00,2596,tablet,2024-06-14 00:00:00
evt_0899,usr_347,cnt_107,2024-06-13 13:08:00,7168,web,2024-06-14 00:00:00
evt_2669,usr_582,cnt_110,2024-06-13 13:55:00,3696,smart tv,2024-06-14 00:00:00
evt_2043,usr_679,cnt_071,2024-06-13 14:03:00,6809,smart tv,2024-06-14 00:00:00
evt_3249,usr_938,cnt_090,2024-06-13 14:17:00,3488,smart tv,2024-06-14 00:00:00
evt_1636,usr_412,cnt_111,2024-06-13 14:18:00,1644,web,2024-06-14 00:00:00
evt_0763,usr_671,cnt_070,2024-06-13 14:50:00,866,mobile,2024-06-14 00:00:00
evt_0976,usr_920,cnt_109,2024-06-13 14:53:00,1065,mobile,2024-06-14 00:00:00
evt_0643,usr_218,cnt_057,2024-06-13 15:00:00,2319,mobile,2024-06-14 00:00:00
evt_2127,usr_672,cnt_069,2024-06-13 16:30:00,1750,mobile,2024-06-14 00:00:00
evt_2228,usr_492,cnt_024,2024-06-13 17:21:00,1368,Web,2024-06-14 00:00:00
evt_0286,usr_292,cnt_091,2024-06-13 17:27:00,1071,MOBILE,2024-06-14 00:00:00
evt_2766,usr_809,cnt_043,2024-06-13 17:29:00,1231,MOBILE,2024-06-14 00:00:00
evt_3931,usr_554,cnt_013,2024-06-13 17:44:00,805,MOBILE,2024-06-14 00:00:00
evt_3611,usr_540,cnt_079,2024-06-13 18:32:00,670,WEB,2024-06-14 00:00:00
evt_4277,usr_351,cnt_023,2024-06-13 18:45:00,3297,SMART TV,2024-06-14 00:00:00
evt_1292,usr_506,cnt_023,2024-06-13 18:47:00,1614,MOBILE,2024-06-14 00:00:00
evt_1359,usr_331,cnt_084,2024-06-13 19:05:00,4209,TABLET,2024-06-14 00:00:00
evt_4342,usr_150,cnt_109,2024-06-13 19:23:00,2288,mobile,2024-06-14 00:00:00
evt_2719,usr_291,cnt_049,2024-06-13 19:44:00,6482,SMART TV,2024-06-14 00:00:00
evt_0953,usr_797,cnt_079,2024-06-13 19:53:00,9198,Mobile,2024-06-14 00:00:00
evt_1819,usr_389,cnt_006,2024-06-13 19:53:00,1686,WEB,2024-06-14 00:00:00
evt_1060,usr_406,cnt_010,2024-06-13 19:56:00,3202,Mobile,2024-06-14 00:00:00
evt_2565,usr_523,cnt_009,2024-06-13 21:25:00,1581,web,2024-06-14 00:00:00
evt_0135,usr_607,cnt_059,2024-06-13 21:33:00,2049,Smart TV,2024-06-14 00:00:00
evt_2451,usr_504,cnt_099,2024-06-13 21:37:00,568,WEB,2024-06-14 00:00:00
evt_0828,usr_590,cnt_084,2024-06-13 21:54:00,1194,mobile,2024-06-14 00:00:00
evt_3707,usr_793,cnt_077,2024-06-13 21:54:00,727,MOBILE,2024-06-14 00:00:00
evt_3982,usr_113,cnt_116,2024-06-13 21:56:00,6985,Mobile,2024-06-14 00:00:00
evt_2566,usr_188,cnt_085,2024-06-13 22:22:00,7860,mobile,2024-06-14 00:00:00
evt_3988,usr_871,cnt_062,2024-06-13 22:27:00,8911,tablet,2024-06-14 00:00:00
evt_0734,usr_205,cnt_055,2024-06-13 23:41:00,2823,Web,2024-06-14 00:00:00
evt_1477,usr_109,cnt_016,2024-06-13 23:42:00,4718,Mobile,2024-06-14 00:00:00
evt_3910,usr_914,cnt_098,2024-06-14 00:52:00,544,WEB,2024-06-15 00:00:00
evt_4538,usr_798,cnt_096,2024-06-14 13:31:00,3693,Smart TV,2024-06-15 00:00:00
evt_4586,usr_865,cnt_092,2024-06-14 13:43:00,5876,SMART TV,2024-06-15 00:00:00
evt_3967,usr_706,cnt_112,2024-06-14 13:55:00,915,web,2024-06-15 00:00:00
evt_0712,usr_636,cnt_072,2024-06-14 14:41:00,1848,MOBILE,2024-06-15 00:00:00
evt_4338,usr_637,cnt_012,2024-06-14 14:50:00,2284,mobile,2024-06-15 00:00:00
evt_0156,usr_454,cnt_043,2024-06-14 14:59:00,3757,Mobile,2024-06-15 00:00:00
evt_0630,usr_793,cnt_037,2024-06-14 15:16:00,1706,mobile,2024-06-15 00:00:00
evt_4647,usr_939,cnt_114,2024-06-14 15:18:00,456,mobile,2024-06-15 00:00:00
evt_0018,usr_706,cnt_016,2024-06-14 15:31:00,2695,Tablet,2024-06-15 00:00:00
evt_3519,usr_248,cnt_113,2024-06-14 15:32:00,6229,tablet,2024-06-15 00:00:00
evt_0093,usr_429,cnt_005,2024-06-14 16:18:00,1031,Mobile,2024-06-15 00:00:00
evt_4874,usr_916,cnt_057,2024-06-14 16:18:00,3399,Tablet,2024-06-15 00:00:00
evt_3293,usr_206,cnt_097,2024-06-14 18:23:00,4601,tablet,2024-06-15 00:00:00
evt_0573,usr_327,cnt_067,2024-06-14 18:26:00,2904,WEB,2024-06-15 00:00:00
evt_0898,usr_301,cnt_117,2024-06-14 19:06:00,2062,mobile,2024-06-15 00:00:00
evt_4783,usr_648,cnt_105,2024-06-14 19:21:00,2412,Mobile,2024-06-15 00:00:00
evt_3559,usr_496,cnt_051,2024-06-14 19:29:00,8373,TABLET,2024-06-15 00:00:00
evt_2697,usr_129,cnt_083,2024-06-14 19:32:00,5299,MOBILE,2024-06-15 00:00:00
evt_0188,usr_517,cnt_087,2024-06-14 19:48:00,979,MOBILE,2024-06-15 00:00:00
evt_3028,usr_793,cnt_003,2024-06-14 19:56:00,8105,smart tv,2024-06-15 00:00:00
evt_0533,usr_131,cnt_023,2024-06-14 20:06:00,6870,web,2024-06-15 00:00:00
evt_2980,usr_797,cnt_059,2024-06-14 20:40:00,5865,SMART TV,2024-06-15 00:00:00
evt_4703,usr_150,cnt_115,2024-06-14 21:01:00,2586,mobile,2024-06-15 00:00:00
evt_3861,usr_408,cnt_034,2024-06-14 21:04:00,2885,MOBILE,2024-06-15 00:00:00
evt_4473,usr_247,cnt_058,2024-06-14 21:06:00,3243,Mobile,2024-06-15 00:00:00
evt_0349,usr_560,cnt_053,2024-06-14 21:09:00,629,MOBILE,2024-06-15 00:00:00
evt_4421,usr_932,cnt_098,2024-06-14 22:01:00,587,smart tv,2024-06-15 00:00:00
evt_4193,usr_638,cnt_056,2024-06-14 22:16:00,2388,Mobile,2024-06-15 00:00:00
evt_1845,usr_478,cnt_039,2024-06-14 22:24:00,4554,Mobile,2024-06-15 00:00:00
evt_1281,usr_776,cnt_045,2024-06-14 23:05:00,3350,smart tv,2024-06-15 00:00:00
evt_2791,usr_623,cnt_106,2024-06-14 23:34:00,2386,SMART TV,2024-06-15 00:00:00
evt_2361,usr_631,cnt_007,2024-06-15 00:06:00,612,Tablet,2024-06-16 00:00:00
evt_4295,usr_635,cnt_111,2024-06-15 00:10:00,2789,WEB,2024-06-16 00:00:00
evt_1756,usr_402,cnt_088,2024-06-15 00:42:00,2486,SMART TV,2024-06-16 00:00:00
evt_2335,usr_481,cnt_019,2024-06-15 13:51:00,5898,Web,2024-06-16 00:00:00
evt_4525,usr_657,cnt_070,2024-06-15 13:54:00,8086,mobile,2024-06-16 00:00:00
evt_4559,usr_498,cnt_088,2024-06-15 14:47:00,1108,Web,2024-06-16 00:00:00
evt_3874,usr_129,cnt_047,2024-06-15 15:16:00,6312,MOBILE,2024-06-16 00:00:00
evt_4235,usr_116,cnt_052,2024-06-15 15:45:00,396,Smart TV,2024-06-16 00:00:00
evt_4313,usr_637,cnt_015,2024-06-15 15:49:00,2674,Web,2024-06-16 00:00:00
evt_0644,usr_321,cnt_092,2024-06-15 15:54:00,3180,Web,2024-06-16 00:00:00
evt_4393,usr_240,cnt_054,2024-06-15 16:40:00,6085,Web,2024-06-16 00:00:00
evt_1513,usr_794,cnt_001,2024-06-15 16:45:00,1556,tablet,2024-06-16 00:00:00
evt_0213,usr_938,cnt_017,2024-06-15 17:10:00,861,WEB,2024-06-16 00:00:00
evt_0883,usr_748,cnt_031,2024-06-15 17:13:00,1496,web,2024-06-16 00:00:00
evt_2112,usr_523,cnt_022,2024-06-15 17:42:00,7747,smart tv,2024-06-16 00:00:00
evt_3537,usr_729,cnt_100,2024-06-15 17:43:00,5920,SMART TV,2024-06-16 00:00:00
evt_2223,usr_117,cnt_023,2024-06-15 17:53:00,2836,TABLET,2024-06-16 00:00:00
evt_4901,usr_445,cnt_084,2024-06-15 18:16:00,901,tablet,2024-06-16 00:00:00
evt_3552,usr_808,cnt_064,2024-06-15 18:33:00,5658,mobile,2024-06-16 00:00:00
evt_4397,usr_331,cnt_065,2024-06-15 18:35:00,5344,Mobile,2024-06-16 00:00:00
evt_2025,usr_939,cnt_012,2024-06-15 18:55:00,3038,Mobile,2024-06-16 00:00:00
evt_0696,usr_247,cnt_080,2024-06-15 20:44:00,1007,Tablet,2024-06-16 00:00:00
evt_4026,usr_582,cnt_115,2024-06-15 21:02:00,2422,Mobile,2024-06-16 00:00:00
evt_2999,usr_521,cnt_075,2024-06-15 21:13:00,3443,WEB,2024-06-16 00:00:00
evt_4240,usr_793,cnt_116,2024-06-15 21:31:00,5355,SMART TV,2024-06-16 00:00:00
evt_3766,usr_248,cnt_026,2024-06-15 23:55:00,1921,Mobile,2024-06-16 00:00:00
evt_0841,usr_853,cnt_023,2024-06-16 00:24:00,1867,Web,2024-06-17 00:00:00
evt_1162,usr_141,cnt_093,2024-06-16 00:56:00,3275,SMART TV,2024-06-17 00:00:00
evt_4712,usr_916,cnt_076,2024-06-16 13:01:00,3569,smart tv,2024-06-17 00:00:00
evt_1057,usr_443,cnt_080,2024-06-16 13:14:00,10151,web,2024-06-17 00:00:00
evt_4606,usr_589,cnt_075,2024-06-16 14:02:00,9788,TABLET,2024-06-17 00:00:00
evt_0067,usr_719,cnt_098,2024-06-16 14:11:00,6800,TABLET,2024-06-17 00:00:00
evt_2353,usr_474,cnt_109,2024-06-16 14:32:00,6057,MOBILE,2024-06-17 00:00:00
evt_3364,usr_372,cnt_040,2024-06-16 15:12:00,3083,SMART TV,2024-06-17 00:00:00
evt_1151,usr_108,cnt_050,2024-06-16 15:27:00,5548,Tablet,2024-06-17 00:00:00
evt_3902,usr_880,cnt_056,2024-06-16 15:59:00,951,tablet,2024-06-17 00:00:00
evt_4639,usr_585,cnt_100,2024-06-16 15:59:00,8819,Mobile,2024-06-17 00:00:00
evt_0884,usr_341,cnt_076,2024-06-16 16:12:00,6613,Web,2024-06-17 00:00:00
evt_0957,usr_736,cnt_031,2024-06-16 16:19:00,6097,mobile,2024-06-17 00:00:00
evt_3107,usr_648,cnt_117,2024-06-16 16:57:00,615,TABLET,2024-06-17 00:00:00
evt_2444,usr_609,cnt_110,2024-06-16 17:07:00,6097,smart tv,2024-06-17 00:00:00
evt_3686,usr_145,cnt_095,2024-06-16 17:13:00,854,Tablet,2024-06-17 00:00:00
evt_1696,usr_787,cnt_003,2024-06-16 17:37:00,783,MOBILE,2024-06-17 00:00:00
evt_2996,usr_116,cnt_101,2024-06-16 17:50:00,8069,mobile,2024-06-17 00:00:00
evt_4965,usr_591,cnt_091,2024-06-16 18:49:00,501,smart tv,2024-06-17 00:00:00
evt_0766,usr_523,cnt_061,2024-06-16 21:48:00,4864,mobile,2024-06-17 00:00:00
evt_3547,usr_331,cnt_072,2024-06-16 23:30:00,2141,Web,2024-06-17 00:00:00
evt_0050,usr_232,cnt_110,2024-06-16 23:56:00,9699,Mobile,2024-06-17 00:00:00
evt_0589,usr_455,cnt_016,2024-06-16 23:57:00,10029,web,2024-06-17 00:00:00
evt_4710,usr_787,cnt_060,2024-06-17 00:01:00,3325,Mobile,2024-06-18 00:00:00
evt_2100,usr_636,cnt_026,2024-06-17 00:17:00,468,Mobile,2024-06-18 00:00:00
evt_2242,usr_618,cnt_084,2024-06-17 00:29:00,3551,web,2024-06-18 00:00:00
evt_3998,usr_696,cnt_111,2024-06-17 00:55:00,4103,mobile,2024-06-18 00:00:00
evt_3836,usr_291,cnt_006,2024-06-17 13:11:00,1525,Web,2024-06-18 00:00:00
evt_2269,usr_285,cnt_024,2024-06-17 14:07:00,8418,SMART TV,2024-06-18 00:00:00
evt_1831,usr_277,cnt_007,2024-06-17 14:32:00,582,mobile,2024-06-18 00:00:00
evt_2229,usr_377,cnt_085,2024-06-17 15:19:00,3031,web,2024-06-18 00:00:00
evt_4262,usr_608,cnt_079,2024-06-17 15:31:00,3047,MOBILE,2024-06-18 00:00:00
evt_0779,usr_466,cnt_117,2024-06-17 15:44:00,1464,Smart TV,2024-06-18 00:00:00
evt_4407,usr_788,cnt_078,2024-06-17 15:48:00,9251,mobile,2024-06-18 00:00:00
evt_2186,usr_547,cnt_055,2024-06-17 15:54:00,4684,MOBILE,2024-06-18 00:00:00
evt_2220,usr_368,cnt_093,2024-06-17 15:57:00,1639,smart tv,2024-06-18 00:00:00
evt_2358,usr_679,cnt_104,2024-06-17 16:06:00,5787,Web,2024-06-18 00:00:00
evt_1420,usr_808,cnt_086,2024-06-17 16:49:00,5416,MOBILE,2024-06-18 00:00:00
evt_3621,usr_504,cnt_071,2024-06-17 17:29:00,1613,tablet,2024-06-18 00:00:00
evt_3505,usr_443,cnt_062,2024-06-17 17:38:00,1745,SMART TV,2024-06-18 00:00:00
evt_1023,usr_440,cnt_098,2024-06-17 17:59:00,9084,web,2024-06-18 00:00:00
evt_3837,usr_613,cnt_079,2024-06-17 18:12:00,7098,mobile,2024-06-18 00:00:00
evt_0769,usr_478,cnt_064,2024-06-17 18:21:00,6487,Web,2024-06-18 00:00:00
evt_2018,usr_791,cnt_081,2024-06-17 18:47:00,6806,web,2024-06-18 00:00:00
evt_0512,usr_699,cnt_063,2024-06-17 19:08:00,9735,Web,2024-06-18 00:00:00
evt_4222,usr_890,cnt_066,2024-06-17 19:49:00,8064,Smart TV,2024-06-18 00:00:00
evt_4964,usr_618,cnt_058,2024-06-17 20:36:00,5625,mobile,2024-06-18 00:00:00
evt_4224,usr_829,cnt_049,2024-06-17 21:05:00,1543,smart tv,2024-06-18 00:00:00
evt_0047,usr_440,cnt_117,2024-06-17 21:19:00,3498,tablet,2024-06-18 00:00:00
evt_1407,usr_683,cnt_058,2024-06-17 21:23:00,6547,WEB,2024-06-18 00:00:00
evt_0600,usr_393,cnt_102,2024-06-17 21:37:00,421,mobile,2024-06-18 00:00:00
evt_1520,usr_552,cnt_035,2024-06-17 21:51:00,3153,smart tv,2024-06-18 00:00:00
evt_1017,usr_638,cnt_057,2024-06-17 22:07:00,1185,web,2024-06-18 00:00:00
evt_0961,usr_657,cnt_023,2024-06-17 22:40:00,8808,TABLET,2024-06-18 00:00:00
evt_2033,usr_250,cnt_089,2024-06-17 22:40:00,1514,Web,2024-06-18 00:00:00
evt_0109,usr_719,cnt_022,2024-06-17 22:46:00,1539,SMART TV,2024-06-18 00:00:00
evt_0074,usr_607,cnt_033,2024-06-17 22:55:00,3667,Smart TV,2024-06-18 00:00:00
evt_3261,usr_696,cnt_013,2024-06-17 23:02:00,3673,mobile,2024-06-18 00:00:00
evt_1871,usr_865,cnt_106,2024-06-17 23:13:00,4384,Smart TV,2024-06-18 00:00:00
evt_4171,usr_521,cnt_074,2024-06-17 23:39:00,9565,tablet,2024-06-18 00:00:00
evt_1714,usr_648,cnt_110,2024-06-17 23:41:00,6370,SMART TV,2024-06-18 00:00:00
evt_0657,usr_585,cnt_110,2024-06-17 23:51:00,1201,Mobile,2024-06-18 00:00:00
evt_0033,usr_503,cnt_093,2024-06-17 23:53:00,3322,Mobile,2024-06-18 00:00:00
evt_1672,usr_676,cnt_044,2024-06-18 00:59:00,7621,web,2024-06-19 00:00:00
evt_1550,usr_298,cnt_048,2024-06-18 13:23:00,2197,Mobile,2024-06-19 00:00:00
evt_0638,usr_679,cnt_095,2024-06-18 13:44:00,2481,WEB,2024-06-19 00:00:00
evt_1889,usr_336,cnt_094,2024-06-18 14:09:00,929,WEB,2024-06-19 00:00:00
evt_0304,usr_401,cnt_054,2024-06-18 14:42:00,4123,MOBILE,2024-06-19 00:00:00
evt_3736,usr_411,cnt_033,2024-06-18 15:29:00,1727,Mobile,2024-06-19 00:00:00
evt_2092,usr_219,cnt_011,2024-06-18 15:37:00,423,smart tv,2024-06-19 00:00:00
evt_4934,usr_552,cnt_005,2024-06-18 15:37:00,2468,mobile,2024-06-19 00:00:00
evt_4424,usr_517,cnt_021,2024-06-18 15:43:00,2662,TABLET,2024-06-19 00:00:00
evt_0821,usr_671,cnt_053,2024-06-18 16:00:00,8950,SMART TV,2024-06-19 00:00:00
evt_2518,usr_732,cnt_026,2024-06-18 16:10:00,6903,Smart TV,2024-06-19 00:00:00
evt_0620,usr_637,cnt_008,2024-06-18 16:15:00,6536,mobile,2024-06-19 00:00:00
evt_2004,usr_109,cnt_042,2024-06-18 16:59:00,970,tablet,2024-06-19 00:00:00
evt_0267,usr_455,cnt_063,2024-06-18 17:05:00,9039,Mobile,2024-06-19 00:00:00
evt_0336,usr_300,cnt_108,2024-06-18 17:31:00,2966,SMART TV,2024-06-19 00:00:00
evt_1212,usr_110,cnt_098,2024-06-18 17:35:00,3179,MOBILE,2024-06-19 00:00:00
evt_4122,usr_521,cnt_007,2024-06-18 18:36:00,6017,Web,2024-06-19 00:00:00
evt_1884,usr_440,cnt_037,2024-06-18 19:14:00,1469,Web,2024-06-19 00:00:00
evt_4902,usr_504,cnt_080,2024-06-18 19:29:00,2852,smart tv,2024-06-19 00:00:00
evt_3323,usr_240,cnt_102,2024-06-18 19:51:00,2506,TABLET,2024-06-19 00:00:00
evt_1276,usr_591,cnt_028,2024-06-18 20:19:00,2747,Smart TV,2024-06-19 00:00:00
evt_4877,usr_865,cnt_044,2024-06-18 20:38:00,1622,tablet,2024-06-19 00:00:00
evt_3011,usr_939,cnt_119,2024-06-18 22:05:00,6912,Mobile,2024-06-19 00:00:00
evt_0453,usr_433,cnt_035,2024-06-18 23:23:00,520,MOBILE,2024-06-19 00:00:00
evt_2245,usr_288,cnt_101,2024-06-19 00:08:00,907,Mobile,2024-06-20 00:00:00
evt_1981,usr_302,cnt_112,2024-06-19 13:21:00,2749,smart tv,2024-06-20 00:00:00
evt_0029,usr_788,cnt_033,2024-06-19 13:57:00,2678,MOBILE,2024-06-20 00:00:00
evt_0332,usr_712,cnt_089,2024-06-19 13:59:00,8561,MOBILE,2024-06-20 00:00:00
evt_2372,usr_425,cnt_066,2024-06-19 14:25:00,1456,Web,2024-06-20 00:00:00
evt_3943,usr_817,cnt_068,2024-06-19 14:33:00,4763,mobile,2024-06-20 00:00:00
evt_2942,usr_546,cnt_007,2024-06-19 14:50:00,1726,MOBILE,2024-06-20 00:00:00
evt_2399,usr_595,cnt_024,2024-06-19 15:03:00,1062,WEB,2024-06-20 00:00:00
evt_3259,usr_678,cnt_011,2024-06-19 15:03:00,1581,smart tv,2024-06-20 00:00:00
evt_4670,usr_113,cnt_102,2024-06-19 16:14:00,984,MOBILE,2024-06-20 00:00:00
evt_0798,usr_938,cnt_118,2024-06-19 16:51:00,2411,tablet,2024-06-20 00:00:00
evt_0060,usr_767,cnt_068,2024-06-19 17:02:00,751,smart tv,2024-06-20 00:00:00
evt_3535,usr_897,cnt_004,2024-06-19 17:02:00,869,Mobile,2024-06-20 00:00:00
evt_3579,usr_926,cnt_047,2024-06-19 17:07:00,3055,MOBILE,2024-06-20 00:00:00
evt_3631,usr_916,cnt_087,2024-06-19 17:36:00,2045,TABLET,2024-06-20 00:00:00
evt_0949,usr_798,cnt_005,2024-06-19 17:54:00,2367,Mobile,2024-06-20 00:00:00
evt_0623,usr_274,cnt_104,2024-06-19 18:10:00,1559,web,2024-06-20 00:00:00
evt_0583,usr_129,cnt_008,2024-06-19 18:25:00,3251,Mobile,2024-06-20 00:00:00
evt_3900,usr_411,cnt_045,2024-06-19 18:31:00,317,Mobile,2024-06-20 00:00:00
evt_2589,usr_206,cnt_012,2024-06-19 18:53:00,6466,mobile,2024-06-20 00:00:00
evt_1332,usr_772,cnt_104,2024-06-19 18:55:00,3188,mobile,2024-06-20 00:00:00
evt_0053,usr_865,cnt_112,2024-06-19 19:55:00,1710,web,2024-06-20 00:00:00
evt_3520,usr_443,cnt_064,2024-06-19 21:05:00,3347,Smart TV,2024-06-20 00:00:00
evt_4894,usr_402,cnt_061,2024-06-19 21:28:00,737,smart tv,2024-06-20 00:00:00
evt_3461,usr_349,cnt_096,2024-06-19 21:37:00,9976,TABLET,2024-06-20 00:00:00
evt_2882,usr_377,cnt_046,2024-06-19 23:26:00,3324,WEB,2024-06-20 00:00:00
evt_2652,usr_719,cnt_086,2024-06-20 13:10:00,1719,Web,2024-06-21 00:00:00
evt_0494,usr_811,cnt_057,2024-06-20 14:17:00,605,WEB,2024-06-21 00:00:00
evt_2623,usr_780,cnt_081,2024-06-20 14:23:00,680,MOBILE,2024-06-21 00:00:00
evt_0504,usr_780,cnt_085,2024-06-20 14:47:00,3493,Mobile,2024-06-21 00:00:00
evt_4532,usr_406,cnt_112,2024-06-20 15:56:00,2990,mobile,2024-06-21 00:00:00
evt_3076,usr_240,cnt_011,2024-06-20 16:53:00,6770,web,2024-06-21 00:00:00
evt_1640,usr_820,cnt_115,2024-06-20 17:34:00,6456,MOBILE,2024-06-21 00:00:00
evt_0062,usr_274,cnt_072,2024-06-20 18:04:00,1673,Mobile,2024-06-21 00:00:00
evt_1604,usr_547,cnt_066,2024-06-20 18:08:00,1257,mobile,2024-06-21 00:00:00
evt_4300,usr_229,cnt_098,2024-06-20 19:21:00,5917,Smart TV,2024-06-21 00:00:00
evt_1769,usr_349,cnt_056,2024-06-20 19:27:00,6106,Mobile,2024-06-21 00:00:00
evt_1147,usr_778,cnt_061,2024-06-20 19:53:00,1249,web,2024-06-21 00:00:00
evt_4736,usr_464,cnt_084,2024-06-20 20:25:00,6375,mobile,2024-06-21 00:00:00
evt_0196,usr_232,cnt_034,2024-06-20 20:33:00,2783,Mobile,2024-06-21 00:00:00
evt_2292,usr_613,cnt_081,2024-06-20 21:29:00,1110,mobile,2024-06-21 00:00:00
evt_3159,usr_560,cnt_094,2024-06-20 21:58:00,2878,Web,2024-06-21 00:00:00
evt_4757,usr_116,cnt_025,2024-06-20 22:28:00,2942,MOBILE,2024-06-21 00:00:00
evt_2893,usr_761,cnt_045,2024-06-20 22:50:00,1048,WEB,2024-06-21 00:00:00
evt_4585,usr_676,cnt_021,2024-06-20 23:15:00,3467,WEB,2024-06-21 00:00:00
evt_3239,usr_455,cnt_038,2024-06-21 00:24:00,7103,Smart TV,2024-06-22 00:00:00
evt_4847,usr_556,cnt_066,2024-06-21 00:36:00,1612,WEB,2024-06-22 00:00:00
evt_2770,usr_623,cnt_003,2024-06-21 00:37:00,3490,TABLET,2024-06-22 00:00:00
evt_3765,usr_679,cnt_055,2024-06-21 00:46:00,9383,WEB,2024-06-22 00:00:00
evt_0197,usr_700,cnt_023,2024-06-21 00:51:00,909,mobile,2024-06-22 00:00:00
evt_4558,usr_871,cnt_096,2024-06-21 13:07:00,3474,tablet,2024-06-22 00:00:00
evt_0720,usr_539,cnt_076,2024-06-21 14:15:00,2014,MOBILE,2024-06-22 00:00:00
evt_4067,usr_585,cnt_120,2024-06-21 15:07:00,1671,MOBILE,2024-06-22 00:00:00
evt_3645,usr_928,cnt_100,2024-06-21 15:10:00,356,web,2024-06-22 00:00:00
evt_1902,usr_706,cnt_053,2024-06-21 16:27:00,3641,SMART TV,2024-06-22 00:00:00
evt_2875,usr_514,cnt_088,2024-06-21 17:21:00,2751,Mobile,2024-06-22 00:00:00
evt_0037,usr_491,cnt_087,2024-06-21 17:37:00,3021,WEB,2024-06-22 00:00:00
evt_1330,usr_787,cnt_089,2024-06-21 17:44:00,10199,Smart TV,2024-06-22 00:00:00
evt_0764,usr_248,cnt_026,2024-06-21 18:16:00,7129,WEB,2024-06-22 00:00:00
evt_2170,usr_879,cnt_103,2024-06-21 18:44:00,1948,Tablet,2024-06-22 00:00:00
evt_4178,usr_299,cnt_107,2024-06-21 19:13:00,795,Smart TV,2024-06-22 00:00:00
evt_0036,usr_139,cnt_087,2024-06-21 19:54:00,1441,Tablet,2024-06-22 00:00:00
evt_3669,usr_563,cnt_009,2024-06-21 20:40:00,6888,TABLET,2024-06-22 00:00:00
evt_0786,usr_393,cnt_115,2024-06-21 21:13:00,3842,TABLET,2024-06-22 00:00:00
evt_0025,usr_582,cnt_043,2024-06-21 21:24:00,948,Web,2024-06-22 00:00:00
evt_4526,usr_898,cnt_004,2024-06-21 22:10:00,2955,Mobile,2024-06-22 00:00:00
evt_0012,usr_928,cnt_030,2024-06-21 22:37:00,2603,Web,2024-06-22 00:00:00
evt_2542,usr_873,cnt_113,2024-06-21 23:09:00,3102,web,2024-06-22 00:00:00
evt_3638,usr_797,cnt_100,2024-06-21 23:15:00,2529,mobile,2024-06-22 00:00:00
evt_4797,usr_832,cnt_040,2024-06-21 23:25:00,1564,WEB,2024-06-22 00:00:00
evt_1779,usr_650,cnt_070,2024-06-21 23:35:00,9299,tablet,2024-06-22 00:00:00
evt_0683,usr_415,cnt_054,2024-06-21 23:47:00,3434,WEB,2024-06-22 00:00:00
evt_1014,usr_336,cnt_029,2024-06-21 23:54:00,5546,web,2024-06-22 00:00:00
evt_3733,usr_454,cnt_047,2024-06-22 00:04:00,2789,Mobile,2024-06-23 00:00:00
evt_1749,usr_517,cnt_083,2024-06-22 00:10:00,7569,Tablet,2024-06-23 00:00:00
evt_0527,usr_732,cnt_044,2024-06-22 00:11:00,941,mobile,2024-06-23 00:00:00
evt_2760,usr_719,cnt_074,2024-06-22 00:17:00,1893,Web,2024-06-23 00:00:00
evt_3302,usr_676,cnt_035,2024-06-22 00:33:00,5579,mobile,2024-06-23 00:00:00
evt_4194,usr_895,cnt_113,2024-06-22 00:56:00,2151,Tablet,2024-06-23 00:00:00
evt_4633,usr_440,cnt_062,2024-06-22 13:00:00,3951,MOBILE,2024-06-23 00:00:00
evt_4126,usr_302,cnt_048,2024-06-22 13:11:00,5284,SMART TV,2024-06-23 00:00:00
evt_2529,usr_686,cnt_114,2024-06-22 13:22:00,1648,WEB,2024-06-23 00:00:00
evt_2334,usr_389,cnt_033,2024-06-22 13:56:00,989,Web,2024-06-23 00:00:00
evt_1767,usr_362,cnt_107,2024-06-22 14:02:00,3138,mobile,2024-06-23 00:00:00
evt_2219,usr_433,cnt_029,2024-06-22 14:21:00,3843,MOBILE,2024-06-23 00:00:00
evt_4475,usr_552,cnt_111,2024-06-22 14:21:00,4893,MOBILE,2024-06-23 00:00:00
evt_4888,usr_105,cnt_114,2024-06-22 15:02:00,7027,Mobile,2024-06-23 00:00:00
evt_0753,usr_587,cnt_107,2024-06-22 15:24:00,1954,Mobile,2024-06-23 00:00:00
evt_2693,usr_778,cnt_026,2024-06-22 15:26:00,1630,MOBILE,2024-06-23 00:00:00
evt_1109,usr_727,cnt_119,2024-06-22 17:33:00,3022,WEB,2024-06-23 00:00:00
evt_3138,usr_683,cnt_038,2024-06-22 17:40:00,5300,Mobile,2024-06-23 00:00:00
evt_1555,usr_188,cnt_080,2024-06-22 17:46:00,649,Mobile,2024-06-23 00:00:00
evt_3600,usr_475,cnt_028,2024-06-22 18:02:00,5358,Mobile,2024-06-23 00:00:00
evt_1000,usr_780,cnt_034,2024-06-22 18:56:00,3101,MOBILE,2024-06-23 00:00:00
evt_3554,usr_871,cnt_038,2024-06-22 19:08:00,9516,mobile,2024-06-23 00:00:00
evt_1746,usr_618,cnt_005,2024-06-22 19:16:00,3004,mobile,2024-06-23 00:00:00
evt_0545,usr_377,cnt_107,2024-06-22 19:20:00,5634,Web,2024-06-23 00:00:00
evt_0680,usr_498,cnt_120,2024-06-22 20:14:00,1748,Tablet,2024-06-23 00:00:00
evt_3347,usr_390,cnt_019,2024-06-22 20:25:00,3514,SMART TV,2024-06-23 00:00:00
evt_3947,usr_528,cnt_064,2024-06-22 20:36:00,475,TABLET,2024-06-23 00:00:00
evt_0857,usr_500,cnt_045,2024-06-22 21:35:00,3149,WEB,2024-06-23 00:00:00
evt_0314,usr_523,cnt_091,2024-06-22 21:49:00,2417,web,2024-06-23 00:00:00
evt_3875,usr_412,cnt_045,2024-06-22 21:49:00,4583,Mobile,2024-06-23 00:00:00
evt_4780,usr_394,cnt_053,2024-06-22 21:50:00,2851,MOBILE,2024-06-23 00:00:00
evt_0862,usr_539,cnt_055,2024-06-22 21:59:00,2058,SMART TV,2024-06-23 00:00:00
evt_2345,usr_776,cnt_061,2024-06-22 22:03:00,8234,WEB,2024-06-23 00:00:00
evt_4476,usr_331,cnt_009,2024-06-22 22:17:00,3512,smart tv,2024-06-23 00:00:00
evt_1583,usr_288,cnt_094,2024-06-22 23:48:00,1867,Mobile,2024-06-23 00:00:00
evt_3234,usr_478,cnt_076,2024-06-23 00:21:00,6391,Tablet,2024-06-24 00:00:00
evt_0524,usr_902,cnt_049,2024-06-23 00:24:00,10345,Mobile,2024-06-24 00:00:00
evt_2705,usr_772,cnt_069,2024-06-23 00:48:00,3194,mobile,2024-06-24 00:00:00
evt_1860,usr_539,cnt_117,2024-06-23 13:01:00,7060,smart tv,2024-06-24 00:00:00
evt_0282,usr_945,cnt_016,2024-06-23 13:15:00,7454,TABLET,2024-06-24 00:00:00
evt_0933,usr_613,cnt_113,2024-06-23 13:39:00,1618,Smart TV,2024-06-24 00:00:00
evt_2931,usr_729,cnt_100,2024-06-23 13:52:00,7997,smart tv,2024-06-24 00:00:00
evt_2342,usr_464,cnt_083,2024-06-23 14:23:00,1869,mobile,2024-06-24 00:00:00
evt_4439,usr_867,cnt_096,2024-06-23 14:41:00,2515,MOBILE,2024-06-24 00:00:00
evt_0932,usr_280,cnt_080,2024-06-23 15:28:00,1051,Mobile,2024-06-24 00:00:00
evt_1002,usr_133,cnt_060,2024-06-23 15:33:00,2166,smart tv,2024-06-24 00:00:00
evt_2972,usr_890,cnt_035,2024-06-23 15:56:00,2624,mobile,2024-06-24 00:00:00
evt_0388,usr_848,cnt_096,2024-06-23 16:31:00,708,mobile,2024-06-24 00:00:00
evt_1616,usr_744,cnt_069,2024-06-23 17:15:00,1180,Smart TV,2024-06-24 00:00:00
evt_1462,usr_880,cnt_067,2024-06-23 17:51:00,2504,MOBILE,2024-06-24 00:00:00
evt_2385,usr_627,cnt_037,2024-06-23 17:56:00,1425,smart tv,2024-06-24 00:00:00
evt_3143,usr_772,cnt_053,2024-06-23 18:02:00,1964,Web,2024-06-24 00:00:00
evt_1282,usr_585,cnt_008,2024-06-23 18:06:00,1507,MOBILE,2024-06-24 00:00:00
evt_1996,usr_229,cnt_022,2024-06-23 18:08:00,1759,Tablet,2024-06-24 00:00:00
evt_3294,usr_145,cnt_015,2024-06-23 18:19:00,1688,SMART TV,2024-06-24 00:00:00
evt_3991,usr_465,cnt_088,2024-06-23 18:57:00,1640,SMART TV,2024-06-24 00:00:00
evt_0928,usr_486,cnt_092,2024-06-23 19:15:00,4248,tablet,2024-06-24 00:00:00
evt_3006,usr_427,cnt_106,2024-06-23 19:20:00,2149,Web,2024-06-24 00:00:00
evt_4906,usr_842,cnt_022,2024-06-23 20:11:00,8385,web,2024-06-24 00:00:00
evt_4349,usr_522,cnt_110,2024-06-23 20:28:00,3264,Smart TV,2024-06-24 00:00:00
evt_2551,usr_787,cnt_045,2024-06-23 21:13:00,2501,Mobile,2024-06-24 00:00:00
evt_4015,usr_113,cnt_034,2024-06-23 21:13:00,1170,Tablet,2024-06-24 00:00:00
evt_1508,usr_832,cnt_095,2024-06-23 21:15:00,5238,smart tv,2024-06-24 00:00:00
evt_0882,usr_890,cnt_002,2024-06-23 21:49:00,5953,WEB,2024-06-24 00:00:00
evt_2600,usr_109,cnt_019,2024-06-23 22:07:00,9193,smart tv,2024-06-24 00:00:00
evt_3043,usr_776,cnt_091,2024-06-23 22:11:00,3097,Smart TV,2024-06-24 00:00:00
evt_0175,usr_332,cnt_024,2024-06-23 22:42:00,5419,mobile,2024-06-24 00:00:00
evt_1748,usr_156,cnt_063,2024-06-23 22:46:00,6591,Mobile,2024-06-24 00:00:00
evt_4088,usr_920,cnt_111,2024-06-23 22:59:00,3520,MOBILE,2024-06-24 00:00:00
evt_1839,usr_791,cnt_054,2024-06-23 23:47:00,9097,mobile,2024-06-24 00:00:00
evt_0147,usr_751,cnt_011,2024-06-23 23:55:00,1404,TABLET,2024-06-24 00:00:00
evt_1133,usr_229,cnt_108,2024-06-23 23:57:00,2043,Mobile,2024-06-24 00:00:00
evt_2969,usr_537,cnt_012,2024-06-24 00:01:00,2988,WEB,2024-06-25 00:00:00
evt_2009,usr_327,cnt_120,2024-06-24 00:21:00,1889,Web,2024-06-25 00:00:00
evt_1009,usr_274,cnt_120,2024-06-24 00:22:00,2950,mobile,2024-06-25 00:00:00
evt_4389,usr_880,cnt_073,2024-06-24 00:24:00,549,Web,2024-06-25 00:00:00
evt_2184,usr_188,cnt_015,2024-06-24 00:26:00,3441,MOBILE,2024-06-25 00:00:00
evt_2144,usr_238,cnt_044,2024-06-24 13:02:00,2312,Tablet,2024-06-25 00:00:00
evt_4105,usr_218,cnt_014,2024-06-24 13:31:00,1686,SMART TV,2024-06-25 00:00:00
evt_2348,usr_506,cnt_080,2024-06-24 13:53:00,1226,Web,2024-06-25 00:00:00
evt_0639,usr_527,cnt_116,2024-06-24 14:34:00,6064,Mobile,2024-06-25 00:00:00
evt_3412,usr_648,cnt_073,2024-06-24 14:37:00,8900,smart tv,2024-06-25 00:00:00
evt_2618,usr_781,cnt_058,2024-06-24 14:44:00,7099,smart tv,2024-06-25 00:00:00
evt_2225,usr_789,cnt_076,2024-06-24 14:46:00,3902,mobile,2024-06-25 00:00:00
evt_2298,usr_336,cnt_031,2024-06-24 15:01:00,1478,web,2024-06-25 00:00:00
evt_4503,usr_686,cnt_009,2024-06-24 15:05:00,5650,WEB,2024-06-25 00:00:00
evt_3436,usr_679,cnt_120,2024-06-24 15:24:00,2736,smart tv,2024-06-25 00:00:00
evt_3168,usr_277,cnt_053,2024-06-24 15:39:00,3485,Web,2024-06-25 00:00:00
evt_1592,usr_907,cnt_107,2024-06-24 15:49:00,2784,Mobile,2024-06-25 00:00:00
evt_1664,usr_781,cnt_045,2024-06-24 16:44:00,1778,tablet,2024-06-25 00:00:00
evt_2582,usr_142,cnt_087,2024-06-24 16:52:00,758,web,2024-06-25 00:00:00
evt_4576,usr_474,cnt_029,2024-06-24 16:55:00,10533,SMART TV,2024-06-25 00:00:00
evt_3243,usr_390,cnt_106,2024-06-24 17:02:00,10073,MOBILE,2024-06-25 00:00:00
evt_4276,usr_888,cnt_082,2024-06-24 17:14:00,1611,Web,2024-06-25 00:00:00
evt_0594,usr_443,cnt_041,2024-06-24 17:17:00,2984,smart tv,2024-06-25 00:00:00
evt_2263,usr_623,cnt_052,2024-06-24 17:40:00,1586,Mobile,2024-06-25 00:00:00
evt_0629,usr_408,cnt_096,2024-06-24 17:54:00,5610,Smart TV,2024-06-25 00:00:00
evt_3661,usr_772,cnt_062,2024-06-24 18:13:00,1594,MOBILE,2024-06-25 00:00:00
evt_1827,usr_676,cnt_001,2024-06-24 18:36:00,3276,Mobile,2024-06-25 00:00:00
evt_3393,usr_879,cnt_119,2024-06-24 18:47:00,1600,SMART TV,2024-06-25 00:00:00
evt_1534,usr_606,cnt_023,2024-06-24 19:06:00,473,mobile,2024-06-25 00:00:00
evt_1427,usr_945,cnt_096,2024-06-24 19:13:00,1745,Web,2024-06-25 00:00:00
evt_0111,usr_240,cnt_104,2024-06-24 19:19:00,1798,tablet,2024-06-25 00:00:00
evt_3038,usr_273,cnt_066,2024-06-24 19:31:00,3003,WEB,2024-06-25 00:00:00
evt_1293,usr_496,cnt_106,2024-06-24 19:47:00,7167,mobile,2024-06-25 00:00:00
evt_2005,usr_895,cnt_055,2024-06-24 20:12:00,899,TABLET,2024-06-25 00:00:00
evt_0091,usr_780,cnt_107,2024-06-24 20:44:00,4104,smart tv,2024-06-25 00:00:00
evt_0076,usr_890,cnt_090,2024-06-24 21:05:00,1623,mobile,2024-06-25 00:00:00
evt_3296,usr_416,cnt_083,2024-06-24 21:26:00,428,Mobile,2024-06-25 00:00:00
evt_4123,usr_873,cnt_109,2024-06-24 21:31:00,6238,mobile,2024-06-25 00:00:00
evt_3870,usr_798,cnt_014,2024-06-24 21:42:00,6718,TABLET,2024-06-25 00:00:00
evt_4751,usr_478,cnt_077,2024-06-24 22:01:00,5846,Tablet,2024-06-25 00:00:00
evt_1350,usr_218,cnt_040,2024-06-24 22:27:00,1999,WEB,2024-06-25 00:00:00
evt_3109,usr_560,cnt_077,2024-06-24 22:27:00,2220,Mobile,2024-06-25 00:00:00
evt_1893,usr_456,cnt_081,2024-06-24 22:57:00,4663,Web,2024-06-25 00:00:00
evt_3183,usr_237,cnt_120,2024-06-24 23:07:00,1277,SMART TV,2024-06-25 00:00:00
evt_1975,usr_788,cnt_040,2024-06-24 23:31:00,2941,smart tv,2024-06-25 00:00:00
evt_2599,usr_699,cnt_005,2024-06-24 23:54:00,6962,mobile,2024-06-25 00:00:00
evt_4644,usr_514,cnt_016,2024-06-25 00:19:00,1061,mobile,2024-06-26 00:00:00
evt_0977,usr_298,cnt_111,2024-06-25 00:27:00,3721,SMART TV,2024-06-26 00:00:00
evt_3968,usr_443,cnt_120,2024-06-25 00:30:00,8989,TABLET,2024-06-26 00:00:00
evt_0978,usr_546,cnt_120,2024-06-25 13:16:00,388,MOBILE,2024-06-26 00:00:00
evt_0220,usr_356,cnt_037,2024-06-25 13:54:00,4683,Mobile,2024-06-26 00:00:00
evt_1728,usr_530,cnt_040,2024-06-25 14:20:00,996,WEB,2024-06-26 00:00:00
evt_4229,usr_767,cnt_017,2024-06-25 14:38:00,4448,mobile,2024-06-26 00:00:00
evt_3555,usr_712,cnt_099,2024-06-25 15:02:00,8653,WEB,2024-06-26 00:00:00
evt_3599,usr_481,cnt_054,2024-06-25 15:09:00,1884,mobile,2024-06-26 00:00:00
evt_0001,usr_288,cnt_069,2024-06-25 15:12:00,3483,smart tv,2024-06-26 00:00:00
evt_4731,usr_205,cnt_066,2024-06-25 15:16:00,410,web,2024-06-26 00:00:00
evt_3847,usr_496,cnt_032,2024-06-25 15:23:00,6984,smart tv,2024-06-26 00:00:00
evt_2416,usr_583,cnt_061,2024-06-25 15:49:00,5243,SMART TV,2024-06-26 00:00:00
evt_4104,usr_784,cnt_013,2024-06-25 16:30:00,4833,web,2024-06-26 00:00:00
evt_0257,usr_229,cnt_094,2024-06-25 17:08:00,663,WEB,2024-06-26 00:00:00
evt_3471,usr_124,cnt_085,2024-06-25 18:07:00,1907,MOBILE,2024-06-26 00:00:00
evt_4046,usr_456,cnt_016,2024-06-25 18:22:00,8237,SMART TV,2024-06-26 00:00:00
evt_0373,usr_782,cnt_027,2024-06-25 18:26:00,4267,MOBILE,2024-06-26 00:00:00
evt_2023,usr_284,cnt_028,2024-06-25 18:32:00,3142,smart tv,2024-06-26 00:00:00
evt_2576,usr_332,cnt_077,2024-06-25 18:55:00,5916,Smart TV,2024-06-26 00:00:00
evt_3145,usr_393,cnt_002,2024-06-25 19:11:00,2854,Mobile,2024-06-26 00:00:00
evt_4754,usr_832,cnt_060,2024-06-25 20:08:00,1928,web,2024-06-26 00:00:00
evt_3500,usr_372,cnt_014,2024-06-25 20:23:00,1669,SMART TV,2024-06-26 00:00:00
evt_3771,usr_696,cnt_109,2024-06-25 20:44:00,3198,MOBILE,2024-06-26 00:00:00
evt_2104,usr_285,cnt_014,2024-06-25 20:47:00,6399,MOBILE,2024-06-26 00:00:00
evt_1957,usr_554,cnt_074,2024-06-25 21:06:00,4631,mobile,2024-06-26 00:00:00
evt_2109,usr_331,cnt_071,2024-06-25 21:07:00,7063,WEB,2024-06-26 00:00:00
evt_3653,usr_867,cnt_115,2024-06-25 21:28:00,2046,mobile,2024-06-26 00:00:00
evt_4468,usr_736,cnt_047,2024-06-25 21:34:00,810,Tablet,2024-06-26 00:00:00
evt_1713,usr_907,cnt_115,2024-06-25 21:35:00,759,SMART TV,2024-06-26 00:00:00
evt_0480,usr_791,cnt_062,2024-06-25 22:59:00,2676,WEB,2024-06-26 00:00:00
evt_3940,usr_706,cnt_043,2024-06-25 23:44:00,6018,Mobile,2024-06-26 00:00:00
evt_0911,usr_794,cnt_100,2024-06-26 00:14:00,1739,smart tv,2024-06-27 00:00:00
evt_4657,usr_440,cnt_067,2024-06-26 00:15:00,3893,Web,2024-06-27 00:00:00
evt_1574,usr_761,cnt_067,2024-06-26 14:07:00,6345,smart tv,2024-06-27 00:00:00
evt_3092,usr_129,cnt_004,2024-06-26 14:15:00,6746,MOBILE,2024-06-27 00:00:00
evt_1923,usr_746,cnt_094,2024-06-26 14:42:00,3368,Tablet,2024-06-27 00:00:00
evt_0740,usr_362,cnt_114,2024-06-26 14:50:00,1753,web,2024-06-27 00:00:00
evt_2934,usr_347,cnt_055,2024-06-26 15:17:00,4247,Smart TV,2024-06-27 00:00:00
evt_4496,usr_587,cnt_103,2024-06-26 15:18:00,6085,mobile,2024-06-27 00:00:00
evt_2132,usr_888,cnt_054,2024-06-26 15:22:00,2013,Tablet,2024-06-27 00:00:00
evt_2540,usr_928,cnt_064,2024-06-26 15:52:00,1646,Tablet,2024-06-27 00:00:00
evt_1935,usr_700,cnt_033,2024-06-26 18:11:00,1525,Mobile,2024-06-27 00:00:00
evt_0748,usr_458,cnt_077,2024-06-26 18:54:00,2874,mobile,2024-06-27 00:00:00
evt_0827,usr_928,cnt_102,2024-06-26 18:55:00,9088,WEB,2024-06-27 00:00:00
evt_4267,usr_552,cnt_068,2024-06-26 19:08:00,7153,MOBILE,2024-06-27 00:00:00
evt_4956,usr_776,cnt_063,2024-06-26 19:12:00,3159,mobile,2024-06-27 00:00:00
evt_1300,usr_141,cnt_088,2024-06-26 19:18:00,2673,Web,2024-06-27 00:00:00
evt_3673,usr_502,cnt_102,2024-06-26 19:29:00,10787,MOBILE,2024-06-27 00:00:00
evt_3558,usr_113,cnt_087,2024-06-26 19:36:00,2974,mobile,2024-06-27 00:00:00
evt_2415,usr_782,cnt_026,2024-06-26 20:05:00,3189,Tablet,2024-06-27 00:00:00
evt_4274,usr_751,cnt_118,2024-06-26 20:58:00,1599,MOBILE,2024-06-27 00:00:00
evt_1763,usr_673,cnt_009,2024-06-26 21:24:00,1244,MOBILE,2024-06-27 00:00:00
evt_3362,usr_928,cnt_088,2024-06-26 21:30:00,1208,Mobile,2024-06-27 00:00:00
evt_4592,usr_770,cnt_008,2024-06-26 21:31:00,1207,Smart TV,2024-06-27 00:00:00
evt_0941,usr_349,cnt_046,2024-06-26 22:24:00,3637,MOBILE,2024-06-27 00:00:00
evt_2932,usr_636,cnt_080,2024-06-26 22:37:00,668,mobile,2024-06-27 00:00:00
evt_1814,usr_274,cnt_035,2024-06-26 23:08:00,4587,MOBILE,2024-06-27 00:00:00
evt_4049,usr_229,cnt_005,2024-06-26 23:11:00,10337,web,2024-06-27 00:00:00
evt_1917,usr_406,cnt_065,2024-06-26 23:51:00,3123,SMART TV,2024-06-27 00:00:00
evt_3147,usr_888,cnt_108,2024-06-27 00:22:00,1191,mobile,2024-06-28 00:00:00
evt_4590,usr_298,cnt_093,2024-06-27 00:26:00,6218,web,2024-06-28 00:00:00
evt_0727,usr_364,cnt_072,2024-06-27 00:31:00,1104,SMART TV,2024-06-28 00:00:00
evt_4411,usr_711,cnt_007,2024-06-27 00:36:00,6554,Smart TV,2024-06-28 00:00:00
evt_3030,usr_829,cnt_001,2024-06-27 00:38:00,3206,smart tv,2024-06-28 00:00:00
evt_3179,usr_547,cnt_099,2024-06-27 00:56:00,5557,mobile,2024-06-28 00:00:00
evt_2499,usr_890,cnt_094,2024-06-27 13:18:00,3518,Smart TV,2024-06-28 00:00:00
evt_3546,usr_356,cnt_082,2024-06-27 13:33:00,3151,tablet,2024-06-28 00:00:00
evt_4139,usr_916,cnt_056,2024-06-27 14:06:00,1508,mobile,2024-06-28 00:00:00
evt_3972,usr_686,cnt_100,2024-06-27 14:13:00,563,Smart TV,2024-06-28 00:00:00
evt_0561,usr_377,cnt_103,2024-06-27 14:28:00,3680,Web,2024-06-28 00:00:00
evt_3656,usr_210,cnt_034,2024-06-27 14:34:00,5869,Mobile,2024-06-28 00:00:00
evt_0724,usr_791,cnt_051,2024-06-27 14:53:00,6538,Smart TV,2024-06-28 00:00:00
evt_3115,usr_496,cnt_039,2024-06-27 14:58:00,3092,smart tv,2024-06-28 00:00:00
evt_1835,usr_420,cnt_120,2024-06-27 15:14:00,2034,SMART TV,2024-06-28 00:00:00
evt_4180,usr_879,cnt_091,2024-06-27 15:30:00,2839,SMART TV,2024-06-28 00:00:00
evt_3114,usr_539,cnt_072,2024-06-27 16:06:00,9531,Web,2024-06-28 00:00:00
evt_0380,usr_129,cnt_067,2024-06-27 16:39:00,5946,smart tv,2024-06-28 00:00:00
evt_4713,usr_781,cnt_022,2024-06-27 16:44:00,2701,web,2024-06-28 00:00:00
evt_3731,usr_537,cnt_104,2024-06-27 17:12:00,1033,WEB,2024-06-28 00:00:00
evt_3305,usr_351,cnt_006,2024-06-27 17:51:00,359,Smart TV,2024-06-28 00:00:00
evt_2264,usr_226,cnt_078,2024-06-27 18:05:00,7692,Web,2024-06-28 00:00:00
evt_1368,usr_890,cnt_092,2024-06-27 19:35:00,439,web,2024-06-28 00:00:00
evt_1047,usr_787,cnt_031,2024-06-27 20:41:00,3174,MOBILE,2024-06-28 00:00:00
evt_2279,usr_530,cnt_060,2024-06-27 22:23:00,773,WEB,2024-06-28 00:00:00
evt_1892,usr_788,cnt_044,2024-06-27 22:33:00,1395,web,2024-06-28 00:00:00
evt_0075,usr_292,cnt_084,2024-06-27 23:25:00,1847,smart tv,2024-06-28 00:00:00
evt_4993,usr_560,cnt_027,2024-06-28 13:50:00,2148,TABLET,2024-06-29 00:00:00
evt_2653,usr_364,cnt_045,2024-06-28 14:07:00,3244,MOBILE,2024-06-29 00:00:00
evt_2835,usr_502,cnt_026,2024-06-28 14:16:00,622,Smart TV,2024-06-29 00:00:00
evt_1228,usr_635,cnt_030,2024-06-28 14:41:00,6129,MOBILE,2024-06-29 00:00:00
evt_0823,usr_464,cnt_110,2024-06-28 14:46:00,7172,SMART TV,2024-06-29 00:00:00
evt_2432,usr_552,cnt_110,2024-06-28 14:50:00,4665,MOBILE,2024-06-29 00:00:00
evt_0169,usr_522,cnt_002,2024-06-28 15:05:00,10635,SMART TV,2024-06-29 00:00:00
evt_0376,usr_776,cnt_058,2024-06-28 15:06:00,6281,WEB,2024-06-29 00:00:00
evt_1818,usr_848,cnt_074,2024-06-28 15:14:00,753,web,2024-06-29 00:00:00
evt_4697,usr_583,cnt_066,2024-06-28 15:22:00,4843,web,2024-06-29 00:00:00
evt_1941,usr_141,cnt_080,2024-06-28 15:25:00,2356,Mobile,2024-06-29 00:00:00
evt_4578,usr_401,cnt_039,2024-06-28 16:03:00,1114,Mobile,2024-06-29 00:00:00
evt_1112,usr_546,cnt_040,2024-06-28 16:12:00,1721,WEB,2024-06-29 00:00:00
evt_1776,usr_332,cnt_113,2024-06-28 18:29:00,2265,mobile,2024-06-29 00:00:00
evt_1470,usr_368,cnt_106,2024-06-28 18:42:00,7353,mobile,2024-06-29 00:00:00
evt_3831,usr_128,cnt_027,2024-06-28 19:19:00,1701,mobile,2024-06-29 00:00:00
evt_2521,usr_650,cnt_060,2024-06-28 20:21:00,1677,Mobile,2024-06-29 00:00:00
evt_3458,usr_496,cnt_070,2024-06-28 20:31:00,3325,Mobile,2024-06-29 00:00:00
evt_4861,usr_817,cnt_022,2024-06-28 20:45:00,2278,mobile,2024-06-29 00:00:00
evt_1396,usr_331,cnt_033,2024-06-28 20:55:00,8875,web,2024-06-29 00:00:00
evt_1018,usr_832,cnt_066,2024-06-28 21:12:00,5375,Smart TV,2024-06-29 00:00:00
evt_2445,usr_250,cnt_006,2024-06-28 21:28:00,1521,WEB,2024-06-29 00:00:00
evt_0327,usr_671,cnt_039,2024-06-28 21:55:00,4645,Mobile,2024-06-29 00:00:00
evt_4822,usr_406,cnt_041,2024-06-28 22:08:00,5479,smart tv,2024-06-29 00:00:00
evt_3085,usr_732,cnt_078,2024-06-28 23:14:00,3342,Mobile,2024-06-29 00:00:00
evt_1273,usr_637,cnt_092,2024-06-28 23:35:00,5204,Tablet,2024-06-29 00:00:00
evt_3883,usr_184,cnt_072,2024-06-28 23:46:00,3548,MOBILE,2024-06-29 00:00:00
evt_1753,usr_787,cnt_110,2024-06-28 23:47:00,1783,mobile,2024-06-29 00:00:00
evt_3740,usr_293,cnt_009,2024-06-29 00:37:00,8401,Tablet,2024-06-30 00:00:00
evt_4842,usr_226,cnt_033,2024-06-29 13:38:00,4110,Mobile,2024-06-30 00:00:00
evt_2366,usr_711,cnt_058,2024-06-29 15:38:00,1740,MOBILE,2024-06-30 00:00:00
evt_2724,usr_301,cnt_007,2024-06-29 16:10:00,9795,Mobile,2024-06-30 00:00:00
evt_4693,usr_136,cnt_074,2024-06-29 16:57:00,2927,MOBILE,2024-06-30 00:00:00
evt_1214,usr_683,cnt_087,2024-06-29 17:16:00,4149,Tablet,2024-06-30 00:00:00
evt_0008,usr_902,cnt_037,2024-06-29 17:44:00,4912,WEB,2024-06-30 00:00:00
evt_0140,usr_274,cnt_119,2024-06-29 17:44:00,540,mobile,2024-06-30 00:00:00
evt_2866,usr_939,cnt_108,2024-06-29 18:20:00,5327,MOBILE,2024-06-30 00:00:00
evt_2633,usr_582,cnt_111,2024-06-29 18:26:00,6341,Mobile,2024-06-30 00:00:00
evt_4975,usr_218,cnt_006,2024-06-29 20:07:00,1420,SMART TV,2024-06-30 00:00:00
evt_0658,usr_250,cnt_021,2024-06-29 20:27:00,3527,Web,2024-06-30 00:00:00
evt_2677,usr_773,cnt_042,2024-06-29 20:27:00,10212,Mobile,2024-06-30 00:00:00
evt_0459,usr_636,cnt_089,2024-06-29 21:58:00,10627,MOBILE,2024-06-30 00:00:00
evt_3289,usr_547,cnt_059,2024-06-29 22:01:00,938,web,2024-06-30 00:00:00
evt_0731,usr_657,cnt_091,2024-06-29 22:13:00,6908,Tablet,2024-06-30 00:00:00
evt_0833,usr_809,cnt_036,2024-06-29 22:30:00,7055,Mobile,2024-06-30 00:00:00
evt_3921,usr_466,cnt_019,2024-06-29 22:56:00,4066,mobile,2024-06-30 00:00:00
evt_2563,usr_481,cnt_077,2024-06-29 23:11:00,7024,SMART TV,2024-06-30 00:00:00
evt_3804,usr_744,cnt_018,2024-06-29 23:35:00,1431,Mobile,2024-06-30 00:00:00
evt_4787,usr_895,cnt_065,2024-06-30 00:12:00,3557,TABLET,2024-07-01 00:00:00
evt_3462,usr_853,cnt_097,2024-06-30 00:14:00,2806,MOBILE,2024-07-01 00:00:00
evt_3449,usr_219,cnt_021,2024-06-30 13:06:00,1222,SMART TV,2024-07-01 00:00:00
evt_3762,usr_430,cnt_002,2024-06-30 13:13:00,626,MOBILE,2024-07-01 00:00:00
evt_0577,usr_454,cnt_072,2024-06-30 13:42:00,2908,SMART TV,2024-07-01 00:00:00
evt_0431,usr_793,cnt_048,2024-06-30 13:52:00,3333,mobile,2024-07-01 00:00:00
evt_1581,usr_313,cnt_075,2024-06-30 14:51:00,4489,Tablet,2024-07-01 00:00:00
evt_3810,usr_389,cnt_007,2024-06-30 14:52:00,3853,Mobile,2024-07-01 00:00:00
evt_3101,usr_498,cnt_081,2024-06-30 15:05:00,7025,mobile,2024-07-01 00:00:00
evt_0783,usr_429,cnt_015,2024-06-30 15:20:00,1672,tablet,2024-07-01 00:00:00
evt_2250,usr_141,cnt_016,2024-06-30 15:20:00,4590,Mobile,2024-07-01 00:00:00
evt_1918,usr_362,cnt_091,2024-06-30 15:36:00,7253,WEB,2024-07-01 00:00:00
evt_3275,usr_252,cnt_034,2024-06-30 16:38:00,3090,MOBILE,2024-07-01 00:00:00
evt_2763,usr_492,cnt_102,2024-06-30 16:40:00,2411,Tablet,2024-07-01 00:00:00
evt_3474,usr_416,cnt_006,2024-06-30 16:56:00,1689,Tablet,2024-07-01 00:00:00
evt_0837,usr_116,cnt_120,2024-06-30 17:29:00,4126,mobile,2024-07-01 00:00:00
evt_2053,usr_362,cnt_112,2024-06-30 17:47:00,1958,tablet,2024-07-01 00:00:00
evt_4378,usr_523,cnt_054,2024-06-30 17:54:00,1714,SMART TV,2024-07-01 00:00:00
evt_3343,usr_920,cnt_008,2024-06-30 17:55:00,5328,TABLET,2024-07-01 00:00:00
evt_3859,usr_356,cnt_100,2024-06-30 18:30:00,3029,MOBILE,2024-07-01 00:00:00
evt_4547,usr_638,cnt_047,2024-06-30 18:45:00,3067,Tablet,2024-07-01 00:00:00
evt_4733,usr_466,cnt_011,2024-06-30 19:41:00,3674,SMART TV,2024-07-01 00:00:00
evt_0329,usr_389,cnt_086,2024-06-30 19:43:00,2671,mobile,2024-07-01 00:00:00
evt_1264,usr_556,cnt_034,2024-06-30 20:22:00,7304,mobile,2024-07-01 00:00:00
evt_0604,usr_368,cnt_065,2024-06-30 20:23:00,1729,Mobile,2024-07-01 00:00:00
evt_2681,usr_133,cnt_117,2024-06-30 20:29:00,6399,Mobile,2024-07-01 00:00:00
evt_0807,usr_637,cnt_066,2024-06-30 20:40:00,9156,web,2024-07-01 00:00:00
evt_2800,usr_393,cnt_073,2024-06-30 20:41:00,2439,web,2024-07-01 00:00:00
evt_2962,usr_523,cnt_028,2024-06-30 21:27:00,9793,mobile,2024-07-01 00:00:00
evt_2945,usr_631,cnt_114,2024-06-30 21:54:00,4047,mobile,2024-07-01 00:00:00
evt_2539,usr_240,cnt_115,2024-06-30 21:59:00,5323,mobile,2024-07-01 00:00:00
evt_4617,usr_454,cnt_112,2024-06-30 22:29:00,3103,MOBILE,2024-07-01 00:00:00