ping_id,subscriber_ref,media_id,ping_date,ping_time,playback_position_seconds,device_code
SVP00001,SV100011,SVC0005,2023-04-09,08:52:34,0,browser
SVP00002,SV100011,SVC0005,2023-04-09,08:53:34,60,browser
SVP00003,SV100011,SVC0005,2023-04-09,08:54:34,120,browser
SVP00004,SV100011,SVC0005,2023-04-09,08:55:34,180,browser
SVP00005,SV100011,SVC0005,2023-04-09,08:56:34,240,browser
SVP00006,SV100011,SVC0005,2023-04-09,08:57:34,300,browser
SVP00007,SV100011,SVC0005,2023-04-09,08:58:34,360,browser
SVP00008,SV100011,SVC0005,2023-04-09,08:59:34,420,browser
SVP00009,SV100002,SVC0017,2023-03-18,08:27:26,0,stb
SVP00010,SV100002,SVC0017,2023-03-18,08:28:26,60,stb
SVP00011,SV100002,SVC0017,2023-03-18,08:29:26,120,stb
SVP00012,SV100002,SVC0017,2023-03-18,08:30:26,180,stb
SVP00013,SV100002,SVC0017,2023-03-18,08:31:26,240,stb
SVP00014,SV100002,SVC0017,2023-03-18,08:32:26,300,stb
SVP00015,SV100002,SVC0017,2023-03-18,08:34:26,420,stb
SVP00016,SV100014,SVC0002,2023-09-11,13:40:40,0,mob
SVP00017,SV100014,SVC0002,2023-09-11,13:41:40,60,mob
SVP00018,SV100014,SVC0002,2023-09-11,13:42:40,120,mob
SVP00019,SV100014,SVC0002,2023-09-11,13:43:40,180,mob
SVP00020,SV100014,SVC0002,2023-09-11,13:44:40,240,mob
SVP00021,SV100014,SVC0002,2023-09-11,13:45:40,300,mob
SVP00022,SV100014,SVC0002,2023-09-11,13:46:40,360,mob
SVP00023,SV100014,SVC0002,2023-09-11,13:47:40,420,mob
SVP00024,SV100014,SVC0002,2023-09-11,13:48:40,480,mob
SVP00025,SV100014,SVC0002,2023-09-11,13:49:40,540,mob
SVP00026,SV100014,SVC0002,2023-09-11,13:50:40,600,mob
SVP00027,SV100014,SVC0002,2023-09-11,13:51:40,660,mob
SVP00028,SV100014,SVC0002,2023-09-11,13:52:40,720,mob
SVP00029,SV100014,SVC0002,2023-09-11,13:53:40,780,mob
SVP00030,SV100014,SVC0002,2023-09-11,13:54:40,840,mob
SVP00031,SV100014,SVC0002,2023-09-11,13:55:40,900,mob
SVP00032,SV100014,SVC0002,2023-09-11,13:56:40,960,mob
SVP00033,SV100014,SVC0002,2023-09-11,13:57:40,1020,mob
SVP00034,SV100014,SVC0002,2023-09-11,13:58:40,1080,mob
SVP00035,SV100014,SVC0002,2023-09-11,13:59:40,1140,mob
SVP00036,SV100014,SVC0002,2023-09-11,14:00:40,1200,mob
SVP00037,SV100014,SVC0002,2023-09-11,14:01:40,1260,mob
SVP00038,SV100014,SVC0002,2023-09-11,14:02:40,1320,mob
SVP00039,SV100014,SVC0002,2023-09-11,14:03:40,1380,mob
SVP00040,SV100014,SVC0002,2023-09-11,14:04:40,1440,mob
SVP00041,SV100014,SVC0002,2023-09-11,14:05:40,1500,mob
SVP00042,SV100014,SVC0002,2023-09-11,14:06:40,1560,mob
SVP00043,SV100014,SVC0002,2023-09-11,14:07:40,1620,mob
SVP00044,SV100014,SVC0002,2023-09-11,14:08:40,1680,mob
SVP00045,SV100014,SVC0002,2023-09-11,14:09:40,1740,mob
SVP00046,SV100014,SVC0002,2023-09-11,14:10:40,1800,mob
SVP00047,SV100014,SVC0002,2023-09-11,14:11:40,1860,mob
SVP00048,SV100014,SVC0002,2023-09-11,14:12:40,1920,mob
SVP00049,SV100014,SVC0002,2023-09-11,14:13:40,1980,mob
SVP00050,SV100014,SVC0002,2023-09-11,14:14:40,2040,mob
SVP00051,SV100014,SVC0002,2023-09-11,14:15:40,2100,mob
SVP00052,SV100014,SVC0002,2023-09-11,14:16:40,2160,mob
SVP00053,SV100014,SVC0002,2023-09-11,14:17:40,2220,mob
SVP00054,SV100014,SVC0002,2023-09-11,14:18:40,2280,mob
SVP00055,SV100014,SVC0002,2023-09-11,14:19:40,2340,mob
SVP00056,SV100014,SVC0002,2023-09-11,14:20:40,2400,mob
SVP00057,SV100014,SVC0002,2023-09-11,14:21:40,2460,mob
SVP00058,SV100014,SVC0002,2023-09-11,14:22:40,2520,mob
SVP00059,SV100014,SVC0002,2023-09-11,14:23:40,2580,mob
SVP00060,SV100014,SVC0002,2023-09-11,14:24:40,2640,mob
SVP00061,SV100014,SVC0002,2023-09-11,14:25:40,2700,mob
SVP00062,SV100014,SVC0002,2023-09-11,14:26:40,2760,mob
SVP00063,SV100014,SVC0002,2023-09-11,14:27:40,2820,mob
SVP00064,SV100014,SVC0002,2023-09-11,14:28:40,2880,mob
SVP00065,SV100014,SVC0002,2023-09-11,14:29:40,2940,mob
SVP00066,SV100014,SVC0002,2023-09-11,14:30:40,3000,mob
SVP00067,SV100014,SVC0002,2023-09-11,14:31:40,3060,mob
SVP00068,SV100014,SVC0002,2023-09-11,14:32:40,3120,mob
SVP00069,SV100014,SVC0002,2023-09-11,14:33:40,3180,mob
SVP00070,SV100014,SVC0002,2023-09-11,14:34:40,3240,mob
SVP00071,SV100014,SVC0002,2023-09-11,14:35:40,3300,mob
SVP00072,SV100014,SVC0002,2023-09-11,14:36:40,3360,mob
SVP00073,SV100014,SVC0002,2023-09-11,14:37:40,3420,mob
SVP00074,SV100014,SVC0002,2023-09-11,14:38:40,3480,mob
SVP00075,SV100014,SVC0002,2023-09-11,14:39:40,3540,mob
SVP00076,SV100019,SVC0019,2023-04-12,13:02:35,0,browser
SVP00077,SV100019,SVC0019,2023-04-12,13:03:35,60,browser
SVP00078,SV100019,SVC0019,2023-04-12,13:04:35,120,browser
SVP00079,SV100019,SVC0019,2023-04-12,13:05:35,180,browser
SVP00080,SV100019,SVC0019,2023-04-12,13:06:35,240,browser
SVP00081,SV100019,SVC0019,2023-04-12,13:07:35,300,browser
SVP00082,SV100019,SVC0019,2023-04-12,13:08:35,360,browser
SVP00083,SV100019,SVC0019,2023-04-12,13:09:35,420,browser
SVP00084,SV100019,SVC0019,2023-04-12,13:10:35,480,browser
SVP00085,SV100019,SVC0019,2023-04-12,13:11:35,540,browser
SVP00086,SV100019,SVC0019,2023-04-12,13:12:35,600,browser
SVP00087,SV100019,SVC0019,2023-04-12,13:13:35,660,browser
SVP00088,SV100005,SVC0018,2024-09-24,23:52:43,0,stb
SVP00089,SV100005,SVC0018,2024-09-24,23:53:43,60,stb
SVP00090,SV100005,SVC0018,2024-09-24,23:54:43,120,stb
SVP00091,SV100005,SVC0018,2024-09-24,23:55:43,180,stb
SVP00092,SV100005,SVC0018,2024-09-24,23:56:43,240,stb
SVP00093,SV100005,SVC0018,2024-09-24,23:58:43,360,stb
SVP00094,SV100005,SVC0018,2024-09-24,23:59:43,420,stb
SVP00095,SV100005,SVC0018,2024-09-25,00:00:43,480,stb
SVP00096,SV100005,SVC0018,2024-09-25,00:01:43,540,stb
SVP00097,SV100005,SVC0018,2024-09-25,00:02:43,600,stb
SVP00098,SV100005,SVC0018,2024-09-25,00:03:43,660,stb
SVP00099,SV100012,SVC0004,2023-05-09,07:39:13,0,mob
SVP00100,SV100012,SVC0004,2023-05-09,07:40:13,60,mob
SVP00101,SV100012,SVC0004,2023-05-09,07:41:13,120,mob
SVP00102,SV100012,SVC0004,2023-05-09,07:42:13,180,mob
SVP00103,SV100012,SVC0004,2023-05-09,07:43:13,240,mob
SVP00104,SV100012,SVC0004,2023-05-09,07:44:13,300,mob
SVP00105,SV100012,SVC0004,2023-05-09,07:45:13,360,mob
SVP00106,SV100012,SVC0004,2023-05-09,07:46:13,420,mob
SVP00107,SV100012,SVC0004,2023-05-09,07:47:13,480,mob
SVP00108,SV100012,SVC0004,2023-05-09,07:48:13,540,mob
SVP00109,SV100012,SVC0004,2023-05-09,07:49:13,600,mob
SVP00110,SV100012,SVC0004,2023-05-09,07:50:13,660,mob
SVP00111,SV100012,SVC0004,2023-05-09,07:51:13,720,mob
SVP00112,SV100012,SVC0004,2023-05-09,07:52:13,780,mob
SVP00113,SV100012,SVC0004,2023-05-09,07:53:13,840,mob
SVP00114,SV100012,SVC0004,2023-05-09,07:54:13,900,mob
SVP00115,SV100012,SVC0004,2023-05-09,07:55:13,960,mob
SVP00116,SV100012,SVC0004,2023-05-09,07:56:13,1020,mob
SVP00117,SV100012,SVC0004,2023-05-09,07:57:13,1080,mob
SVP00118,SV100012,SVC0004,2023-05-09,07:58:13,1140,mob
SVP00119,SV100012,SVC0004,2023-05-09,07:59:13,1200,mob
SVP00120,SV100012,SVC0004,2023-05-09,08:00:13,1260,mob
SVP00121,SV100012,SVC0004,2023-05-09,08:01:13,1320,mob
SVP00122,SV100012,SVC0004,2023-05-09,08:02:13,1380,mob
SVP00123,SV100012,SVC0004,2023-05-09,08:03:13,1440,mob
SVP00124,SV100012,SVC0004,2023-05-09,08:04:13,1500,mob
SVP00125,SV100012,SVC0004,2023-05-09,08:05:13,1560,mob
SVP00126,SV100012,SVC0004,2023-05-09,08:06:13,1620,mob
SVP00127,SV100012,SVC0004,2023-05-09,08:07:13,1680,mob
SVP00128,SV100012,SVC0004,2023-05-09,08:08:13,1740,mob
SVP00129,SV100012,SVC0004,2023-05-09,08:09:13,1800,mob
SVP00130,SV100012,SVC0004,2023-05-09,08:10:13,1860,mob
SVP00131,SV100012,SVC0004,2023-05-09,08:11:13,1920,mob
SVP00132,SV100012,SVC0004,2023-05-09,08:12:13,1980,mob
SVP00133,SV100012,SVC0004,2023-05-09,08:13:13,2040,mob
SVP00134,SV100012,SVC0004,2023-05-09,08:14:13,2100,mob
SVP00135,SV100012,SVC0004,2023-05-09,08:15:13,2160,mob
SVP00136,SV100012,SVC0004,2023-05-09,08:16:13,2220,mob
SVP00137,SV100012,SVC0004,2023-05-09,08:17:13,2280,mob
SVP00138,SV100012,SVC0004,2023-05-09,08:18:13,2340,mob
SVP00139,SV100012,SVC0004,2023-05-09,08:19:13,2400,mob
SVP00140,SV100012,SVC0004,2023-05-09,08:20:13,2460,mob
SVP00141,SV100014,SVC0025,2025-08-12,20:23:19,0,browser
SVP00142,SV100014,SVC0025,2025-08-12,20:24:19,60,browser
SVP00143,SV100014,SVC0025,2025-08-12,20:25:19,120,browser
SVP00144,SV100014,SVC0025,2025-08-12,20:26:19,180,browser
SVP00145,SV100014,SVC0025,2025-08-12,20:27:19,240,browser
SVP00146,SV100014,SVC0025,2025-08-12,20:28:19,300,browser
SVP00147,SV100014,SVC0025,2025-08-12,20:29:19,360,browser
SVP00148,SV100014,SVC0025,2025-08-12,20:30:19,420,browser
SVP00149,SV100014,SVC0025,2025-08-12,20:31:19,480,browser
SVP00150,SV100014,SVC0025,2025-08-12,20:32:19,540,browser
SVP00151,SV100014,SVC0025,2025-08-12,20:33:19,600,browser
SVP00152,SV100014,SVC0025,2025-08-12,20:34:19,660,browser
SVP00153,SV100014,SVC0025,2025-08-12,20:35:19,720,browser
SVP00154,SV100014,SVC0025,2025-08-12,20:36:19,780,browser
SVP00155,SV100014,SVC0025,2025-08-12,20:37:19,840,browser
SVP00156,SV100014,SVC0025,2025-08-12,20:38:19,900,browser
SVP00157,SV100014,SVC0025,2025-08-12,20:39:19,960,browser
SVP00158,SV100014,SVC0025,2025-08-12,20:40:19,1020,browser
SVP00159,SV100023,SVC0025,2023-06-17,15:33:31,0,stb
SVP00160,SV100023,SVC0025,2023-06-17,15:34:31,60,stb
SVP00161,SV100023,SVC0025,2023-06-17,15:35:31,120,stb
SVP00162,SV100023,SVC0025,2023-06-17,15:36:31,180,stb
SVP00163,SV100023,SVC0025,2023-06-17,15:37:31,240,stb
SVP00164,SV100023,SVC0025,2023-06-17,15:38:31,300,stb
SVP00165,SV100023,SVC0025,2023-06-17,15:39:31,360,stb
SVP00166,SV100023,SVC0025,2023-06-17,15:40:31,420,stb
SVP00167,SV100023,SVC0025,2023-06-17,15:41:31,480,stb
SVP00168,SV100023,SVC0025,2023-06-17,15:42:31,540,stb
SVP00169,SV100023,SVC0025,2023-06-17,15:43:31,600,stb
SVP00170,SV100023,SVC0025,2023-06-17,15:44:31,660,stb
SVP00171,SV100023,SVC0025,2023-06-17,15:45:31,720,stb
SVP00172,SV100023,SVC0025,2023-06-17,15:46:31,780,stb
SVP00173,SV100023,SVC0025,2023-06-17,15:47:31,840,stb
SVP00174,SV100023,SVC0025,2023-06-17,15:48:31,900,stb
SVP00175,SV100023,SVC0025,2023-06-17,15:49:31,960,stb
SVP00176,SV100023,SVC0025,2023-06-17,15:50:31,1020,stb
SVP00177,SV100023,SVC0025,2023-06-17,15:51:31,1080,stb
SVP00178,SV100023,SVC0025,2023-06-17,15:52:31,1140,stb
SVP00179,SV100023,SVC0025,2023-06-17,15:53:31,1200,stb
SVP00180,SV100023,SVC0025,2023-06-17,15:54:31,1260,stb
SVP00181,SV100023,SVC0025,2023-06-17,15:55:31,1320,stb
SVP00182,SV100023,SVC0025,2023-06-17,15:56:31,1380,stb
SVP00183,SV100023,SVC0025,2023-06-17,15:57:31,1440,stb
SVP00184,SV100023,SVC0025,2023-06-17,15:58:31,1500,stb
SVP00185,SV100023,SVC0025,2023-06-17,15:59:31,1560,stb
SVP00186,SV100023,SVC0025,2023-06-17,16:00:31,1620,stb
SVP00187,SV100010,SVC0020,2023-08-30,22:26:10,0,stb
SVP00188,SV100010,SVC0020,2023-08-30,22:27:10,60,stb
SVP00189,SV100010,SVC0020,2023-08-30,22:28:10,120,stb
SVP00190,SV100010,SVC0020,2023-08-30,22:29:10,180,stb
SVP00191,SV100010,SVC0020,2023-08-30,22:30:10,240,stb
SVP00192,SV100010,SVC0020,2023-08-30,22:31:10,300,stb
SVP00193,SV100010,SVC0020,2023-08-30,22:32:10,360,stb
SVP00194,SV100010,SVC0020,2023-08-30,22:33:10,420,stb
SVP00195,SV100010,SVC0020,2023-08-30,22:34:10,480,stb
SVP00196,SV100010,SVC0020,2023-08-30,22:35:10,540,stb
SVP00197,SV100010,SVC0020,2023-08-30,22:36:10,600,stb
SVP00198,SV100010,SVC0020,2023-08-30,22:37:10,660,stb
SVP00199,SV100010,SVC0020,2023-08-30,22:38:10,720,stb
SVP00200,SV100010,SVC0020,2023-08-30,22:39:10,780,stb
SVP00201,SV100010,SVC0020,2023-08-30,22:40:10,840,stb
SVP00202,SV100010,SVC0020,2023-08-30,22:41:10,900,stb
SVP00203,SV100010,SVC0020,2023-08-30,22:42:10,960,stb
SVP00204,SV100010,SVC0020,2023-08-30,22:44:10,1080,stb
SVP00205,SV100010,SVC0020,2023-08-30,22:45:10,1140,stb
SVP00206,SV100010,SVC0020,2023-08-30,22:46:10,1200,stb
SVP00207,SV100010,SVC0020,2023-08-30,22:47:10,1260,stb
SVP00208,SV100010,SVC0020,2023-08-30,22:48:10,1320,stb
SVP00209,SV100010,SVC0020,2023-08-30,22:49:10,1380,stb
SVP00210,SV100010,SVC0020,2023-08-30,22:50:10,1440,stb
SVP00211,SV100010,SVC0020,2023-08-30,22:51:10,1500,stb
SVP00212,SV100010,SVC0020,2023-08-30,22:52:10,1560,stb
SVP00213,SV100010,SVC0020,2023-08-30,22:53:10,1620,stb
SVP00214,SV100014,SVC0002,2023-06-08,23:36:50,0,tab
SVP00215,SV100014,SVC0002,2023-06-08,23:37:50,60,tab
SVP00216,SV100014,SVC0002,2023-06-08,23:38:50,120,tab
SVP00217,SV100014,SVC0002,2023-06-08,23:39:50,180,tab
SVP00218,SV100014,SVC0002,2023-06-08,23:40:50,240,tab
SVP00219,SV100014,SVC0002,2023-06-08,23:41:50,300,tab
SVP00220,SV100014,SVC0002,2023-06-08,23:42:50,360,tab
SVP00221,SV100014,SVC0002,2023-06-08,23:43:50,420,tab
SVP00222,SV100014,SVC0002,2023-06-08,23:44:50,480,tab
SVP00223,SV100014,SVC0002,2023-06-08,23:45:50,540,tab
SVP00224,SV100014,SVC0002,2023-06-08,23:46:50,600,tab
SVP00225,SV100014,SVC0002,2023-06-08,23:47:50,660,tab
SVP00226,SV100014,SVC0002,2023-06-08,23:48:50,720,tab
SVP00227,SV100014,SVC0002,2023-06-08,23:49:50,780,tab
SVP00228,SV100014,SVC0002,2023-06-08,23:50:50,840,tab
SVP00229,SV100014,SVC0002,2023-06-08,23:51:50,900,tab
SVP00230,SV100014,SVC0002,2023-06-08,23:52:50,960,tab
SVP00231,SV100014,SVC0002,2023-06-08,23:53:50,1020,tab
SVP00232,SV100014,SVC0002,2023-06-08,23:54:50,1080,tab
SVP00233,SV100014,SVC0002,2023-06-08,23:55:50,1140,tab
SVP00234,SV100014,SVC0002,2023-06-08,23:56:50,1200,tab
SVP00235,SV100014,SVC0002,2023-06-08,23:57:50,1260,tab
SVP00236,SV100014,SVC0002,2023-06-08,23:58:50,1320,tab
SVP00237,SV100014,SVC0002,2023-06-08,23:59:50,1380,tab
SVP00238,SV100014,SVC0002,2023-06-09,00:00:50,1440,tab
SVP00239,SV100014,SVC0002,2023-06-09,00:01:50,1500,tab
SVP00240,SV100014,SVC0002,2023-06-09,00:02:50,1560,tab
SVP00241,SV100014,SVC0002,2023-06-09,00:03:50,1620,tab
SVP00242,SV100012,SVC0020,2025-07-24,08:53:05,0,browser
SVP00243,SV100012,SVC0020,2025-07-24,08:54:05,60,browser
SVP00244,SV100012,SVC0020,2025-07-24,08:55:05,120,browser
SVP00245,SV100012,SVC0020,2025-07-24,08:56:05,180,browser
SVP00246,SV100012,SVC0020,2025-07-24,08:57:05,240,browser
SVP00247,SV100012,SVC0020,2025-07-24,08:58:05,300,browser
SVP00248,SV100012,SVC0020,2025-07-24,08:59:05,360,browser
SVP00249,SV100012,SVC0020,2025-07-24,09:00:05,420,browser
SVP00250,SV100012,SVC0020,2025-07-24,09:01:05,480,browser
SVP00251,SV100012,SVC0020,2025-07-24,09:02:05,540,browser
SVP00252,SV100012,SVC0020,2025-07-24,09:03:05,600,browser
SVP00253,SV100012,SVC0020,2025-07-24,09:04:05,660,browser
SVP00254,SV100012,SVC0020,2025-07-24,09:05:05,720,browser
SVP00255,SV100012,SVC0020,2025-07-24,09:06:05,780,browser
SVP00256,SV100012,SVC0020,2025-07-24,09:07:05,840,browser
SVP00257,SV100012,SVC0020,2025-07-24,09:08:05,900,browser
SVP00258,SV100012,SVC0020,2025-07-24,09:09:05,960,browser
SVP00259,SV100012,SVC0020,2025-07-24,09:10:05,1020,browser
SVP00260,SV100012,SVC0020,2025-07-24,09:11:05,1080,browser
SVP00261,SV100012,SVC0020,2025-07-24,09:12:05,1140,browser
SVP00262,SV100012,SVC0020,2025-07-24,09:13:05,1200,browser
SVP00263,SV100012,SVC0020,2025-07-24,09:14:05,1260,browser
SVP00264,SV100022,SVC0003,2024-09-27,20:18:45,0,stb
SVP00265,SV100022,SVC0003,2024-09-27,20:19:45,60,stb
SVP00266,SV100022,SVC0003,2024-09-27,20:20:45,120,stb
SVP00267,SV100022,SVC0003,2024-09-27,20:21:45,180,stb
SVP00268,SV100022,SVC0003,2024-09-27,20:22:45,240,stb
SVP00269,SV100022,SVC0003,2024-09-27,20:23:45,300,stb
SVP00270,SV100022,SVC0003,2024-09-27,20:24:45,360,stb
SVP00271,SV100022,SVC0003,2024-09-27,20:25:45,420,stb
SVP00272,SV100022,SVC0003,2024-09-27,20:26:45,480,stb
SVP00273,SV100022,SVC0003,2024-09-27,20:27:45,540,stb
SVP00274,SV100022,SVC0003,2024-09-27,20:28:45,600,stb
SVP00275,SV100022,SVC0003,2024-09-27,20:29:45,660,stb
SVP00276,SV100022,SVC0003,2024-09-27,20:30:45,720,stb
SVP00277,SV100022,SVC0003,2024-09-27,20:31:45,780,stb
SVP00278,SV100022,SVC0003,2024-09-27,20:32:45,840,stb
SVP00279,SV100022,SVC0003,2024-09-27,20:33:45,900,stb
SVP00280,SV100022,SVC0003,2024-09-27,20:34:45,960,stb
SVP00281,SV100022,SVC0003,2024-09-27,20:35:45,1020,stb
SVP00282,SV100022,SVC0003,2024-09-27,20:36:45,1080,stb
SVP00283,SV100022,SVC0003,2024-09-27,20:37:45,1140,stb
SVP00284,SV100022,SVC0003,2024-09-27,20:38:45,1200,stb
SVP00285,SV100022,SVC0003,2024-09-27,20:39:45,1260,stb
SVP00286,SV100022,SVC0003,2024-09-27,20:40:45,1320,stb
SVP00287,SV100022,SVC0003,2024-09-27,20:41:45,1380,stb
SVP00288,SV100022,SVC0003,2024-09-27,20:42:45,1440,stb
SVP00289,SV100022,SVC0003,2024-09-27,20:43:45,1500,stb
SVP00290,SV100022,SVC0003,2024-09-27,20:44:45,1560,stb
SVP00291,SV100022,SVC0003,2024-09-27,20:45:45,1620,stb
SVP00292,SV100022,SVC0003,2024-09-27,20:46:45,1680,stb
SVP00293,SV100022,SVC0003,2024-09-27,20:47:45,1740,stb
SVP00294,SV100022,SVC0003,2024-09-27,20:48:45,1800,stb
SVP00295,SV100022,SVC0003,2024-09-27,20:49:45,1860,stb
SVP00296,SV100022,SVC0003,2024-09-27,20:50:45,1920,stb
SVP00297,SV100022,SVC0003,2024-09-27,20:51:45,1980,stb
SVP00298,SV100022,SVC0003,2024-09-27,20:52:45,2040,stb
SVP00299,SV100012,SVC0001,2024-12-29,11:39:07,0,browser
SVP00300,SV100012,SVC0001,2024-12-29,11:40:07,60,browser
SVP00301,SV100012,SVC0001,2024-12-29,11:41:07,120,browser
SVP00302,SV100012,SVC0001,2024-12-29,11:42:07,180,browser
SVP00303,SV100012,SVC0001,2024-12-29,11:43:07,240,browser
SVP00304,SV100012,SVC0001,2024-12-29,11:44:07,300,browser
SVP00305,SV100012,SVC0001,2024-12-29,11:45:07,360,browser
SVP00306,SV100012,SVC0001,2024-12-29,11:46:07,420,browser
SVP00307,SV100012,SVC0001,2024-12-29,11:47:07,480,browser
SVP00308,SV100012,SVC0001,2024-12-29,11:48:07,540,browser
SVP00309,SV100012,SVC0001,2024-12-29,11:49:07,600,browser
SVP00310,SV100012,SVC0001,2024-12-29,11:50:07,660,browser
SVP00311,SV100012,SVC0001,2024-12-29,11:51:07,720,browser
SVP00312,SV100012,SVC0001,2024-12-29,11:52:07,780,browser
SVP00313,SV100012,SVC0001,2024-12-29,11:53:07,840,browser
SVP00314,SV100012,SVC0001,2024-12-29,11:54:07,900,browser
SVP00315,SV100012,SVC0001,2024-12-29,11:55:07,960,browser
SVP00316,SV100012,SVC0001,2024-12-29,11:56:07,1020,browser
SVP00317,SV100012,SVC0001,2024-12-29,11:57:07,1080,browser
SVP00318,SV100012,SVC0001,2024-12-29,11:58:07,1140,browser
SVP00319,SV100012,SVC0001,2024-12-29,12:00:07,1260,browser
SVP00320,SV100012,SVC0001,2024-12-29,12:01:07,1320,browser
SVP00321,SV100012,SVC0001,2024-12-29,12:02:07,1380,browser
SVP00322,SV100012,SVC0001,2024-12-29,12:03:07,1440,browser
SVP00323,SV100012,SVC0001,2024-12-29,12:04:07,1500,browser
SVP00324,SV100012,SVC0001,2024-12-29,12:05:07,1560,browser
SVP00325,SV100012,SVC0001,2024-12-29,12:06:07,1620,browser
SVP00326,SV100012,SVC0001,2024-12-29,12:07:07,1680,browser
SVP00327,SV100012,SVC0001,2024-12-29,12:08:07,1740,browser
SVP00328,SV100012,SVC0001,2024-12-29,12:09:07,1800,browser
SVP00329,SV100012,SVC0001,2024-12-29,12:10:07,1860,browser
SVP00330,SV100012,SVC0001,2024-12-29,12:11:07,1920,browser
SVP00331,SV100012,SVC0001,2024-12-29,12:12:07,1980,browser
SVP00332,SV100012,SVC0001,2024-12-29,12:13:07,2040,browser
SVP00333,SV100012,SVC0001,2024-12-29,12:14:07,2100,browser
SVP00334,SV100012,SVC0001,2024-12-29,12:15:07,2160,browser
SVP00335,SV100012,SVC0001,2024-12-29,12:16:07,2220,browser
SVP00336,SV100012,SVC0001,2024-12-29,12:17:07,2280,browser
SVP00337,SV100012,SVC0001,2024-12-29,12:18:07,2340,browser
SVP00338,SV100012,SVC0001,2024-12-29,12:19:07,2400,browser
SVP00339,SV100012,SVC0001,2024-12-29,12:20:07,2460,browser
SVP00340,SV100005,SVC0024,2025-03-26,18:58:55,0,stb
SVP00341,SV100005,SVC0024,2025-03-26,18:59:55,60,stb
SVP00342,SV100005,SVC0024,2025-03-26,19:00:55,120,stb
SVP00343,SV100005,SVC0024,2025-03-26,19:01:55,180,stb
SVP00344,SV100005,SVC0024,2025-03-26,19:02:55,240,stb
SVP00345,SV100005,SVC0024,2025-03-26,19:03:55,300,stb
SVP00346,SV100005,SVC0024,2025-03-26,19:04:55,360,stb
SVP00347,SV100005,SVC0024,2025-03-26,19:05:55,420,stb
SVP00348,SV100005,SVC0024,2025-03-26,19:06:55,480,stb
SVP00349,SV100005,SVC0024,2025-03-26,19:07:55,540,stb
SVP00350,SV100005,SVC0024,2025-03-26,19:08:55,600,stb
SVP00351,SV100005,SVC0024,2025-03-26,19:09:55,660,stb
SVP00352,SV100005,SVC0024,2025-03-26,19:10:55,720,stb
SVP00353,SV100005,SVC0024,2025-03-26,19:11:55,780,stb
SVP00354,SV100005,SVC0024,2025-03-26,19:12:55,840,stb
SVP00355,SV100005,SVC0024,2025-03-26,19:13:55,900,stb
SVP00356,SV100005,SVC0024,2025-03-26,19:14:55,960,stb
SVP00357,SV100005,SVC0024,2025-03-26,19:15:55,1020,stb
SVP00358,SV100005,SVC0024,2025-03-26,19:16:55,1080,stb
SVP00359,SV100005,SVC0024,2025-03-26,19:17:55,1140,stb
SVP00360,SV100005,SVC0024,2025-03-26,19:18:55,1200,stb
SVP00361,SV100005,SVC0024,2025-03-26,19:19:55,1260,stb
SVP00362,SV100005,SVC0024,2025-03-26,19:20:55,1320,stb
SVP00363,SV100005,SVC0024,2025-03-26,19:21:55,1380,stb
SVP00364,SV100005,SVC0024,2025-03-26,19:22:55,1440,stb
SVP00365,SV100005,SVC0024,2025-03-26,19:23:55,1500,stb
SVP00366,SV100005,SVC0024,2025-03-26,19:24:55,1560,stb
SVP00367,SV100005,SVC0024,2025-03-26,19:25:55,1620,stb
SVP00368,SV100005,SVC0024,2025-03-26,19:26:55,1680,stb
SVP00369,SV100005,SVC0024,2025-03-26,19:27:55,1740,stb
SVP00370,SV100005,SVC0024,2025-03-26,19:29:55,1860,stb
SVP00371,SV100005,SVC0024,2025-03-26,19:30:55,1920,stb
SVP00372,SV100005,SVC0024,2025-03-26,19:31:55,1980,stb
SVP00373,SV100005,SVC0024,2025-03-26,19:32:55,2040,stb
SVP00374,SV100005,SVC0024,2025-03-26,19:33:55,2100,stb
SVP00375,SV100005,SVC0024,2025-03-26,19:34:55,2160,stb
SVP00376,SV100005,SVC0024,2025-03-26,19:35:55,2220,stb
SVP00377,SV100005,SVC0024,2025-03-26,19:36:55,2280,stb
SVP00378,SV100005,SVC0024,2025-03-26,19:37:55,2340,stb
SVP00379,SV100005,SVC0024,2025-03-26,19:38:55,2400,stb
SVP00380,SV100005,SVC0024,2025-03-26,19:39:55,2460,stb
SVP00381,SV100013,SVC0018,2023-10-08,19:55:35,0,stb
SVP00382,SV100013,SVC0018,2023-10-08,19:56:35,60,stb
SVP00383,SV100013,SVC0018,2023-10-08,19:57:35,120,stb
SVP00384,SV100013,SVC0018,2023-10-08,19:58:35,180,stb
SVP00385,SV100013,SVC0018,2023-10-08,19:59:35,240,stb
SVP00386,SV100013,SVC0018,2023-10-08,20:00:35,300,stb
SVP00387,SV100013,SVC0018,2023-10-08,20:01:35,360,stb
SVP00388,SV100013,SVC0018,2023-10-08,20:02:35,420,stb
SVP00389,SV100013,SVC0018,2023-10-08,20:03:35,480,stb
SVP00390,SV100013,SVC0018,2023-10-08,20:04:35,540,stb
SVP00391,SV100013,SVC0018,2023-10-08,20:05:35,600,stb
SVP00392,SV100013,SVC0018,2023-10-08,20:06:35,660,stb
SVP00393,SV100013,SVC0018,2023-10-08,20:07:35,720,stb
SVP00394,SV100013,SVC0018,2023-10-08,20:08:35,780,stb
SVP00395,SV100013,SVC0018,2023-10-08,20:09:35,840,stb
SVP00396,SV100013,SVC0018,2023-10-08,20:10:35,900,stb
SVP00397,SV100013,SVC0018,2023-10-08,20:11:35,960,stb
SVP00398,SV100013,SVC0018,2023-10-08,20:12:35,1020,stb
SVP00399,SV100013,SVC0018,2023-10-08,20:13:35,1080,stb
SVP00400,SV100013,SVC0018,2023-10-08,20:14:35,1140,stb
SVP00401,SV100013,SVC0018,2023-10-08,20:15:35,1200,stb
SVP00402,SV100013,SVC0018,2023-10-08,20:16:35,1260,stb
SVP00403,SV100012,SVC0022,2024-04-18,10:05:11,0,browser
SVP00404,SV100012,SVC0022,2024-04-18,10:06:11,60,browser
SVP00405,SV100012,SVC0022,2024-04-18,10:07:11,120,browser
SVP00406,SV100012,SVC0022,2024-04-18,10:08:11,180,browser
SVP00407,SV100012,SVC0022,2024-04-18,10:09:11,240,browser
SVP00408,SV100012,SVC0022,2024-04-18,10:11:11,360,browser
SVP00409,SV100012,SVC0022,2024-04-18,10:12:11,420,browser
SVP00410,SV100012,SVC0022,2024-04-18,10:13:11,480,browser
SVP00411,SV100012,SVC0022,2024-04-18,10:14:11,540,browser
SVP00412,SV100012,SVC0022,2024-04-18,10:15:11,600,browser
SVP00413,SV100012,SVC0022,2024-04-18,10:16:11,660,browser
SVP00414,SV100001,SVC0016,2024-01-09,14:18:00,0,mob
SVP00415,SV100001,SVC0016,2024-01-09,14:19:00,60,mob
SVP00416,SV100001,SVC0016,2024-01-09,14:20:00,120,mob
SVP00417,SV100001,SVC0016,2024-01-09,14:21:00,180,mob
SVP00418,SV100001,SVC0016,2024-01-09,14:22:00,240,mob
SVP00419,SV100001,SVC0016,2024-01-09,14:23:00,300,mob
SVP00420,SV100001,SVC0016,2024-01-09,14:24:00,360,mob
SVP00421,SV100001,SVC0016,2024-01-09,14:25:00,420,mob
SVP00422,SV100001,SVC0016,2024-01-09,14:26:00,480,mob
SVP00423,SV100001,SVC0016,2024-01-09,14:27:00,540,mob
SVP00424,SV100001,SVC0016,2024-01-09,14:28:00,600,mob
SVP00425,SV100001,SVC0016,2024-01-09,14:29:00,660,mob
SVP00426,SV100012,SVC0020,2024-10-15,10:44:54,0,mob
SVP00427,SV100012,SVC0020,2024-10-15,10:45:54,60,mob
SVP00428,SV100012,SVC0020,2024-10-15,10:46:54,120,mob
SVP00429,SV100012,SVC0020,2024-10-15,10:47:54,180,mob
SVP00430,SV100012,SVC0020,2024-10-15,10:48:54,240,mob
SVP00431,SV100012,SVC0020,2024-10-15,10:49:54,300,mob
SVP00432,SV100012,SVC0020,2024-10-15,10:50:54,360,mob
SVP00433,SV100012,SVC0020,2024-10-15,10:51:54,420,mob
SVP00434,SV100012,SVC0020,2024-10-15,10:52:54,480,mob
SVP00435,SV100012,SVC0020,2024-10-15,10:53:54,540,mob
SVP00436,SV100012,SVC0020,2024-10-15,10:54:54,600,mob
SVP00437,SV100012,SVC0020,2024-10-15,10:55:54,660,mob
SVP00438,SV100012,SVC0020,2024-10-15,10:56:54,720,mob
SVP00439,SV100012,SVC0020,2024-10-15,10:57:54,780,mob
SVP00440,SV100012,SVC0020,2024-10-15,10:58:54,840,mob
SVP00441,SV100012,SVC0020,2024-10-15,10:59:54,900,mob
SVP00442,SV100012,SVC0020,2024-10-15,11:00:54,960,mob
SVP00443,SV100012,SVC0020,2024-10-15,11:01:54,1020,mob
SVP00444,SV100012,SVC0020,2024-10-15,11:02:54,1080,mob
SVP00445,SV100012,SVC0020,2024-10-15,11:03:54,1140,mob
SVP00446,SV100012,SVC0020,2024-10-15,11:04:54,1200,mob
SVP00447,SV100012,SVC0020,2024-10-15,11:05:54,1260,mob
SVP00448,SV100012,SVC0020,2024-10-15,11:06:54,1320,mob
SVP00449,SV100012,SVC0020,2024-10-15,11:07:54,1380,mob
SVP00450,SV100012,SVC0020,2024-10-15,11:08:54,1440,mob
SVP00451,SV100012,SVC0020,2024-10-15,11:09:54,1500,mob
SVP00452,SV100012,SVC0020,2024-10-15,11:10:54,1560,mob
SVP00453,SV100012,SVC0020,2024-10-15,11:11:54,1620,mob
SVP00454,SV100012,SVC0020,2024-10-15,11:12:54,1680,mob
SVP00455,SV100012,SVC0020,2024-10-15,11:13:54,1740,mob
SVP00456,SV100012,SVC0020,2024-10-15,11:14:54,1800,mob
SVP00457,SV100012,SVC0020,2024-10-15,11:15:54,1860,mob
SVP00458,SV100012,SVC0020,2024-10-15,11:16:54,1920,mob
SVP00459,SV100012,SVC0020,2024-10-15,11:17:54,1980,mob
SVP00460,SV100012,SVC0020,2024-10-15,11:18:54,2040,mob
SVP00461,SV100012,SVC0020,2024-10-15,11:19:54,2100,mob
SVP00462,SV100012,SVC0020,2024-10-15,11:20:54,2160,mob
SVP00463,SV100012,SVC0020,2024-10-15,11:21:54,2220,mob
SVP00464,SV100012,SVC0020,2024-10-15,11:22:54,2280,mob
SVP00465,SV100012,SVC0020,2024-10-15,11:23:54,2340,mob
SVP00466,SV100012,SVC0020,2024-10-15,11:24:54,2400,mob
SVP00467,SV100012,SVC0020,2024-10-15,11:25:54,2460,mob
SVP00468,SV100012,SVC0020,2024-10-15,11:26:54,2520,mob
SVP00469,SV100012,SVC0020,2024-10-15,11:27:54,2580,mob
SVP00470,SV100012,SVC0020,2024-10-15,11:28:54,2640,mob
SVP00471,SV100012,SVC0020,2024-10-15,11:29:54,2700,mob
SVP00472,SV100012,SVC0020,2024-10-15,11:30:54,2760,mob
SVP00473,SV100012,SVC0020,2024-10-15,11:31:54,2820,mob
SVP00474,SV100012,SVC0020,2024-10-15,11:32:54,2880,mob
SVP00475,SV100012,SVC0020,2024-10-15,11:33:54,2940,mob
SVP00476,SV100021,SVC0022,2025-07-25,23:25:25,0,stb
SVP00477,SV100021,SVC0022,2025-07-25,23:26:25,60,stb
SVP00478,SV100021,SVC0022,2025-07-25,23:27:25,120,stb
SVP00479,SV100021,SVC0022,2025-07-25,23:28:25,180,stb
SVP00480,SV100021,SVC0022,2025-07-25,23:29:25,240,stb
SVP00481,SV100021,SVC0022,2025-07-25,23:30:25,300,stb
SVP00482,SV100021,SVC0022,2025-07-25,23:31:25,360,stb
SVP00483,SV100021,SVC0022,2025-07-25,23:32:25,420,stb
SVP00484,SV100021,SVC0022,2025-07-25,23:33:25,480,stb
SVP00485,SV100021,SVC0022,2025-07-25,23:34:25,540,stb
SVP00486,SV100021,SVC0022,2025-07-25,23:35:25,600,stb
SVP00487,SV100021,SVC0022,2025-07-25,23:36:25,660,stb
SVP00488,SV100021,SVC0022,2025-07-25,23:37:25,720,stb
SVP00489,SV100021,SVC0022,2025-07-25,23:38:25,780,stb
SVP00490,SV100021,SVC0022,2025-07-25,23:39:25,840,stb
SVP00491,SV100021,SVC0022,2025-07-25,23:40:25,900,stb
SVP00492,SV100021,SVC0022,2025-07-25,23:41:25,960,stb
SVP00493,SV100021,SVC0022,2025-07-25,23:42:25,1020,stb
SVP00494,SV100021,SVC0022,2025-07-25,23:43:25,1080,stb
SVP00495,SV100021,SVC0022,2025-07-25,23:44:25,1140,stb
SVP00496,SV100021,SVC0022,2025-07-25,23:45:25,1200,stb
SVP00497,SV100021,SVC0022,2025-07-25,23:46:25,1260,stb
SVP00498,SV100021,SVC0022,2025-07-25,23:47:25,1320,stb
SVP00499,SV100021,SVC0022,2025-07-25,23:48:25,1380,stb
SVP00500,SV100021,SVC0022,2025-07-25,23:49:25,1440,stb
SVP00501,SV100021,SVC0022,2025-07-25,23:50:25,1500,stb
SVP00502,SV100021,SVC0022,2025-07-25,23:51:25,1560,stb
SVP00503,SV100021,SVC0022,2025-07-25,23:52:25,1620,stb
SVP00504,SV100021,SVC0022,2025-07-25,23:53:25,1680,stb
SVP00505,SV100021,SVC0022,2025-07-25,23:54:25,1740,stb
SVP00506,SV100021,SVC0022,2025-07-25,23:55:25,1800,stb
SVP00507,SV100021,SVC0022,2025-07-25,23:56:25,1860,stb
SVP00508,SV100021,SVC0022,2025-07-25,23:57:25,1920,stb
SVP00509,SV100021,SVC0022,2025-07-25,23:58:25,1980,stb
SVP00510,SV100021,SVC0022,2025-07-25,23:59:25,2040,stb
SVP00511,SV100016,SVC0021,2023-05-08,12:04:13,0,browser
SVP00512,SV100016,SVC0021,2023-05-08,12:05:13,60,browser
SVP00513,SV100016,SVC0021,2023-05-08,12:06:13,120,browser
SVP00514,SV100016,SVC0021,2023-05-08,12:07:13,180,browser
SVP00515,SV100016,SVC0021,2023-05-08,12:08:13,240,browser
SVP00516,SV100016,SVC0021,2023-05-08,12:09:13,300,browser
SVP00517,SV100016,SVC0021,2023-05-08,12:10:13,360,browser
SVP00518,SV100016,SVC0021,2023-05-08,12:11:13,420,browser
SVP00519,SV100016,SVC0021,2023-05-08,12:12:13,480,browser
SVP00520,SV100016,SVC0021,2023-05-08,12:13:13,540,browser
SVP00521,SV100016,SVC0021,2023-05-08,12:14:13,600,browser
SVP00522,SV100016,SVC0021,2023-05-08,12:15:13,660,browser
SVP00523,SV100016,SVC0021,2023-05-08,12:16:13,720,browser
SVP00524,SV100016,SVC0021,2023-05-08,12:17:13,780,browser
SVP00525,SV100016,SVC0021,2023-05-08,12:18:13,840,browser
SVP00526,SV100016,SVC0021,2023-05-08,12:19:13,900,browser
SVP00527,SV100016,SVC0021,2023-05-08,12:20:13,960,browser
SVP00528,SV100016,SVC0021,2023-05-08,12:21:13,1020,browser
SVP00529,SV100016,SVC0021,2023-05-08,12:22:13,1080,browser
SVP00530,SV100016,SVC0021,2023-05-08,12:23:13,1140,browser
SVP00531,SV100016,SVC0021,2023-05-08,12:24:13,1200,browser
SVP00532,SV100016,SVC0021,2023-05-08,12:25:13,1260,browser
SVP00533,SV100016,SVC0021,2023-05-08,12:26:13,1320,browser
SVP00534,SV100016,SVC0021,2023-05-08,12:28:13,1440,browser
SVP00535,SV100016,SVC0021,2023-05-08,12:29:13,1500,browser
SVP00536,SV100016,SVC0021,2023-05-08,12:30:13,1560,browser
SVP00537,SV100016,SVC0021,2023-05-08,12:31:13,1620,browser
SVP00538,SV100016,SVC0021,2023-05-08,12:32:13,1680,browser
SVP00539,SV100016,SVC0021,2023-05-08,12:33:13,1740,browser
SVP00540,SV100016,SVC0021,2023-05-08,12:34:13,1800,browser
SVP00541,SV100016,SVC0021,2023-05-08,12:35:13,1860,browser
SVP00542,SV100016,SVC0021,2023-05-08,12:36:13,1920,browser
SVP00543,SV100016,SVC0021,2023-05-08,12:37:13,1980,browser
SVP00544,SV100016,SVC0021,2023-05-08,12:38:13,2040,browser
SVP00545,SV100016,SVC0021,2023-05-08,12:39:13,2100,browser
SVP00546,SV100016,SVC0021,2023-05-08,12:40:13,2160,browser
SVP00547,SV100016,SVC0021,2023-05-08,12:41:13,2220,browser
SVP00548,SV100016,SVC0021,2023-05-08,12:42:13,2280,browser
SVP00549,SV100016,SVC0021,2023-05-08,12:43:13,2340,browser
SVP00550,SV100016,SVC0021,2023-05-08,12:44:13,2400,browser
SVP00551,SV100016,SVC0021,2023-05-08,12:45:13,2460,browser
SVP00552,SV100020,SVC0002,2023-01-01,10:34:06,0,stb
SVP00553,SV100020,SVC0002,2023-01-01,10:35:06,60,stb
SVP00554,SV100020,SVC0002,2023-01-01,10:36:06,120,stb
SVP00555,SV100020,SVC0002,2023-01-01,10:37:06,180,stb
SVP00556,SV100020,SVC0002,2023-01-01,10:38:06,240,stb
SVP00557,SV100020,SVC0002,2023-01-01,10:39:06,300,stb
SVP00558,SV100020,SVC0002,2023-01-01,10:40:06,360,stb
SVP00559,SV100020,SVC0002,2023-01-01,10:41:06,420,stb
SVP00560,SV100020,SVC0002,2023-01-01,10:42:06,480,stb
SVP00561,SV100020,SVC0002,2023-01-01,10:43:06,540,stb
SVP00562,SV100020,SVC0002,2023-01-01,10:44:06,600,stb
SVP00563,SV100020,SVC0002,2023-01-01,10:45:06,660,stb
SVP00564,SV100020,SVC0002,2023-01-01,10:46:06,720,stb
SVP00565,SV100020,SVC0002,2023-01-01,10:47:06,780,stb
SVP00566,SV100020,SVC0002,2023-01-01,10:48:06,840,stb
SVP00567,SV100020,SVC0002,2023-01-01,10:49:06,900,stb
SVP00568,SV100020,SVC0002,2023-01-01,10:50:06,960,stb
SVP00569,SV100020,SVC0002,2023-01-01,10:51:06,1020,stb
SVP00570,SV100020,SVC0002,2023-01-01,10:52:06,1080,stb
SVP00571,SV100020,SVC0002,2023-01-01,10:53:06,1140,stb
SVP00572,SV100020,SVC0002,2023-01-01,10:54:06,1200,stb
SVP00573,SV100020,SVC0002,2023-01-01,10:55:06,1260,stb
SVP00574,SV100020,SVC0002,2023-01-01,10:56:06,1320,stb
SVP00575,SV100020,SVC0002,2023-01-01,10:57:06,1380,stb
SVP00576,SV100020,SVC0002,2023-01-01,10:58:06,1440,stb
SVP00577,SV100020,SVC0002,2023-01-01,10:59:06,1500,stb
SVP00578,SV100020,SVC0002,2023-01-01,11:00:06,1560,stb
SVP00579,SV100020,SVC0002,2023-01-01,11:01:06,1620,stb
SVP00580,SV100003,SVC0007,2025-02-10,10:40:16,0,mob
SVP00581,SV100003,SVC0007,2025-02-10,10:41:16,60,mob
SVP00582,SV100003,SVC0007,2025-02-10,10:42:16,120,mob
SVP00583,SV100003,SVC0007,2025-02-10,10:43:16,180,mob
SVP00584,SV100003,SVC0007,2025-02-10,10:44:16,240,mob
SVP00585,SV100003,SVC0007,2025-02-10,10:45:16,300,mob
SVP00586,SV100003,SVC0007,2025-02-10,10:46:16,360,mob
SVP00587,SV100003,SVC0007,2025-02-10,10:47:16,420,mob
SVP00588,SV100003,SVC0007,2025-02-10,10:48:16,480,mob
SVP00589,SV100003,SVC0007,2025-02-10,10:49:16,540,mob
SVP00590,SV100003,SVC0007,2025-02-10,10:50:16,600,mob
SVP00591,SV100003,SVC0007,2025-02-10,10:51:16,660,mob
SVP00592,SV100003,SVC0007,2025-02-10,10:52:16,720,mob
SVP00593,SV100003,SVC0007,2025-02-10,10:53:16,780,mob
SVP00594,SV100003,SVC0007,2025-02-10,10:54:16,840,mob
SVP00595,SV100003,SVC0007,2025-02-10,10:55:16,900,mob
SVP00596,SV100003,SVC0007,2025-02-10,10:56:16,960,mob
SVP00597,SV100003,SVC0007,2025-02-10,10:57:16,1020,mob
SVP00598,SV100003,SVC0007,2025-02-10,10:58:16,1080,mob
SVP00599,SV100003,SVC0007,2025-02-10,10:59:16,1140,mob
SVP00600,SV100003,SVC0007,2025-02-10,11:00:16,1200,mob
SVP00601,SV100003,SVC0007,2025-02-10,11:01:16,1260,mob
SVP00602,SV100003,SVC0007,2025-02-10,11:02:16,1320,mob
SVP00603,SV100003,SVC0007,2025-02-10,11:03:16,1380,mob
SVP00604,SV100003,SVC0007,2025-02-10,11:04:16,1440,mob
SVP00605,SV100003,SVC0007,2025-02-10,11:05:16,1500,mob
SVP00606,SV100003,SVC0007,2025-02-10,11:06:16,1560,mob
SVP00607,SV100003,SVC0007,2025-02-10,11:07:16,1620,mob
SVP00608,SV100016,SVC0004,2025-09-27,20:30:30,0,stb
SVP00609,SV100016,SVC0004,2025-09-27,20:31:30,60,stb
SVP00610,SV100016,SVC0004,2025-09-27,20:32:30,120,stb
SVP00611,SV100016,SVC0004,2025-09-27,20:33:30,180,stb
SVP00612,SV100016,SVC0004,2025-09-27,20:34:30,240,stb
SVP00613,SV100016,SVC0004,2025-09-27,20:36:30,360,stb
SVP00614,SV100016,SVC0004,2025-09-27,20:37:30,420,stb
SVP00615,SV100016,SVC0004,2025-09-27,20:38:30,480,stb
SVP00616,SV100016,SVC0004,2025-09-27,20:39:30,540,stb
SVP00617,SV100016,SVC0004,2025-09-27,20:40:30,600,stb
SVP00618,SV100016,SVC0004,2025-09-27,20:41:30,660,stb
SVP00619,SV100016,SVC0004,2025-09-27,20:42:30,720,stb
SVP00620,SV100016,SVC0004,2025-09-27,20:43:30,780,stb
SVP00621,SV100016,SVC0004,2025-09-27,20:44:30,840,stb
SVP00622,SV100016,SVC0004,2025-09-27,20:45:30,900,stb
SVP00623,SV100016,SVC0004,2025-09-27,20:46:30,960,stb
SVP00624,SV100016,SVC0004,2025-09-27,20:47:30,1020,stb
SVP00625,SV100016,SVC0004,2025-09-27,20:48:30,1080,stb
SVP00626,SV100016,SVC0004,2025-09-27,20:49:30,1140,stb
SVP00627,SV100016,SVC0004,2025-09-27,20:50:30,1200,stb
SVP00628,SV100016,SVC0004,2025-09-27,20:51:30,1260,stb
SVP00629,SV100024,SVC0011,2025-09-08,11:33:01,0,stb
SVP00630,SV100024,SVC0011,2025-09-08,11:34:01,60,stb
SVP00631,SV100024,SVC0011,2025-09-08,11:35:01,120,stb
SVP00632,SV100024,SVC0011,2025-09-08,11:36:01,180,stb
SVP00633,SV100024,SVC0011,2025-09-08,11:37:01,240,stb
SVP00634,SV100024,SVC0011,2025-09-08,11:38:01,300,stb
SVP00635,SV100024,SVC0011,2025-09-08,11:39:01,360,stb
SVP00636,SV100024,SVC0011,2025-09-08,11:40:01,420,stb
SVP00637,SV100024,SVC0011,2025-09-08,11:41:01,480,stb
SVP00638,SV100024,SVC0011,2025-09-08,11:42:01,540,stb
SVP00639,SV100024,SVC0011,2025-09-08,11:43:01,600,stb
SVP00640,SV100024,SVC0011,2025-09-08,11:44:01,660,stb
SVP00641,SV100024,SVC0011,2025-09-08,11:45:01,720,stb
SVP00642,SV100024,SVC0011,2025-09-08,11:46:01,780,stb
SVP00643,SV100024,SVC0011,2025-09-08,11:47:01,840,stb
SVP00644,SV100024,SVC0011,2025-09-08,11:48:01,900,stb
SVP00645,SV100024,SVC0011,2025-09-08,11:49:01,960,stb
SVP00646,SV100024,SVC0011,2025-09-08,11:50:01,1020,stb
SVP00647,SV100017,SVC0012,2023-02-25,22:19:41,0,stb
SVP00648,SV100017,SVC0012,2023-02-25,22:20:41,60,stb
SVP00649,SV100017,SVC0012,2023-02-25,22:21:41,120,stb
SVP00650,SV100017,SVC0012,2023-02-25,22:22:41,180,stb
SVP00651,SV100017,SVC0012,2023-02-25,22:23:41,240,stb
SVP00652,SV100017,SVC0012,2023-02-25,22:24:41,300,stb
SVP00653,SV100017,SVC0012,2023-02-25,22:25:41,360,stb
SVP00654,SV100017,SVC0012,2023-02-25,22:26:41,420,stb
SVP00655,SV100009,SVC0017,2023-12-09,17:49:14,0,browser
SVP00656,SV100009,SVC0017,2023-12-09,17:50:14,60,browser
SVP00657,SV100009,SVC0017,2023-12-09,17:51:14,120,browser
SVP00658,SV100009,SVC0017,2023-12-09,17:52:14,180,browser
SVP00659,SV100009,SVC0017,2023-12-09,17:53:14,240,browser
SVP00660,SV100009,SVC0017,2023-12-09,17:54:14,300,browser
SVP00661,SV100009,SVC0017,2023-12-09,17:55:14,360,browser
SVP00662,SV100009,SVC0017,2023-12-09,17:56:14,420,browser
SVP00663,SV100009,SVC0017,2023-12-09,17:57:14,480,browser
SVP00664,SV100009,SVC0017,2023-12-09,17:58:14,540,browser
SVP00665,SV100009,SVC0017,2023-12-09,17:59:14,600,browser
SVP00666,SV100009,SVC0017,2023-12-09,18:00:14,660,browser
SVP00667,SV100009,SVC0017,2023-12-09,18:01:14,720,browser
SVP00668,SV100009,SVC0017,2023-12-09,18:02:14,780,browser
SVP00669,SV100009,SVC0017,2023-12-09,18:03:14,840,browser
SVP00670,SV100009,SVC0017,2023-12-09,18:04:14,900,browser
SVP00671,SV100009,SVC0017,2023-12-09,18:05:14,960,browser
SVP00672,SV100009,SVC0017,2023-12-09,18:06:14,1020,browser
SVP00673,SV100009,SVC0017,2023-12-09,18:07:14,1080,browser
SVP00674,SV100009,SVC0017,2023-12-09,18:08:14,1140,browser
SVP00675,SV100009,SVC0017,2023-12-09,18:09:14,1200,browser
SVP00676,SV100009,SVC0017,2023-12-09,18:10:14,1260,browser
SVP00677,SV100009,SVC0017,2023-12-09,18:11:14,1320,browser
SVP00678,SV100009,SVC0017,2023-12-09,18:12:14,1380,browser
SVP00679,SV100009,SVC0017,2023-12-09,18:13:14,1440,browser
SVP00680,SV100009,SVC0017,2023-12-09,18:14:14,1500,browser
SVP00681,SV100009,SVC0017,2023-12-09,18:15:14,1560,browser
SVP00682,SV100009,SVC0017,2023-12-09,18:16:14,1620,browser
SVP00683,SV100009,SVC0017,2023-12-09,18:17:14,1680,browser
SVP00684,SV100009,SVC0017,2023-12-09,18:18:14,1740,browser
SVP00685,SV100009,SVC0017,2023-12-09,18:19:14,1800,browser
SVP00686,SV100009,SVC0017,2023-12-09,18:20:14,1860,browser
SVP00687,SV100009,SVC0017,2023-12-09,18:21:14,1920,browser
SVP00688,SV100009,SVC0017,2023-12-09,18:22:14,1980,browser
SVP00689,SV100009,SVC0017,2023-12-09,18:23:14,2040,browser
SVP00690,SV100009,SVC0017,2023-12-09,18:24:14,2100,browser
SVP00691,SV100009,SVC0017,2023-12-09,18:25:14,2160,browser
SVP00692,SV100009,SVC0017,2023-12-09,18:26:14,2220,browser
SVP00693,SV100009,SVC0017,2023-12-09,18:27:14,2280,browser
SVP00694,SV100009,SVC0017,2023-12-09,18:28:14,2340,browser
SVP00695,SV100009,SVC0017,2023-12-09,18:29:14,2400,browser
SVP00696,SV100009,SVC0017,2023-12-09,18:30:14,2460,browser
SVP00697,SV100009,SVC0017,2023-12-09,18:31:14,2520,browser
SVP00698,SV100009,SVC0017,2023-12-09,18:32:14,2580,browser
SVP00699,SV100009,SVC0017,2023-12-09,18:33:14,2640,browser
SVP00700,SV100009,SVC0017,2023-12-09,18:34:14,2700,browser
SVP00701,SV100009,SVC0017,2023-12-09,18:35:14,2760,browser
SVP00702,SV100009,SVC0017,2023-12-09,18:36:14,2820,browser
SVP00703,SV100009,SVC0017,2023-12-09,18:37:14,2880,browser
SVP00704,SV100009,SVC0017,2023-12-09,18:38:14,2940,browser
SVP00705,SV100017,SVC0011,2024-04-02,12:51:15,0,tab
SVP00706,SV100017,SVC0011,2024-04-02,12:52:15,60,tab
SVP00707,SV100017,SVC0011,2024-04-02,12:53:15,120,tab
SVP00708,SV100017,SVC0011,2024-04-02,12:54:15,180,tab
SVP00709,SV100017,SVC0011,2024-04-02,12:55:15,240,tab
SVP00710,SV100017,SVC0011,2024-04-02,12:56:15,300,tab
SVP00711,SV100017,SVC0011,2024-04-02,12:57:15,360,tab
SVP00712,SV100017,SVC0011,2024-04-02,12:58:15,420,tab
SVP00713,SV100017,SVC0011,2024-04-02,12:59:15,480,tab
SVP00714,SV100017,SVC0011,2024-04-02,13:00:15,540,tab
SVP00715,SV100017,SVC0011,2024-04-02,13:01:15,600,tab
SVP00716,SV100017,SVC0011,2024-04-02,13:02:15,660,tab
SVP00717,SV100017,SVC0011,2024-04-02,13:03:15,720,tab
SVP00718,SV100017,SVC0011,2024-04-02,13:04:15,780,tab
SVP00719,SV100017,SVC0011,2024-04-02,13:05:15,840,tab
SVP00720,SV100017,SVC0011,2024-04-02,13:06:15,900,tab
SVP00721,SV100017,SVC0011,2024-04-02,13:07:15,960,tab
SVP00722,SV100017,SVC0011,2024-04-02,13:08:15,1020,tab
SVP00723,SV100017,SVC0011,2024-04-02,13:09:15,1080,tab
SVP00724,SV100017,SVC0011,2024-04-02,13:10:15,1140,tab
SVP00725,SV100017,SVC0011,2024-04-02,13:11:15,1200,tab
SVP00726,SV100017,SVC0011,2024-04-02,13:12:15,1260,tab
SVP00727,SV100017,SVC0011,2024-04-02,13:13:15,1320,tab
SVP00728,SV100017,SVC0011,2024-04-02,13:14:15,1380,tab
SVP00729,SV100017,SVC0011,2024-04-02,13:15:15,1440,tab
SVP00730,SV100017,SVC0011,2024-04-02,13:16:15,1500,tab
SVP00731,SV100017,SVC0011,2024-04-02,13:17:15,1560,tab
SVP00732,SV100017,SVC0011,2024-04-02,13:18:15,1620,tab
SVP00733,SV100017,SVC0011,2024-04-02,13:19:15,1680,tab
SVP00734,SV100017,SVC0011,2024-04-02,13:20:15,1740,tab
SVP00735,SV100017,SVC0011,2024-04-02,13:21:15,1800,tab
SVP00736,SV100017,SVC0011,2024-04-02,13:22:15,1860,tab
SVP00737,SV100017,SVC0011,2024-04-02,13:23:15,1920,tab
SVP00738,SV100017,SVC0011,2024-04-02,13:24:15,1980,tab
SVP00739,SV100017,SVC0011,2024-04-02,13:25:15,2040,tab
SVP00740,SV100008,SVC0007,2025-10-07,17:46:01,0,browser
SVP00741,SV100008,SVC0007,2025-10-07,17:47:01,60,browser
SVP00742,SV100008,SVC0007,2025-10-07,17:48:01,120,browser
SVP00743,SV100008,SVC0007,2025-10-07,17:49:01,180,browser
SVP00744,SV100008,SVC0007,2025-10-07,17:50:01,240,browser
SVP00745,SV100009,SVC0016,2024-02-01,17:28:51,0,stb
SVP00746,SV100009,SVC0016,2024-02-01,17:29:51,60,stb
SVP00747,SV100009,SVC0016,2024-02-01,17:30:51,120,stb
SVP00748,SV100009,SVC0016,2024-02-01,17:31:51,180,stb
SVP00749,SV100009,SVC0016,2024-02-01,17:32:51,240,stb
SVP00750,SV100009,SVC0016,2024-02-01,17:33:51,300,stb
SVP00751,SV100009,SVC0016,2024-02-01,17:34:51,360,stb
SVP00752,SV100009,SVC0016,2024-02-01,17:35:51,420,stb
SVP00753,SV100009,SVC0016,2024-02-01,17:36:51,480,stb
SVP00754,SV100009,SVC0016,2024-02-01,17:37:51,540,stb
SVP00755,SV100009,SVC0016,2024-02-01,17:38:51,600,stb
SVP00756,SV100009,SVC0016,2024-02-01,17:39:51,660,stb
SVP00757,SV100009,SVC0016,2024-02-01,17:40:51,720,stb
SVP00758,SV100009,SVC0016,2024-02-01,17:41:51,780,stb
SVP00759,SV100009,SVC0016,2024-02-01,17:42:51,840,stb
SVP00760,SV100009,SVC0016,2024-02-01,17:43:51,900,stb
SVP00761,SV100009,SVC0016,2024-02-01,17:44:51,960,stb
SVP00762,SV100009,SVC0016,2024-02-01,17:45:51,1020,stb
SVP00763,SV100009,SVC0016,2024-02-01,17:46:51,1080,stb
SVP00764,SV100009,SVC0016,2024-02-01,17:47:51,1140,stb
SVP00765,SV100009,SVC0016,2024-02-01,17:48:51,1200,stb
SVP00766,SV100009,SVC0016,2024-02-01,17:49:51,1260,stb
SVP00767,SV100009,SVC0016,2024-02-01,17:50:51,1320,stb
SVP00768,SV100009,SVC0016,2024-02-01,17:51:51,1380,stb
SVP00769,SV100009,SVC0016,2024-02-01,17:52:51,1440,stb
SVP00770,SV100009,SVC0016,2024-02-01,17:53:51,1500,stb
SVP00771,SV100009,SVC0016,2024-02-01,17:54:51,1560,stb
SVP00772,SV100009,SVC0016,2024-02-01,17:55:51,1620,stb
SVP00773,SV100009,SVC0016,2024-02-01,17:56:51,1680,stb
SVP00774,SV100009,SVC0016,2024-02-01,17:57:51,1740,stb
SVP00775,SV100009,SVC0016,2024-02-01,17:58:51,1800,stb
SVP00776,SV100009,SVC0016,2024-02-01,17:59:51,1860,stb
SVP00777,SV100009,SVC0016,2024-02-01,18:00:51,1920,stb
SVP00778,SV100009,SVC0016,2024-02-01,18:01:51,1980,stb
SVP00779,SV100009,SVC0016,2024-02-01,18:02:51,2040,stb
SVP00780,SV100009,SVC0016,2024-02-01,18:03:51,2100,stb
SVP00781,SV100009,SVC0016,2024-02-01,18:04:51,2160,stb
SVP00782,SV100009,SVC0016,2024-02-01,18:05:51,2220,stb
SVP00783,SV100009,SVC0016,2024-02-01,18:06:51,2280,stb
SVP00784,SV100009,SVC0016,2024-02-01,18:07:51,2340,stb
SVP00785,SV100009,SVC0016,2024-02-01,18:08:51,2400,stb
SVP00786,SV100009,SVC0016,2024-02-01,18:09:51,2460,stb
SVP00787,SV100009,SVC0016,2024-02-01,18:10:51,2520,stb
SVP00788,SV100009,SVC0016,2024-02-01,18:11:51,2580,stb
SVP00789,SV100009,SVC0016,2024-02-01,18:12:51,2640,stb
SVP00790,SV100009,SVC0016,2024-02-01,18:13:51,2700,stb
SVP00791,SV100009,SVC0016,2024-02-01,18:14:51,2760,stb
SVP00792,SV100009,SVC0016,2024-02-01,18:15:51,2820,stb
SVP00793,SV100009,SVC0016,2024-02-01,18:16:51,2880,stb
SVP00794,SV100009,SVC0016,2024-02-01,18:17:51,2940,stb
SVP00795,SV100009,SVC0016,2024-02-01,18:18:51,3000,stb
SVP00796,SV100009,SVC0016,2024-02-01,18:19:51,3060,stb
SVP00797,SV100009,SVC0016,2024-02-01,18:20:51,3120,stb
SVP00798,SV100009,SVC0016,2024-02-01,18:21:51,3180,stb
SVP00799,SV100009,SVC0016,2024-02-01,18:22:51,3240,stb
SVP00800,SV100009,SVC0016,2024-02-01,18:23:51,3300,stb
SVP00801,SV100009,SVC0016,2024-02-01,18:24:51,3360,stb
SVP00802,SV100009,SVC0016,2024-02-01,18:25:51,3420,stb
SVP00803,SV100009,SVC0016,2024-02-01,18:26:51,3480,stb
SVP00804,SV100009,SVC0016,2024-02-01,18:27:51,3540,stb
SVP00805,SV100009,SVC0016,2024-02-01,18:28:51,3600,stb
SVP00806,SV100009,SVC0016,2024-02-01,18:29:51,3660,stb
SVP00807,SV100009,SVC0016,2024-02-01,18:30:51,3720,stb
SVP00808,SV100009,SVC0016,2024-02-01,18:31:51,3780,stb
SVP00809,SV100009,SVC0016,2024-02-01,18:32:51,3840,stb
SVP00810,SV100009,SVC0016,2024-02-01,18:33:51,3900,stb
SVP00811,SV100009,SVC0016,2024-02-01,18:34:51,3960,stb
SVP00812,SV100009,SVC0016,2024-02-01,18:35:51,4020,stb
SVP00813,SV100009,SVC0016,2024-02-01,18:36:51,4080,stb
SVP00814,SV100009,SVC0016,2024-02-01,18:37:51,4140,stb
SVP00815,SV100009,SVC0016,2024-02-01,18:38:51,4200,stb
SVP00816,SV100009,SVC0016,2024-02-01,18:39:51,4260,stb
SVP00817,SV100009,SVC0016,2024-02-01,18:40:51,4320,stb
SVP00818,SV100009,SVC0016,2024-02-01,18:41:51,4380,stb
SVP00819,SV100009,SVC0016,2024-02-01,18:42:51,4440,stb
SVP00820,SV100009,SVC0016,2024-02-01,18:43:51,4500,stb
SVP00821,SV100009,SVC0016,2024-02-01,18:44:51,4560,stb
SVP00822,SV100009,SVC0016,2024-02-01,18:45:51,4620,stb
SVP00823,SV100009,SVC0016,2024-02-01,18:46:51,4680,stb
SVP00824,SV100009,SVC0016,2024-02-01,18:47:51,4740,stb
SVP00825,SV100009,SVC0016,2024-02-01,18:48:51,4800,stb
SVP00826,SV100009,SVC0016,2024-02-01,18:49:51,4860,stb
SVP00827,SV100009,SVC0016,2024-02-01,18:50:51,4920,stb
SVP00828,SV100009,SVC0016,2024-02-01,18:51:51,4980,stb
SVP00829,SV100009,SVC0016,2024-02-01,18:52:51,5040,stb
SVP00830,SV100009,SVC0016,2024-02-01,18:53:51,5100,stb
SVP00831,SV100009,SVC0016,2024-02-01,18:54:51,5160,stb
SVP00832,SV100009,SVC0016,2024-02-01,18:55:51,5220,stb
SVP00833,SV100009,SVC0016,2024-02-01,18:56:51,5280,stb
SVP00834,SV100009,SVC0016,2024-02-01,18:57:51,5340,stb
SVP00835,SV100012,SVC0003,2023-07-29,13:30:12,0,stb
SVP00836,SV100012,SVC0003,2023-07-29,13:31:12,60,stb
SVP00837,SV100012,SVC0003,2023-07-29,13:32:12,120,stb
SVP00838,SV100012,SVC0003,2023-07-29,13:33:12,180,stb
SVP00839,SV100012,SVC0003,2023-07-29,13:34:12,240,stb
SVP00840,SV100012,SVC0003,2023-07-29,13:35:12,300,stb
SVP00841,SV100012,SVC0003,2023-07-29,13:36:12,360,stb
SVP00842,SV100012,SVC0003,2023-07-29,13:37:12,420,stb
SVP00843,SV100012,SVC0003,2023-07-29,13:38:12,480,stb
SVP00844,SV100012,SVC0003,2023-07-29,13:39:12,540,stb
SVP00845,SV100012,SVC0003,2023-07-29,13:40:12,600,stb
SVP00846,SV100012,SVC0003,2023-07-29,13:41:12,660,stb
SVP00847,SV100012,SVC0003,2023-07-29,13:42:12,720,stb
SVP00848,SV100012,SVC0003,2023-07-29,13:43:12,780,stb
SVP00849,SV100012,SVC0003,2023-07-29,13:44:12,840,stb
SVP00850,SV100012,SVC0003,2023-07-29,13:45:12,900,stb
SVP00851,SV100012,SVC0003,2023-07-29,13:46:12,960,stb
SVP00852,SV100012,SVC0003,2023-07-29,13:47:12,1020,stb
SVP00853,SV100012,SVC0003,2023-07-29,13:48:12,1080,stb
SVP00854,SV100012,SVC0003,2023-07-29,13:49:12,1140,stb
SVP00855,SV100012,SVC0003,2023-07-29,13:50:12,1200,stb
SVP00856,SV100012,SVC0003,2023-07-29,13:52:12,1320,stb
SVP00857,SV100012,SVC0003,2023-07-29,13:53:12,1380,stb
SVP00858,SV100012,SVC0003,2023-07-29,13:54:12,1440,stb
SVP00859,SV100012,SVC0003,2023-07-29,13:55:12,1500,stb
SVP00860,SV100012,SVC0003,2023-07-29,13:56:12,1560,stb
SVP00861,SV100012,SVC0003,2023-07-29,13:57:12,1620,stb
SVP00862,SV100020,SVC0001,2024-12-06,08:53:42,0,browser
SVP00863,SV100020,SVC0001,2024-12-06,08:54:42,60,browser
SVP00864,SV100020,SVC0001,2024-12-06,08:55:42,120,browser
SVP00865,SV100020,SVC0001,2024-12-06,08:56:42,180,browser
SVP00866,SV100020,SVC0001,2024-12-06,08:57:42,240,browser
SVP00867,SV100020,SVC0001,2024-12-06,08:58:42,300,browser
SVP00868,SV100020,SVC0001,2024-12-06,08:59:42,360,browser
SVP00869,SV100020,SVC0001,2024-12-06,09:00:42,420,browser
SVP00870,SV100023,SVC0025,2025-09-07,11:27:50,0,stb
SVP00871,SV100023,SVC0025,2025-09-07,11:28:50,60,stb
SVP00872,SV100023,SVC0025,2025-09-07,11:29:50,120,stb
SVP00873,SV100023,SVC0025,2025-09-07,11:30:50,180,stb
SVP00874,SV100023,SVC0025,2025-09-07,11:31:50,240,stb
SVP00875,SV100023,SVC0025,2025-09-07,11:32:50,300,stb
SVP00876,SV100023,SVC0025,2025-09-07,11:33:50,360,stb
SVP00877,SV100023,SVC0025,2025-09-07,11:34:50,420,stb
SVP00878,SV100023,SVC0025,2025-09-07,11:35:50,480,stb
SVP00879,SV100023,SVC0025,2025-09-07,11:36:50,540,stb
SVP00880,SV100023,SVC0025,2025-09-07,11:37:50,600,stb
SVP00881,SV100023,SVC0025,2025-09-07,11:38:50,660,stb
SVP00882,SV100023,SVC0025,2025-09-07,11:39:50,720,stb
SVP00883,SV100023,SVC0025,2025-09-07,11:40:50,780,stb
SVP00884,SV100023,SVC0025,2025-09-07,11:41:50,840,stb
SVP00885,SV100023,SVC0025,2025-09-07,11:42:50,900,stb
SVP00886,SV100023,SVC0025,2025-09-07,11:43:50,960,stb
SVP00887,SV100023,SVC0025,2025-09-07,11:44:50,1020,stb
SVP00888,SV100023,SVC0025,2025-09-07,11:45:50,1080,stb
SVP00889,SV100023,SVC0025,2025-09-07,11:46:50,1140,stb
SVP00890,SV100023,SVC0025,2025-09-07,11:47:50,1200,stb
SVP00891,SV100023,SVC0025,2025-09-07,11:48:50,1260,stb
SVP00892,SV100023,SVC0025,2025-09-07,11:49:50,1320,stb
SVP00893,SV100023,SVC0025,2025-09-07,11:50:50,1380,stb
SVP00894,SV100023,SVC0025,2025-09-07,11:51:50,1440,stb
SVP00895,SV100023,SVC0025,2025-09-07,11:52:50,1500,stb
SVP00896,SV100023,SVC0025,2025-09-07,11:53:50,1560,stb
SVP00897,SV100023,SVC0025,2025-09-07,11:54:50,1620,stb
SVP00898,SV100023,SVC0025,2025-09-07,11:55:50,1680,stb
SVP00899,SV100023,SVC0025,2025-09-07,11:56:50,1740,stb
SVP00900,SV100023,SVC0025,2025-09-07,11:57:50,1800,stb
SVP00901,SV100023,SVC0025,2025-09-07,11:58:50,1860,stb
SVP00902,SV100023,SVC0025,2025-09-07,11:59:50,1920,stb
SVP00903,SV100023,SVC0025,2025-09-07,12:00:50,1980,stb
SVP00904,SV100023,SVC0025,2025-09-07,12:01:50,2040,stb
SVP00905,SV100023,SVC0025,2025-09-07,12:02:50,2100,stb
SVP00906,SV100023,SVC0025,2025-09-07,12:03:50,2160,stb
SVP00907,SV100023,SVC0025,2025-09-07,12:04:50,2220,stb
SVP00908,SV100023,SVC0025,2025-09-07,12:05:50,2280,stb
SVP00909,SV100023,SVC0025,2025-09-07,12:06:50,2340,stb
SVP00910,SV100023,SVC0025,2025-09-07,12:07:50,2400,stb
SVP00911,SV100023,SVC0025,2025-09-07,12:08:50,2460,stb
SVP00912,SV100023,SVC0025,2025-09-07,12:09:50,2520,stb
SVP00913,SV100023,SVC0025,2025-09-07,12:10:50,2580,stb
SVP00914,SV100023,SVC0025,2025-09-07,12:11:50,2640,stb
SVP00915,SV100023,SVC0025,2025-09-07,12:12:50,2700,stb
SVP00916,SV100023,SVC0025,2025-09-07,12:13:50,2760,stb
SVP00917,SV100023,SVC0025,2025-09-07,12:14:50,2820,stb
SVP00918,SV100023,SVC0025,2025-09-07,12:15:50,2880,stb
SVP00919,SV100023,SVC0025,2025-09-07,12:16:50,2940,stb
SVP00920,SV100023,SVC0025,2025-09-07,12:17:50,3000,stb
SVP00921,SV100023,SVC0025,2025-09-07,12:18:50,3060,stb
SVP00922,SV100023,SVC0025,2025-09-07,12:19:50,3120,stb
SVP00923,SV100023,SVC0025,2025-09-07,12:20:50,3180,stb
SVP00924,SV100023,SVC0025,2025-09-07,12:21:50,3240,stb
SVP00925,SV100023,SVC0025,2025-09-07,12:22:50,3300,stb
SVP00926,SV100023,SVC0025,2025-09-07,12:23:50,3360,stb
SVP00927,SV100023,SVC0025,2025-09-07,12:24:50,3420,stb
SVP00928,SV100023,SVC0025,2025-09-07,12:25:50,3480,stb
SVP00929,SV100023,SVC0025,2025-09-07,12:26:50,3540,stb
SVP00930,SV100023,SVC0025,2025-09-07,12:27:50,3600,stb
SVP00931,SV100023,SVC0025,2025-09-07,12:28:50,3660,stb
SVP00932,SV100023,SVC0025,2025-09-07,12:29:50,3720,stb
SVP00933,SV100023,SVC0025,2025-09-07,12:30:50,3780,stb
SVP00934,SV100023,SVC0025,2025-09-07,12:31:50,3840,stb
SVP00935,SV100023,SVC0025,2025-09-07,12:32:50,3900,stb
SVP00936,SV100023,SVC0025,2025-09-07,12:33:50,3960,stb
SVP00937,SV100023,SVC0025,2025-09-07,12:34:50,4020,stb
SVP00938,SV100023,SVC0025,2025-09-07,12:35:50,4080,stb
SVP00939,SV100023,SVC0025,2025-09-07,12:36:50,4140,stb
SVP00940,SV100023,SVC0025,2025-09-07,12:37:50,4200,stb
SVP00941,SV100023,SVC0025,2025-09-07,12:38:50,4260,stb
SVP00942,SV100023,SVC0025,2025-09-07,12:39:50,4320,stb
SVP00943,SV100023,SVC0025,2025-09-07,12:40:50,4380,stb
SVP00944,SV100023,SVC0025,2025-09-07,12:41:50,4440,stb
SVP00945,SV100024,SVC0013,2025-04-03,08:46:10,0,browser
SVP00946,SV100024,SVC0013,2025-04-03,08:47:10,60,browser
SVP00947,SV100024,SVC0013,2025-04-03,08:48:10,120,browser
SVP00948,SV100024,SVC0013,2025-04-03,08:49:10,180,browser
SVP00949,SV100024,SVC0013,2025-04-03,08:50:10,240,browser
SVP00950,SV100024,SVC0013,2025-04-03,08:51:10,300,browser
SVP00951,SV100024,SVC0013,2025-04-03,08:52:10,360,browser
SVP00952,SV100024,SVC0013,2025-04-03,08:53:10,420,browser
SVP00953,SV100024,SVC0013,2025-04-03,08:54:10,480,browser
SVP00954,SV100024,SVC0013,2025-04-03,08:55:10,540,browser
SVP00955,SV100024,SVC0013,2025-04-03,08:56:10,600,browser
SVP00956,SV100024,SVC0013,2025-04-03,08:57:10,660,browser
SVP00957,SV100001,SVC0005,2025-08-12,10:39:52,0,mob
SVP00958,SV100001,SVC0005,2025-08-12,10:40:52,60,mob
SVP00959,SV100001,SVC0005,2025-08-12,10:41:52,120,mob
SVP00960,SV100001,SVC0005,2025-08-12,10:42:52,180,mob
SVP00961,SV100001,SVC0005,2025-08-12,10:43:52,240,mob
SVP00962,SV100001,SVC0005,2025-08-12,10:44:52,300,mob
SVP00963,SV100001,SVC0005,2025-08-12,10:45:52,360,mob
SVP00964,SV100001,SVC0005,2025-08-12,10:46:52,420,mob
SVP00965,SV100001,SVC0005,2025-08-12,10:47:52,480,mob
SVP00966,SV100001,SVC0005,2025-08-12,10:48:52,540,mob
SVP00967,SV100001,SVC0005,2025-08-12,10:49:52,600,mob
SVP00968,SV100001,SVC0005,2025-08-12,10:50:52,660,mob
SVP00969,SV100001,SVC0005,2025-08-12,10:51:52,720,mob
SVP00970,SV100001,SVC0005,2025-08-12,10:52:52,780,mob
SVP00971,SV100001,SVC0005,2025-08-12,10:53:52,840,mob
SVP00972,SV100001,SVC0005,2025-08-12,10:54:52,900,mob
SVP00973,SV100001,SVC0005,2025-08-12,10:55:52,960,mob
SVP00974,SV100001,SVC0005,2025-08-12,10:56:52,1020,mob
SVP00975,SV100001,SVC0005,2025-08-12,10:57:52,1080,mob
SVP00976,SV100001,SVC0005,2025-08-12,10:58:52,1140,mob
SVP00977,SV100001,SVC0005,2025-08-12,10:59:52,1200,mob
SVP00978,SV100001,SVC0005,2025-08-12,11:00:52,1260,mob
SVP00979,SV100001,SVC0005,2025-08-12,11:01:52,1320,mob
SVP00980,SV100001,SVC0005,2025-08-12,11:02:52,1380,mob
SVP00981,SV100001,SVC0005,2025-08-12,11:03:52,1440,mob
SVP00982,SV100001,SVC0005,2025-08-12,11:04:52,1500,mob
SVP00983,SV100001,SVC0005,2025-08-12,11:05:52,1560,mob
SVP00984,SV100001,SVC0005,2025-08-12,11:06:52,1620,mob
SVP00985,SV100001,SVC0005,2025-08-12,11:07:52,1680,mob
SVP00986,SV100001,SVC0005,2025-08-12,11:08:52,1740,mob
SVP00987,SV100001,SVC0005,2025-08-12,11:09:52,1800,mob
SVP00988,SV100001,SVC0005,2025-08-12,11:10:52,1860,mob
SVP00989,SV100001,SVC0005,2025-08-12,11:11:52,1920,mob
SVP00990,SV100001,SVC0005,2025-08-12,11:12:52,1980,mob
SVP00991,SV100001,SVC0005,2025-08-12,11:13:52,2040,mob
SVP00992,SV100001,SVC0005,2025-08-12,11:14:52,2100,mob
SVP00993,SV100001,SVC0005,2025-08-12,11:15:52,2160,mob
SVP00994,SV100001,SVC0005,2025-08-12,11:16:52,2220,mob
SVP00995,SV100001,SVC0005,2025-08-12,11:17:52,2280,mob
SVP00996,SV100001,SVC0005,2025-08-12,11:18:52,2340,mob
SVP00997,SV100001,SVC0005,2025-08-12,11:19:52,2400,mob
SVP00998,SV100001,SVC0005,2025-08-12,11:20:52,2460,mob
SVP00999,SV100001,SVC0005,2025-08-12,11:21:52,2520,mob
SVP01000,SV100001,SVC0005,2025-08-12,11:22:52,2580,mob
SVP01001,SV100001,SVC0005,2025-08-12,11:23:52,2640,mob
SVP01002,SV100001,SVC0005,2025-08-12,11:24:52,2700,mob
SVP01003,SV100001,SVC0005,2025-08-12,11:25:52,2760,mob
SVP01004,SV100001,SVC0005,2025-08-12,11:26:52,2820,mob
SVP01005,SV100001,SVC0005,2025-08-12,11:27:52,2880,mob
SVP01006,SV100001,SVC0005,2025-08-12,11:28:52,2940,mob
SVP01007,SV100001,SVC0005,2025-08-12,11:29:52,3000,mob
SVP01008,SV100001,SVC0005,2025-08-12,11:30:52,3060,mob
SVP01009,SV100001,SVC0005,2025-08-12,11:31:52,3120,mob
SVP01010,SV100001,SVC0005,2025-08-12,11:32:52,3180,mob
SVP01011,SV100001,SVC0005,2025-08-12,11:33:52,3240,mob
SVP01012,SV100001,SVC0005,2025-08-12,11:34:52,3300,mob
SVP01013,SV100001,SVC0005,2025-08-12,11:35:52,3360,mob
SVP01014,SV100001,SVC0005,2025-08-12,11:36:52,3420,mob
SVP01015,SV100001,SVC0005,2025-08-12,11:37:52,3480,mob
SVP01016,SV100001,SVC0005,2025-08-12,11:38:52,3540,mob
SVP01017,SV100022,SVC0012,2023-09-26,06:00:51,0,stb
SVP01018,SV100022,SVC0012,2023-09-26,06:01:51,60,stb
SVP01019,SV100022,SVC0012,2023-09-26,06:02:51,120,stb
SVP01020,SV100022,SVC0012,2023-09-26,06:03:51,180,stb
SVP01021,SV100022,SVC0012,2023-09-26,06:04:51,240,stb
SVP01022,SV100022,SVC0012,2023-09-26,06:05:51,300,stb
SVP01023,SV100022,SVC0012,2023-09-26,06:06:51,360,stb
SVP01024,SV100022,SVC0012,2023-09-26,06:07:51,420,stb
SVP01025,SV100022,SVC0012,2023-09-26,06:08:51,480,stb
SVP01026,SV100022,SVC0012,2023-09-26,06:09:51,540,stb
SVP01027,SV100022,SVC0012,2023-09-26,06:10:51,600,stb
SVP01028,SV100022,SVC0012,2023-09-26,06:11:51,660,stb
SVP01029,SV100022,SVC0012,2023-09-26,06:12:51,720,stb
SVP01030,SV100022,SVC0012,2023-09-26,06:13:51,780,stb
SVP01031,SV100022,SVC0012,2023-09-26,06:14:51,840,stb
SVP01032,SV100022,SVC0012,2023-09-26,06:15:51,900,stb
SVP01033,SV100022,SVC0012,2023-09-26,06:16:51,960,stb
SVP01034,SV100022,SVC0012,2023-09-26,06:17:51,1020,stb
SVP01035,SV100022,SVC0012,2023-09-26,06:18:51,1080,stb
SVP01036,SV100022,SVC0012,2023-09-26,06:19:51,1140,stb
SVP01037,SV100022,SVC0012,2023-09-26,06:20:51,1200,stb
SVP01038,SV100022,SVC0012,2023-09-26,06:21:51,1260,stb
SVP01039,SV100022,SVC0012,2023-09-26,06:22:51,1320,stb
SVP01040,SV100022,SVC0012,2023-09-26,06:23:51,1380,stb
SVP01041,SV100022,SVC0012,2023-09-26,06:24:51,1440,stb
SVP01042,SV100022,SVC0012,2023-09-26,06:25:51,1500,stb
SVP01043,SV100022,SVC0012,2023-09-26,06:26:51,1560,stb
SVP01044,SV100022,SVC0012,2023-09-26,06:27:51,1620,stb
SVP01045,SV100022,SVC0012,2023-09-26,06:28:51,1680,stb
SVP01046,SV100022,SVC0012,2023-09-26,06:29:51,1740,stb
SVP01047,SV100022,SVC0012,2023-09-26,06:30:51,1800,stb
SVP01048,SV100022,SVC0012,2023-09-26,06:31:51,1860,stb
SVP01049,SV100022,SVC0012,2023-09-26,06:32:51,1920,stb
SVP01050,SV100022,SVC0012,2023-09-26,06:33:51,1980,stb
SVP01051,SV100022,SVC0012,2023-09-26,06:34:51,2040,stb
SVP01052,SV100022,SVC0012,2023-09-26,06:35:51,2100,stb
SVP01053,SV100022,SVC0012,2023-09-26,06:36:51,2160,stb
SVP01054,SV100022,SVC0012,2023-09-26,06:37:51,2220,stb
SVP01055,SV100022,SVC0012,2023-09-26,06:38:51,2280,stb
SVP01056,SV100022,SVC0012,2023-09-26,06:39:51,2340,stb
SVP01057,SV100022,SVC0012,2023-09-26,06:40:51,2400,stb
SVP01058,SV100022,SVC0012,2023-09-26,06:41:51,2460,stb
SVP01059,SV100022,SVC0012,2023-09-26,06:42:51,2520,stb
SVP01060,SV100022,SVC0012,2023-09-26,06:43:51,2580,stb
SVP01061,SV100022,SVC0012,2023-09-26,06:44:51,2640,stb
SVP01062,SV100022,SVC0012,2023-09-26,06:45:51,2700,stb
SVP01063,SV100022,SVC0012,2023-09-26,06:46:51,2760,stb
SVP01064,SV100022,SVC0012,2023-09-26,06:47:51,2820,stb
SVP01065,SV100022,SVC0012,2023-09-26,06:48:51,2880,stb
SVP01066,SV100022,SVC0012,2023-09-26,06:49:51,2940,stb
SVP01067,SV100022,SVC0012,2023-09-26,06:50:51,3000,stb
SVP01068,SV100022,SVC0012,2023-09-26,06:51:51,3060,stb
SVP01069,SV100022,SVC0012,2023-09-26,06:52:51,3120,stb
SVP01070,SV100022,SVC0012,2023-09-26,06:53:51,3180,stb
SVP01071,SV100022,SVC0012,2023-09-26,06:54:51,3240,stb
SVP01072,SV100022,SVC0012,2023-09-26,06:55:51,3300,stb
SVP01073,SV100022,SVC0012,2023-09-26,06:56:51,3360,stb
SVP01074,SV100022,SVC0012,2023-09-26,06:57:51,3420,stb
SVP01075,SV100022,SVC0012,2023-09-26,06:58:51,3480,stb
SVP01076,SV100022,SVC0012,2023-09-26,06:59:51,3540,stb
SVP01077,SV100022,SVC0012,2023-09-26,07:00:51,3600,stb
SVP01078,SV100022,SVC0012,2023-09-26,07:01:51,3660,stb
SVP01079,SV100022,SVC0012,2023-09-26,07:02:51,3720,stb
SVP01080,SV100022,SVC0012,2023-09-26,07:03:51,3780,stb
SVP01081,SV100022,SVC0012,2023-09-26,07:04:51,3840,stb
SVP01082,SV100022,SVC0012,2023-09-26,07:05:51,3900,stb
SVP01083,SV100022,SVC0012,2023-09-26,07:06:51,3960,stb
SVP01084,SV100022,SVC0012,2023-09-26,07:07:51,4020,stb
SVP01085,SV100022,SVC0012,2023-09-26,07:08:51,4080,stb
SVP01086,SV100022,SVC0012,2023-09-26,07:09:51,4140,stb
SVP01087,SV100022,SVC0012,2023-09-26,07:10:51,4200,stb
SVP01088,SV100022,SVC0012,2023-09-26,07:11:51,4260,stb
SVP01089,SV100022,SVC0012,2023-09-26,07:12:51,4320,stb
SVP01090,SV100022,SVC0012,2023-09-26,07:13:51,4380,stb
SVP01091,SV100022,SVC0012,2023-09-26,07:14:51,4440,stb
SVP01092,SV100022,SVC0012,2023-09-26,07:15:51,4500,stb
SVP01093,SV100022,SVC0012,2023-09-26,07:16:51,4560,stb
SVP01094,SV100022,SVC0012,2023-09-26,07:17:51,4620,stb
SVP01095,SV100022,SVC0012,2023-09-26,07:18:51,4680,stb
SVP01096,SV100022,SVC0012,2023-09-26,07:19:51,4740,stb
SVP01097,SV100022,SVC0012,2023-09-26,07:20:51,4800,stb
SVP01098,SV100022,SVC0012,2023-09-26,07:21:51,4860,stb
SVP01099,SV100022,SVC0012,2023-09-26,07:22:51,4920,stb
SVP01100,SV100022,SVC0012,2023-09-26,07:23:51,4980,stb
SVP01101,SV100022,SVC0012,2023-09-26,07:24:51,5040,stb
SVP01102,SV100022,SVC0012,2023-09-26,07:25:51,5100,stb
SVP01103,SV100022,SVC0012,2023-09-26,07:26:51,5160,stb
SVP01104,SV100022,SVC0012,2023-09-26,07:27:51,5220,stb
SVP01105,SV100022,SVC0012,2023-09-26,07:28:51,5280,stb
SVP01106,SV100022,SVC0012,2023-09-26,07:29:51,5340,stb
SVP01107,SV100017,SVC0024,2025-06-08,12:52:55,0,stb
SVP01108,SV100017,SVC0024,2025-06-08,12:53:55,60,stb
SVP01109,SV100017,SVC0024,2025-06-08,12:54:55,120,stb
SVP01110,SV100017,SVC0024,2025-06-08,12:55:55,180,stb
SVP01111,SV100017,SVC0024,2025-06-08,12:56:55,240,stb
SVP01112,SV100017,SVC0024,2025-06-08,12:58:55,360,stb
SVP01113,SV100017,SVC0024,2025-06-08,12:59:55,420,stb
SVP01114,SV100017,SVC0024,2025-06-08,13:00:55,480,stb
SVP01115,SV100017,SVC0024,2025-06-08,13:01:55,540,stb
SVP01116,SV100017,SVC0024,2025-06-08,13:02:55,600,stb
SVP01117,SV100017,SVC0024,2025-06-08,13:03:55,660,stb
SVP01118,SV100017,SVC0024,2025-06-08,13:04:55,720,stb
SVP01119,SV100017,SVC0024,2025-06-08,13:05:55,780,stb
SVP01120,SV100017,SVC0024,2025-06-08,13:06:55,840,stb
SVP01121,SV100017,SVC0024,2025-06-08,13:07:55,900,stb
SVP01122,SV100017,SVC0024,2025-06-08,13:08:55,960,stb
SVP01123,SV100017,SVC0024,2025-06-08,13:09:55,1020,stb
SVP01124,SV100010,SVC0017,2024-10-30,14:34:26,0,stb
SVP01125,SV100010,SVC0017,2024-10-30,14:35:26,60,stb
SVP01126,SV100010,SVC0017,2024-10-30,14:36:26,120,stb
SVP01127,SV100010,SVC0017,2024-10-30,14:37:26,180,stb
SVP01128,SV100010,SVC0017,2024-10-30,14:38:26,240,stb
SVP01129,SV100010,SVC0017,2024-10-30,14:39:26,300,stb
SVP01130,SV100010,SVC0017,2024-10-30,14:40:26,360,stb
SVP01131,SV100010,SVC0017,2024-10-30,14:42:26,480,stb
SVP01132,SV100010,SVC0017,2024-10-30,14:43:26,540,stb
SVP01133,SV100010,SVC0017,2024-10-30,14:44:26,600,stb
SVP01134,SV100010,SVC0017,2024-10-30,14:45:26,660,stb
SVP01135,SV100015,SVC0022,2025-11-25,19:52:58,0,mob
SVP01136,SV100015,SVC0022,2025-11-25,19:53:58,60,mob
SVP01137,SV100015,SVC0022,2025-11-25,19:54:58,120,mob
SVP01138,SV100015,SVC0022,2025-11-25,19:55:58,180,mob
SVP01139,SV100015,SVC0022,2025-11-25,19:56:58,240,mob
SVP01140,SV100015,SVC0022,2025-11-25,19:57:58,300,mob
SVP01141,SV100015,SVC0022,2025-11-25,19:58:58,360,mob
SVP01142,SV100015,SVC0022,2025-11-25,19:59:58,420,mob
SVP01143,SV100015,SVC0022,2025-11-25,20:00:58,480,mob
SVP01144,SV100015,SVC0022,2025-11-25,20:01:58,540,mob
SVP01145,SV100015,SVC0022,2025-11-25,20:02:58,600,mob
SVP01146,SV100015,SVC0022,2025-11-25,20:04:58,720,mob
SVP01147,SV100015,SVC0022,2025-11-25,20:05:58,780,mob
SVP01148,SV100015,SVC0022,2025-11-25,20:06:58,840,mob
SVP01149,SV100015,SVC0022,2025-11-25,20:07:58,900,mob
SVP01150,SV100015,SVC0022,2025-11-25,20:08:58,960,mob
SVP01151,SV100015,SVC0022,2025-11-25,20:09:58,1020,mob
SVP01152,SV100015,SVC0022,2025-11-25,20:10:58,1080,mob
SVP01153,SV100015,SVC0022,2025-11-25,20:11:58,1140,mob
SVP01154,SV100015,SVC0022,2025-11-25,20:12:58,1200,mob
SVP01155,SV100015,SVC0022,2025-11-25,20:13:58,1260,mob
SVP01156,SV100015,SVC0022,2025-11-25,20:14:58,1320,mob
SVP01157,SV100015,SVC0022,2025-11-25,20:15:58,1380,mob
SVP01158,SV100015,SVC0022,2025-11-25,20:16:58,1440,mob
SVP01159,SV100015,SVC0022,2025-11-25,20:17:58,1500,mob
SVP01160,SV100015,SVC0022,2025-11-25,20:18:58,1560,mob
SVP01161,SV100015,SVC0022,2025-11-25,20:19:58,1620,mob
SVP01162,SV100015,SVC0022,2025-11-25,20:20:58,1680,mob
SVP01163,SV100015,SVC0022,2025-11-25,20:21:58,1740,mob
SVP01164,SV100015,SVC0022,2025-11-25,20:22:58,1800,mob
SVP01165,SV100015,SVC0022,2025-11-25,20:23:58,1860,mob
SVP01166,SV100015,SVC0022,2025-11-25,20:24:58,1920,mob
SVP01167,SV100015,SVC0022,2025-11-25,20:25:58,1980,mob
SVP01168,SV100015,SVC0022,2025-11-25,20:26:58,2040,mob
SVP01169,SV100015,SVC0022,2025-11-25,20:27:58,2100,mob
SVP01170,SV100015,SVC0022,2025-11-25,20:28:58,2160,mob
SVP01171,SV100015,SVC0022,2025-11-25,20:29:58,2220,mob
SVP01172,SV100015,SVC0022,2025-11-25,20:30:58,2280,mob
SVP01173,SV100015,SVC0022,2025-11-25,20:31:58,2340,mob
SVP01174,SV100015,SVC0022,2025-11-25,20:32:58,2400,mob
SVP01175,SV100015,SVC0022,2025-11-25,20:33:58,2460,mob
SVP01176,SV100015,SVC0022,2025-11-25,20:34:58,2520,mob
SVP01177,SV100015,SVC0022,2025-11-25,20:35:58,2580,mob
SVP01178,SV100015,SVC0022,2025-11-25,20:36:58,2640,mob
SVP01179,SV100015,SVC0022,2025-11-25,20:37:58,2700,mob
SVP01180,SV100015,SVC0022,2025-11-25,20:38:58,2760,mob
SVP01181,SV100015,SVC0022,2025-11-25,20:39:58,2820,mob
SVP01182,SV100015,SVC0022,2025-11-25,20:40:58,2880,mob
SVP01183,SV100015,SVC0022,2025-11-25,20:41:58,2940,mob
SVP01184,SV100017,SVC0017,2025-06-21,11:38:00,0,stb
SVP01185,SV100017,SVC0017,2025-06-21,11:39:00,60,stb
SVP01186,SV100017,SVC0017,2025-06-21,11:40:00,120,stb
SVP01187,SV100017,SVC0017,2025-06-21,11:41:00,180,stb
SVP01188,SV100017,SVC0017,2025-06-21,11:42:00,240,stb
SVP01189,SV100017,SVC0017,2025-06-21,11:43:00,300,stb
SVP01190,SV100017,SVC0017,2025-06-21,11:44:00,360,stb
SVP01191,SV100017,SVC0017,2025-06-21,11:45:00,420,stb
SVP01192,SV100017,SVC0017,2025-06-21,11:46:00,480,stb
SVP01193,SV100017,SVC0017,2025-06-21,11:48:00,600,stb
SVP01194,SV100017,SVC0017,2025-06-21,11:49:00,660,stb
SVP01195,SV100020,SVC0024,2023-05-07,16:43:33,0,stb
SVP01196,SV100020,SVC0024,2023-05-07,16:44:33,60,stb
SVP01197,SV100020,SVC0024,2023-05-07,16:45:33,120,stb
SVP01198,SV100020,SVC0024,2023-05-07,16:46:33,180,stb
SVP01199,SV100020,SVC0024,2023-05-07,16:47:33,240,stb
SVP01200,SV100020,SVC0024,2023-05-07,16:48:33,300,stb
SVP01201,SV100020,SVC0024,2023-05-07,16:49:33,360,stb
SVP01202,SV100020,SVC0024,2023-05-07,16:50:33,420,stb
SVP01203,SV100020,SVC0024,2023-05-07,16:51:33,480,stb
SVP01204,SV100020,SVC0024,2023-05-07,16:52:33,540,stb
SVP01205,SV100020,SVC0024,2023-05-07,16:53:33,600,stb
SVP01206,SV100020,SVC0024,2023-05-07,16:54:33,660,stb
SVP01207,SV100020,SVC0024,2023-05-07,16:55:33,720,stb
SVP01208,SV100020,SVC0024,2023-05-07,16:56:33,780,stb
SVP01209,SV100020,SVC0024,2023-05-07,16:57:33,840,stb
SVP01210,SV100020,SVC0024,2023-05-07,16:58:33,900,stb
SVP01211,SV100020,SVC0024,2023-05-07,16:59:33,960,stb
SVP01212,SV100020,SVC0024,2023-05-07,17:00:33,1020,stb
SVP01213,SV100020,SVC0024,2023-05-07,17:01:33,1080,stb
SVP01214,SV100020,SVC0024,2023-05-07,17:02:33,1140,stb
SVP01215,SV100020,SVC0024,2023-05-07,17:03:33,1200,stb
SVP01216,SV100020,SVC0024,2023-05-07,17:04:33,1260,stb
SVP01217,SV100020,SVC0024,2023-05-07,17:05:33,1320,stb
SVP01218,SV100020,SVC0024,2023-05-07,17:06:33,1380,stb
SVP01219,SV100020,SVC0024,2023-05-07,17:07:33,1440,stb
SVP01220,SV100020,SVC0024,2023-05-07,17:08:33,1500,stb
SVP01221,SV100020,SVC0024,2023-05-07,17:09:33,1560,stb
SVP01222,SV100020,SVC0024,2023-05-07,17:10:33,1620,stb
SVP01223,SV100020,SVC0024,2023-05-07,17:11:33,1680,stb
SVP01224,SV100020,SVC0024,2023-05-07,17:12:33,1740,stb
SVP01225,SV100020,SVC0024,2023-05-07,17:13:33,1800,stb
SVP01226,SV100020,SVC0024,2023-05-07,17:14:33,1860,stb
SVP01227,SV100020,SVC0024,2023-05-07,17:15:33,1920,stb
SVP01228,SV100020,SVC0024,2023-05-07,17:16:33,1980,stb
SVP01229,SV100020,SVC0024,2023-05-07,17:17:33,2040,stb
SVP01230,SV100020,SVC0024,2023-05-07,17:18:33,2100,stb
SVP01231,SV100020,SVC0024,2023-05-07,17:19:33,2160,stb
SVP01232,SV100020,SVC0024,2023-05-07,17:20:33,2220,stb
SVP01233,SV100020,SVC0024,2023-05-07,17:21:33,2280,stb
SVP01234,SV100020,SVC0024,2023-05-07,17:22:33,2340,stb
SVP01235,SV100020,SVC0024,2023-05-07,17:23:33,2400,stb
SVP01236,SV100020,SVC0024,2023-05-07,17:24:33,2460,stb
SVP01237,SV100020,SVC0024,2023-05-07,17:25:33,2520,stb
SVP01238,SV100020,SVC0024,2023-05-07,17:26:33,2580,stb
SVP01239,SV100020,SVC0024,2023-05-07,17:27:33,2640,stb
SVP01240,SV100020,SVC0024,2023-05-07,17:28:33,2700,stb
SVP01241,SV100020,SVC0024,2023-05-07,17:29:33,2760,stb
SVP01242,SV100020,SVC0024,2023-05-07,17:30:33,2820,stb
SVP01243,SV100020,SVC0024,2023-05-07,17:31:33,2880,stb
SVP01244,SV100020,SVC0024,2023-05-07,17:32:33,2940,stb
SVP01245,SV100025,SVC0004,2023-04-27,13:12:17,0,mob
SVP01246,SV100025,SVC0004,2023-04-27,13:13:17,60,mob
SVP01247,SV100025,SVC0004,2023-04-27,13:14:17,120,mob
SVP01248,SV100025,SVC0004,2023-04-27,13:15:17,180,mob
SVP01249,SV100025,SVC0004,2023-04-27,13:16:17,240,mob
SVP01250,SV100025,SVC0004,2025-07-16,23:01:48,0,browser
SVP01251,SV100025,SVC0004,2025-07-16,23:02:48,60,browser
SVP01252,SV100025,SVC0004,2025-07-16,23:03:48,120,browser
SVP01253,SV100025,SVC0004,2025-07-16,23:04:48,180,browser
SVP01254,SV100025,SVC0004,2025-07-16,23:05:48,240,browser
SVP01255,SV100025,SVC0004,2025-07-16,23:06:48,300,browser
SVP01256,SV100025,SVC0004,2025-07-16,23:07:48,360,browser
SVP01257,SV100025,SVC0004,2025-07-16,23:08:48,420,browser
SVP01258,SV100020,SVC0017,2025-11-15,12:44:17,0,mob
SVP01259,SV100020,SVC0017,2025-11-15,12:45:17,60,mob
SVP01260,SV100020,SVC0017,2025-11-15,12:46:17,120,mob
SVP01261,SV100020,SVC0017,2025-11-15,12:47:17,180,mob
SVP01262,SV100020,SVC0017,2025-11-15,12:48:17,240,mob
SVP01263,SV100020,SVC0017,2025-11-15,12:49:17,300,mob
SVP01264,SV100020,SVC0017,2025-11-15,12:50:17,360,mob
SVP01265,SV100020,SVC0017,2025-11-15,12:51:17,420,mob
SVP01266,SV100020,SVC0017,2025-11-15,12:52:17,480,mob
SVP01267,SV100020,SVC0017,2025-11-15,12:53:17,540,mob
SVP01268,SV100020,SVC0017,2025-11-15,12:54:17,600,mob
SVP01269,SV100020,SVC0017,2025-11-15,12:55:17,660,mob
SVP01270,SV100020,SVC0017,2025-11-15,12:56:17,720,mob
SVP01271,SV100020,SVC0017,2025-11-15,12:57:17,780,mob
SVP01272,SV100020,SVC0017,2025-11-15,12:58:17,840,mob
SVP01273,SV100020,SVC0017,2025-11-15,12:59:17,900,mob
SVP01274,SV100020,SVC0017,2025-11-15,13:00:17,960,mob
SVP01275,SV100020,SVC0017,2025-11-15,13:01:17,1020,mob
SVP01276,SV100020,SVC0017,2025-11-15,13:02:17,1080,mob
SVP01277,SV100020,SVC0017,2025-11-15,13:03:17,1140,mob
SVP01278,SV100020,SVC0017,2025-11-15,13:04:17,1200,mob
SVP01279,SV100020,SVC0017,2025-11-15,13:05:17,1260,mob
SVP01280,SV100020,SVC0017,2025-11-15,13:06:17,1320,mob
SVP01281,SV100020,SVC0017,2025-11-15,13:07:17,1380,mob
SVP01282,SV100020,SVC0017,2025-11-15,13:08:17,1440,mob
SVP01283,SV100020,SVC0017,2025-11-15,13:09:17,1500,mob
SVP01284,SV100020,SVC0017,2025-11-15,13:10:17,1560,mob
SVP01285,SV100020,SVC0017,2025-11-15,13:11:17,1620,mob
SVP01286,SV100020,SVC0017,2025-11-15,13:12:17,1680,mob
SVP01287,SV100020,SVC0017,2025-11-15,13:13:17,1740,mob
SVP01288,SV100020,SVC0017,2025-11-15,13:14:17,1800,mob
SVP01289,SV100020,SVC0017,2025-11-15,13:15:17,1860,mob
SVP01290,SV100020,SVC0017,2025-11-15,13:16:17,1920,mob
SVP01291,SV100020,SVC0017,2025-11-15,13:17:17,1980,mob
SVP01292,SV100020,SVC0017,2025-11-15,13:18:17,2040,mob
SVP01293,SV100020,SVC0017,2025-11-15,13:19:17,2100,mob
SVP01294,SV100020,SVC0017,2025-11-15,13:20:17,2160,mob
SVP01295,SV100020,SVC0017,2025-11-15,13:21:17,2220,mob
SVP01296,SV100020,SVC0017,2025-11-15,13:22:17,2280,mob
SVP01297,SV100020,SVC0017,2025-11-15,13:23:17,2340,mob
SVP01298,SV100020,SVC0017,2025-11-15,13:24:17,2400,mob
SVP01299,SV100020,SVC0017,2025-11-15,13:25:17,2460,mob
SVP01300,SV100016,SVC0017,2025-12-08,14:59:35,0,stb
SVP01301,SV100016,SVC0017,2025-12-08,15:00:35,60,stb
SVP01302,SV100016,SVC0017,2025-12-08,15:01:35,120,stb
SVP01303,SV100016,SVC0017,2025-12-08,15:02:35,180,stb
SVP01304,SV100016,SVC0017,2025-12-08,15:03:35,240,stb
SVP01305,SV100016,SVC0017,2025-12-08,15:04:35,300,stb
SVP01306,SV100016,SVC0017,2025-12-08,15:05:35,360,stb
SVP01307,SV100016,SVC0017,2025-12-08,15:06:35,420,stb
SVP01308,SV100016,SVC0017,2025-12-08,15:07:35,480,stb
SVP01309,SV100016,SVC0017,2025-12-08,15:08:35,540,stb
SVP01310,SV100016,SVC0017,2025-12-08,15:09:35,600,stb
SVP01311,SV100016,SVC0017,2025-12-08,15:10:35,660,stb
SVP01312,SV100016,SVC0017,2025-12-08,15:11:35,720,stb
SVP01313,SV100016,SVC0017,2025-12-08,15:12:35,780,stb
SVP01314,SV100016,SVC0017,2025-12-08,15:13:35,840,stb
SVP01315,SV100016,SVC0017,2025-12-08,15:14:35,900,stb
SVP01316,SV100016,SVC0017,2025-12-08,15:15:35,960,stb
SVP01317,SV100016,SVC0017,2025-12-08,15:16:35,1020,stb
SVP01318,SV100005,SVC0014,2025-03-15,20:20:04,0,stb
SVP01319,SV100005,SVC0014,2025-03-15,20:21:04,60,stb
SVP01320,SV100005,SVC0014,2025-03-15,20:22:04,120,stb
SVP01321,SV100005,SVC0014,2025-03-15,20:23:04,180,stb
SVP01322,SV100005,SVC0014,2025-03-15,20:24:04,240,stb
SVP01323,SV100005,SVC0014,2025-03-15,20:25:04,300,stb
SVP01324,SV100005,SVC0014,2025-03-15,20:26:04,360,stb
SVP01325,SV100005,SVC0014,2025-03-15,20:27:04,420,stb
SVP01326,SV100005,SVC0014,2025-03-15,20:28:04,480,stb
SVP01327,SV100005,SVC0014,2025-03-15,20:29:04,540,stb
SVP01328,SV100005,SVC0014,2025-03-15,20:30:04,600,stb
SVP01329,SV100005,SVC0014,2025-03-15,20:32:04,720,stb
SVP01330,SV100005,SVC0014,2025-03-15,20:33:04,780,stb
SVP01331,SV100005,SVC0014,2025-03-15,20:34:04,840,stb
SVP01332,SV100005,SVC0014,2025-03-15,20:35:04,900,stb
SVP01333,SV100005,SVC0014,2025-03-15,20:36:04,960,stb
SVP01334,SV100005,SVC0014,2025-03-15,20:37:04,1020,stb
SVP01335,SV100005,SVC0014,2025-03-15,20:38:04,1080,stb
SVP01336,SV100005,SVC0014,2025-03-15,20:39:04,1140,stb
SVP01337,SV100005,SVC0014,2025-03-15,20:40:04,1200,stb
SVP01338,SV100005,SVC0014,2025-03-15,20:41:04,1260,stb
SVP01339,SV100005,SVC0014,2025-03-15,20:42:04,1320,stb
SVP01340,SV100005,SVC0014,2025-03-15,20:43:04,1380,stb
SVP01341,SV100005,SVC0014,2025-03-15,20:44:04,1440,stb
SVP01342,SV100005,SVC0014,2025-03-15,20:45:04,1500,stb
SVP01343,SV100005,SVC0014,2025-03-15,20:46:04,1560,stb
SVP01344,SV100005,SVC0014,2025-03-15,20:47:04,1620,stb
SVP01345,SV100005,SVC0014,2025-03-15,20:48:04,1680,stb
SVP01346,SV100005,SVC0014,2025-03-15,20:49:04,1740,stb
SVP01347,SV100005,SVC0014,2025-03-15,20:50:04,1800,stb
SVP01348,SV100005,SVC0014,2025-03-15,20:51:04,1860,stb
SVP01349,SV100005,SVC0014,2025-03-15,20:52:04,1920,stb
SVP01350,SV100005,SVC0014,2025-03-15,20:53:04,1980,stb
SVP01351,SV100005,SVC0014,2025-03-15,20:54:04,2040,stb
SVP01352,SV100005,SVC0014,2025-03-15,20:55:04,2100,stb
SVP01353,SV100005,SVC0014,2025-03-15,20:56:04,2160,stb
SVP01354,SV100005,SVC0014,2025-03-15,20:57:04,2220,stb
SVP01355,SV100005,SVC0014,2025-03-15,20:58:04,2280,stb
SVP01356,SV100005,SVC0014,2025-03-15,20:59:04,2340,stb
SVP01357,SV100005,SVC0014,2025-03-15,21:00:04,2400,stb
SVP01358,SV100005,SVC0014,2025-03-15,21:01:04,2460,stb
SVP01359,SV100005,SVC0014,2025-03-15,21:02:04,2520,stb
SVP01360,SV100005,SVC0014,2025-03-15,21:03:04,2580,stb
SVP01361,SV100005,SVC0014,2025-03-15,21:04:04,2640,stb
SVP01362,SV100005,SVC0014,2025-03-15,21:05:04,2700,stb
SVP01363,SV100005,SVC0014,2025-03-15,21:06:04,2760,stb
SVP01364,SV100005,SVC0014,2025-03-15,21:07:04,2820,stb
SVP01365,SV100005,SVC0014,2025-03-15,21:08:04,2880,stb
SVP01366,SV100005,SVC0014,2025-03-15,21:09:04,2940,stb
SVP01367,SV100005,SVC0014,2025-03-15,21:10:04,3000,stb
SVP01368,SV100005,SVC0014,2025-03-15,21:11:04,3060,stb
SVP01369,SV100005,SVC0014,2025-03-15,21:12:04,3120,stb
SVP01370,SV100005,SVC0014,2025-03-15,21:13:04,3180,stb
SVP01371,SV100005,SVC0014,2025-03-15,21:14:04,3240,stb
SVP01372,SV100005,SVC0014,2025-03-15,21:15:04,3300,stb
SVP01373,SV100005,SVC0014,2025-03-15,21:16:04,3360,stb
SVP01374,SV100005,SVC0014,2025-03-15,21:17:04,3420,stb
SVP01375,SV100005,SVC0014,2025-03-15,21:18:04,3480,stb
SVP01376,SV100005,SVC0014,2025-03-15,21:19:04,3540,stb
SVP01377,SV100005,SVC0014,2025-03-15,21:20:04,3600,stb
SVP01378,SV100005,SVC0014,2025-03-15,21:21:04,3660,stb
SVP01379,SV100005,SVC0014,2025-03-15,21:22:04,3720,stb
SVP01380,SV100005,SVC0014,2025-03-15,21:23:04,3780,stb
SVP01381,SV100005,SVC0014,2025-03-15,21:24:04,3840,stb
SVP01382,SV100005,SVC0014,2025-03-15,21:25:04,3900,stb
SVP01383,SV100005,SVC0014,2025-03-15,21:26:04,3960,stb
SVP01384,SV100005,SVC0014,2025-03-15,21:27:04,4020,stb
SVP01385,SV100005,SVC0014,2025-03-15,21:28:04,4080,stb
SVP01386,SV100005,SVC0014,2025-03-15,21:29:04,4140,stb
SVP01387,SV100005,SVC0014,2025-03-15,21:30:04,4200,stb
SVP01388,SV100005,SVC0014,2025-03-15,21:31:04,4260,stb
SVP01389,SV100005,SVC0014,2025-03-15,21:32:04,4320,stb
SVP01390,SV100005,SVC0014,2025-03-15,21:33:04,4380,stb
SVP01391,SV100005,SVC0014,2025-03-15,21:34:04,4440,stb
SVP01392,SV100007,SVC0022,2023-09-08,10:45:41,0,browser
SVP01393,SV100007,SVC0022,2023-09-08,10:46:41,60,browser
SVP01394,SV100007,SVC0022,2023-09-08,10:47:41,120,browser
SVP01395,SV100007,SVC0022,2023-09-08,10:48:41,180,browser
SVP01396,SV100007,SVC0022,2023-09-08,10:49:41,240,browser
SVP01397,SV100007,SVC0022,2023-09-08,10:50:41,300,browser
SVP01398,SV100007,SVC0022,2023-09-08,10:51:41,360,browser
SVP01399,SV100007,SVC0022,2023-09-08,10:52:41,420,browser
SVP01400,SV100007,SVC0022,2023-09-08,10:53:41,480,browser
SVP01401,SV100007,SVC0022,2023-09-08,10:54:41,540,browser
SVP01402,SV100007,SVC0022,2023-09-08,10:55:41,600,browser
SVP01403,SV100007,SVC0022,2023-09-08,10:56:41,660,browser
SVP01404,SV100007,SVC0022,2023-09-08,10:57:41,720,browser
SVP01405,SV100007,SVC0022,2023-09-08,10:58:41,780,browser
SVP01406,SV100007,SVC0022,2023-09-08,10:59:41,840,browser
SVP01407,SV100007,SVC0022,2023-09-08,11:00:41,900,browser
SVP01408,SV100007,SVC0022,2023-09-08,11:01:41,960,browser
SVP01409,SV100007,SVC0022,2023-09-08,11:02:41,1020,browser
SVP01410,SV100007,SVC0022,2023-09-08,11:03:41,1080,browser
SVP01411,SV100007,SVC0022,2023-09-08,11:04:41,1140,browser
SVP01412,SV100007,SVC0022,2023-09-08,11:05:41,1200,browser
SVP01413,SV100007,SVC0022,2023-09-08,11:06:41,1260,browser
SVP01414,SV100007,SVC0022,2023-09-08,11:07:41,1320,browser
SVP01415,SV100007,SVC0022,2023-09-08,11:08:41,1380,browser
SVP01416,SV100007,SVC0022,2023-09-08,11:09:41,1440,browser
SVP01417,SV100007,SVC0022,2023-09-08,11:10:41,1500,browser
SVP01418,SV100007,SVC0022,2023-09-08,11:11:41,1560,browser
SVP01419,SV100007,SVC0022,2023-09-08,11:12:41,1620,browser
SVP01420,SV100007,SVC0022,2023-09-08,11:13:41,1680,browser
SVP01421,SV100007,SVC0022,2023-09-08,11:14:41,1740,browser
SVP01422,SV100007,SVC0022,2023-09-08,11:15:41,1800,browser
SVP01423,SV100007,SVC0022,2023-09-08,11:16:41,1860,browser
SVP01424,SV100007,SVC0022,2023-09-08,11:17:41,1920,browser
SVP01425,SV100007,SVC0022,2023-09-08,11:18:41,1980,browser
SVP01426,SV100007,SVC0022,2023-09-08,11:19:41,2040,browser
SVP01427,SV100007,SVC0022,2023-09-08,11:20:41,2100,browser
SVP01428,SV100007,SVC0022,2023-09-08,11:21:41,2160,browser
SVP01429,SV100007,SVC0022,2023-09-08,11:22:41,2220,browser
SVP01430,SV100007,SVC0022,2023-09-08,11:23:41,2280,browser
SVP01431,SV100007,SVC0022,2023-09-08,11:24:41,2340,browser
SVP01432,SV100007,SVC0022,2023-09-08,11:25:41,2400,browser
SVP01433,SV100007,SVC0022,2023-09-08,11:26:41,2460,browser
SVP01434,SV100007,SVC0022,2023-09-08,11:27:41,2520,browser
SVP01435,SV100007,SVC0022,2023-09-08,11:28:41,2580,browser
SVP01436,SV100007,SVC0022,2023-09-08,11:29:41,2640,browser
SVP01437,SV100007,SVC0022,2023-09-08,11:30:41,2700,browser
SVP01438,SV100007,SVC0022,2023-09-08,11:31:41,2760,browser
SVP01439,SV100007,SVC0022,2023-09-08,11:32:41,2820,browser
SVP01440,SV100007,SVC0022,2023-09-08,11:33:41,2880,browser
SVP01441,SV100007,SVC0022,2023-09-08,11:34:41,2940,browser
SVP01442,SV100007,SVC0022,2023-09-08,11:35:41,3000,browser
SVP01443,SV100007,SVC0022,2023-09-08,11:36:41,3060,browser
SVP01444,SV100007,SVC0022,2023-09-08,11:37:41,3120,browser
SVP01445,SV100007,SVC0022,2023-09-08,11:38:41,3180,browser
SVP01446,SV100007,SVC0022,2023-09-08,11:39:41,3240,browser
SVP01447,SV100007,SVC0022,2023-09-08,11:40:41,3300,browser
SVP01448,SV100007,SVC0022,2023-09-08,11:41:41,3360,browser
SVP01449,SV100007,SVC0022,2023-09-08,11:42:41,3420,browser
SVP01450,SV100007,SVC0022,2023-09-08,11:43:41,3480,browser
SVP01451,SV100007,SVC0022,2023-09-08,11:44:41,3540,browser
SVP01452,SV100007,SVC0022,2023-09-08,11:45:41,3600,browser
SVP01453,SV100007,SVC0022,2023-09-08,11:46:41,3660,browser
SVP01454,SV100007,SVC0022,2023-09-08,11:47:41,3720,browser
SVP01455,SV100007,SVC0022,2023-09-08,11:48:41,3780,browser
SVP01456,SV100007,SVC0022,2023-09-08,11:49:41,3840,browser
SVP01457,SV100007,SVC0022,2023-09-08,11:50:41,3900,browser
SVP01458,SV100007,SVC0022,2023-09-08,11:51:41,3960,browser
SVP01459,SV100007,SVC0022,2023-09-08,11:52:41,4020,browser
SVP01460,SV100007,SVC0022,2023-09-08,11:53:41,4080,browser
SVP01461,SV100007,SVC0022,2023-09-08,11:54:41,4140,browser
SVP01462,SV100007,SVC0022,2023-09-08,11:55:41,4200,browser
SVP01463,SV100007,SVC0022,2023-09-08,11:56:41,4260,browser
SVP01464,SV100007,SVC0022,2023-09-08,11:57:41,4320,browser
SVP01465,SV100007,SVC0022,2023-09-08,11:58:41,4380,browser
SVP01466,SV100007,SVC0022,2023-09-08,11:59:41,4440,browser
SVP01467,SV100009,SVC0005,2024-03-26,09:25:56,0,browser
SVP01468,SV100009,SVC0005,2024-03-26,09:26:56,60,browser
SVP01469,SV100009,SVC0005,2024-03-26,09:27:56,120,browser
SVP01470,SV100009,SVC0005,2024-03-26,09:28:56,180,browser
SVP01471,SV100009,SVC0005,2024-03-26,09:29:56,240,browser
SVP01472,SV100009,SVC0005,2024-03-26,09:30:56,300,browser
SVP01473,SV100009,SVC0005,2024-03-26,09:31:56,360,browser
SVP01474,SV100009,SVC0005,2024-03-26,09:32:56,420,browser
SVP01475,SV100009,SVC0005,2024-03-26,09:33:56,480,browser
SVP01476,SV100009,SVC0005,2024-03-26,09:34:56,540,browser
SVP01477,SV100009,SVC0005,2024-03-26,09:35:56,600,browser
SVP01478,SV100009,SVC0005,2024-03-26,09:36:56,660,browser
SVP01479,SV100009,SVC0005,2024-03-26,09:37:56,720,browser
SVP01480,SV100009,SVC0005,2024-03-26,09:38:56,780,browser
SVP01481,SV100009,SVC0005,2024-03-26,09:39:56,840,browser
SVP01482,SV100009,SVC0005,2024-03-26,09:40:56,900,browser
SVP01483,SV100009,SVC0005,2024-03-26,09:42:56,1020,browser
SVP01484,SV100009,SVC0005,2024-03-26,09:43:56,1080,browser
SVP01485,SV100009,SVC0005,2024-03-26,09:44:56,1140,browser
SVP01486,SV100009,SVC0005,2024-03-26,09:45:56,1200,browser
SVP01487,SV100009,SVC0005,2024-03-26,09:46:56,1260,browser
SVP01488,SV100009,SVC0005,2024-03-26,09:47:56,1320,browser
SVP01489,SV100009,SVC0005,2024-03-26,09:48:56,1380,browser
SVP01490,SV100009,SVC0005,2024-03-26,09:49:56,1440,browser
SVP01491,SV100009,SVC0005,2024-03-26,09:50:56,1500,browser
SVP01492,SV100009,SVC0005,2024-03-26,09:51:56,1560,browser
SVP01493,SV100009,SVC0005,2024-03-26,09:52:56,1620,browser
SVP01494,SV100009,SVC0005,2024-03-26,09:53:56,1680,browser
SVP01495,SV100009,SVC0005,2024-03-26,09:54:56,1740,browser
SVP01496,SV100009,SVC0005,2024-03-26,09:55:56,1800,browser
SVP01497,SV100009,SVC0005,2024-03-26,09:56:56,1860,browser
SVP01498,SV100009,SVC0005,2024-03-26,09:57:56,1920,browser
SVP01499,SV100009,SVC0005,2024-03-26,09:58:56,1980,browser
SVP01500,SV100009,SVC0005,2024-03-26,09:59:56,2040,browser
SVP01501,SV100009,SVC0005,2024-03-26,10:00:56,2100,browser
SVP01502,SV100009,SVC0005,2024-03-26,10:01:56,2160,browser
SVP01503,SV100009,SVC0005,2024-03-26,10:02:56,2220,browser
SVP01504,SV100009,SVC0005,2024-03-26,10:03:56,2280,browser
SVP01505,SV100009,SVC0005,2024-03-26,10:04:56,2340,browser
SVP01506,SV100009,SVC0005,2024-03-26,10:05:56,2400,browser
SVP01507,SV100009,SVC0005,2024-03-26,10:06:56,2460,browser
SVP01508,SV100006,SVC0023,2025-11-22,18:21:26,0,browser
SVP01509,SV100006,SVC0023,2025-11-22,18:22:26,60,browser
SVP01510,SV100006,SVC0023,2025-11-22,18:23:26,120,browser
SVP01511,SV100006,SVC0023,2025-11-22,18:24:26,180,browser
SVP01512,SV100006,SVC0023,2025-11-22,18:25:26,240,browser
SVP01513,SV100006,SVC0023,2025-11-22,18:26:26,300,browser
SVP01514,SV100006,SVC0023,2025-11-22,18:27:26,360,browser
SVP01515,SV100006,SVC0023,2025-11-22,18:28:26,420,browser
SVP01516,SV100006,SVC0023,2025-11-22,18:29:26,480,browser
SVP01517,SV100006,SVC0023,2025-11-22,18:30:26,540,browser
SVP01518,SV100006,SVC0023,2025-11-22,18:31:26,600,browser
SVP01519,SV100006,SVC0023,2025-11-22,18:32:26,660,browser
SVP01520,SV100006,SVC0023,2025-11-22,18:33:26,720,browser
SVP01521,SV100006,SVC0023,2025-11-22,18:34:26,780,browser
SVP01522,SV100006,SVC0023,2025-11-22,18:35:26,840,browser
SVP01523,SV100006,SVC0023,2025-11-22,18:36:26,900,browser
SVP01524,SV100006,SVC0023,2025-11-22,18:37:26,960,browser
SVP01525,SV100006,SVC0023,2025-11-22,18:38:26,1020,browser
SVP01526,SV100003,SVC0024,2023-02-09,16:35:29,0,browser
SVP01527,SV100003,SVC0024,2023-02-09,16:36:29,60,browser
SVP01528,SV100003,SVC0024,2023-02-09,16:37:29,120,browser
SVP01529,SV100003,SVC0024,2023-02-09,16:38:29,180,browser
SVP01530,SV100003,SVC0024,2023-02-09,16:39:29,240,browser
SVP01531,SV100003,SVC0024,2023-02-09,16:40:29,300,browser
SVP01532,SV100003,SVC0024,2023-02-09,16:41:29,360,browser
SVP01533,SV100003,SVC0024,2023-02-09,16:42:29,420,browser
SVP01534,SV100003,SVC0024,2023-02-09,16:43:29,480,browser
SVP01535,SV100003,SVC0024,2023-02-09,16:44:29,540,browser
SVP01536,SV100003,SVC0024,2023-02-09,16:45:29,600,browser
SVP01537,SV100003,SVC0024,2023-02-09,16:46:29,660,browser
SVP01538,SV100003,SVC0024,2023-02-09,16:47:29,720,browser
SVP01539,SV100003,SVC0024,2023-02-09,16:48:29,780,browser
SVP01540,SV100003,SVC0024,2023-02-09,16:49:29,840,browser
SVP01541,SV100003,SVC0024,2023-02-09,16:50:29,900,browser
SVP01542,SV100003,SVC0024,2023-02-09,16:51:29,960,browser
SVP01543,SV100003,SVC0024,2023-02-09,16:52:29,1020,browser
SVP01544,SV100003,SVC0024,2023-02-09,16:53:29,1080,browser
SVP01545,SV100003,SVC0024,2023-02-09,16:54:29,1140,browser
SVP01546,SV100003,SVC0024,2023-02-09,16:55:29,1200,browser
SVP01547,SV100003,SVC0024,2023-02-09,16:56:29,1260,browser
SVP01548,SV100003,SVC0024,2023-02-09,16:57:29,1320,browser
SVP01549,SV100003,SVC0024,2023-02-09,16:58:29,1380,browser
SVP01550,SV100003,SVC0024,2023-02-09,16:59:29,1440,browser
SVP01551,SV100003,SVC0024,2023-02-09,17:00:29,1500,browser
SVP01552,SV100003,SVC0024,2023-02-09,17:01:29,1560,browser
SVP01553,SV100003,SVC0024,2023-02-09,17:02:29,1620,browser
SVP01554,SV100003,SVC0024,2023-02-09,17:03:29,1680,browser
SVP01555,SV100003,SVC0024,2023-02-09,17:04:29,1740,browser
SVP01556,SV100003,SVC0024,2023-02-09,17:05:29,1800,browser
SVP01557,SV100003,SVC0024,2023-02-09,17:06:29,1860,browser
SVP01558,SV100003,SVC0024,2023-02-09,17:07:29,1920,browser
SVP01559,SV100003,SVC0024,2023-02-09,17:08:29,1980,browser
SVP01560,SV100003,SVC0024,2023-02-09,17:09:29,2040,browser
SVP01561,SV100003,SVC0024,2023-02-09,17:10:29,2100,browser
SVP01562,SV100003,SVC0024,2023-02-09,17:11:29,2160,browser
SVP01563,SV100003,SVC0024,2023-02-09,17:12:29,2220,browser
SVP01564,SV100003,SVC0024,2023-02-09,17:13:29,2280,browser
SVP01565,SV100003,SVC0024,2023-02-09,17:14:29,2340,browser
SVP01566,SV100003,SVC0024,2023-02-09,17:15:29,2400,browser
SVP01567,SV100003,SVC0024,2023-02-09,17:16:29,2460,browser
SVP01568,SV100013,SVC0011,2024-08-29,22:04:07,0,browser
SVP01569,SV100013,SVC0011,2024-08-29,22:05:07,60,browser
SVP01570,SV100013,SVC0011,2024-08-29,22:06:07,120,browser
SVP01571,SV100013,SVC0011,2024-08-29,22:07:07,180,browser
SVP01572,SV100013,SVC0011,2024-08-29,22:08:07,240,browser
SVP01573,SV100013,SVC0011,2024-08-29,22:09:07,300,browser
SVP01574,SV100013,SVC0011,2024-08-29,22:10:07,360,browser
SVP01575,SV100013,SVC0011,2024-08-29,22:11:07,420,browser
SVP01576,SV100013,SVC0011,2024-08-29,22:12:07,480,browser
SVP01577,SV100013,SVC0011,2024-08-29,22:13:07,540,browser
SVP01578,SV100013,SVC0011,2024-08-29,22:14:07,600,browser
SVP01579,SV100013,SVC0011,2024-08-29,22:15:07,660,browser
SVP01580,SV100013,SVC0011,2024-08-29,22:16:07,720,browser
SVP01581,SV100013,SVC0011,2024-08-29,22:17:07,780,browser
SVP01582,SV100013,SVC0011,2024-08-29,22:18:07,840,browser
SVP01583,SV100013,SVC0011,2024-08-29,22:19:07,900,browser
SVP01584,SV100013,SVC0011,2024-08-29,22:20:07,960,browser
SVP01585,SV100013,SVC0011,2024-08-29,22:21:07,1020,browser
SVP01586,SV100004,SVC0003,2024-07-11,07:57:49,0,stb
SVP01587,SV100004,SVC0003,2024-07-11,07:58:49,60,stb
SVP01588,SV100004,SVC0003,2024-07-11,07:59:49,120,stb
SVP01589,SV100004,SVC0003,2024-07-11,08:00:49,180,stb
SVP01590,SV100004,SVC0003,2024-07-11,08:01:49,240,stb
SVP01591,SV100004,SVC0003,2024-07-11,08:02:49,300,stb
SVP01592,SV100004,SVC0003,2024-07-11,08:03:49,360,stb
SVP01593,SV100004,SVC0003,2024-07-11,08:04:49,420,stb
SVP01594,SV100004,SVC0003,2024-07-11,08:05:49,480,stb
SVP01595,SV100004,SVC0003,2024-07-11,08:06:49,540,stb
SVP01596,SV100004,SVC0003,2024-07-11,08:07:49,600,stb
SVP01597,SV100004,SVC0003,2024-07-11,08:08:49,660,stb
SVP01598,SV100005,SVC0014,2024-06-14,18:09:34,0,tab
SVP01599,SV100005,SVC0014,2024-06-14,18:10:34,60,tab
SVP01600,SV100005,SVC0014,2024-06-14,18:11:34,120,tab
SVP01601,SV100005,SVC0014,2024-06-14,18:12:34,180,tab
SVP01602,SV100005,SVC0014,2024-06-14,18:13:34,240,tab
SVP01603,SV100005,SVC0014,2024-06-14,18:14:34,300,tab
SVP01604,SV100005,SVC0014,2024-06-14,18:15:34,360,tab
SVP01605,SV100005,SVC0014,2024-06-14,18:16:34,420,tab
SVP01606,SV100005,SVC0014,2024-06-14,18:17:34,480,tab
SVP01607,SV100005,SVC0014,2024-06-14,18:18:34,540,tab
SVP01608,SV100005,SVC0014,2024-06-14,18:19:34,600,tab
SVP01609,SV100005,SVC0014,2024-06-14,18:20:34,660,tab
SVP01610,SV100005,SVC0014,2024-06-14,18:21:34,720,tab
SVP01611,SV100005,SVC0014,2024-06-14,18:22:34,780,tab
SVP01612,SV100005,SVC0014,2024-06-14,18:23:34,840,tab
SVP01613,SV100005,SVC0014,2024-06-14,18:24:34,900,tab
SVP01614,SV100005,SVC0014,2024-06-14,18:25:34,960,tab
SVP01615,SV100005,SVC0014,2024-06-14,18:26:34,1020,tab
SVP01616,SV100005,SVC0014,2024-06-14,18:27:34,1080,tab
SVP01617,SV100005,SVC0014,2024-06-14,18:28:34,1140,tab
SVP01618,SV100005,SVC0014,2024-06-14,18:29:34,1200,tab
SVP01619,SV100005,SVC0014,2024-06-14,18:30:34,1260,tab
SVP01620,SV100005,SVC0014,2024-06-14,18:31:34,1320,tab
SVP01621,SV100005,SVC0014,2024-06-14,18:32:34,1380,tab
SVP01622,SV100005,SVC0014,2024-06-14,18:33:34,1440,tab
SVP01623,SV100005,SVC0014,2024-06-14,18:34:34,1500,tab
SVP01624,SV100005,SVC0014,2024-06-14,18:35:34,1560,tab
SVP01625,SV100005,SVC0014,2024-06-14,18:36:34,1620,tab
SVP01626,SV100005,SVC0014,2024-06-14,18:37:34,1680,tab
SVP01627,SV100005,SVC0014,2024-06-14,18:38:34,1740,tab
SVP01628,SV100005,SVC0014,2024-06-14,18:39:34,1800,tab
SVP01629,SV100005,SVC0014,2024-06-14,18:40:34,1860,tab
SVP01630,SV100005,SVC0014,2024-06-14,18:41:34,1920,tab
SVP01631,SV100005,SVC0014,2024-06-14,18:42:34,1980,tab
SVP01632,SV100005,SVC0014,2024-06-14,18:43:34,2040,tab
SVP01633,SV100005,SVC0014,2024-06-14,18:44:34,2100,tab
SVP01634,SV100005,SVC0014,2024-06-14,18:45:34,2160,tab
SVP01635,SV100005,SVC0014,2024-06-14,18:46:34,2220,tab
SVP01636,SV100005,SVC0014,2024-06-14,18:47:34,2280,tab
SVP01637,SV100005,SVC0014,2024-06-14,18:48:34,2340,tab
SVP01638,SV100005,SVC0014,2024-06-14,18:49:34,2400,tab
SVP01639,SV100005,SVC0014,2024-06-14,18:50:34,2460,tab
SVP01640,SV100005,SVC0014,2024-06-14,18:51:34,2520,tab
SVP01641,SV100005,SVC0014,2024-06-14,18:52:34,2580,tab
SVP01642,SV100005,SVC0014,2024-06-14,18:53:34,2640,tab
SVP01643,SV100005,SVC0014,2024-06-14,18:54:34,2700,tab
SVP01644,SV100005,SVC0014,2024-06-14,18:55:34,2760,tab
SVP01645,SV100005,SVC0014,2024-06-14,18:56:34,2820,tab
SVP01646,SV100005,SVC0014,2024-06-14,18:57:34,2880,tab
SVP01647,SV100005,SVC0014,2024-06-14,18:58:34,2940,tab
SVP01648,SV100023,SVC0011,2024-07-26,07:51:44,0,stb
SVP01649,SV100023,SVC0011,2024-07-26,07:52:44,60,stb
SVP01650,SV100023,SVC0011,2024-07-26,07:53:44,120,stb
SVP01651,SV100023,SVC0011,2024-07-26,07:54:44,180,stb
SVP01652,SV100023,SVC0011,2024-07-26,07:55:44,240,stb
SVP01653,SV100023,SVC0011,2024-07-26,07:56:44,300,stb
SVP01654,SV100023,SVC0011,2024-07-26,07:57:44,360,stb
SVP01655,SV100023,SVC0011,2024-07-26,07:58:44,420,stb
SVP01656,SV100023,SVC0011,2024-07-26,07:59:44,480,stb
SVP01657,SV100023,SVC0011,2024-07-26,08:00:44,540,stb
SVP01658,SV100023,SVC0011,2024-07-26,08:01:44,600,stb
SVP01659,SV100023,SVC0011,2024-07-26,08:02:44,660,stb
SVP01660,SV100003,SVC0009,2023-07-01,14:05:38,0,stb
SVP01661,SV100003,SVC0009,2023-07-01,14:06:38,60,stb
SVP01662,SV100003,SVC0009,2023-07-01,14:07:38,120,stb
SVP01663,SV100003,SVC0009,2023-07-01,14:08:38,180,stb
SVP01664,SV100003,SVC0009,2023-07-01,14:09:38,240,stb
SVP01665,SV100003,SVC0009,2023-07-01,14:10:38,300,stb
SVP01666,SV100003,SVC0009,2023-07-01,14:11:38,360,stb
SVP01667,SV100003,SVC0009,2023-07-01,14:12:38,420,stb
SVP01668,SV100003,SVC0009,2023-07-01,14:13:38,480,stb
SVP01669,SV100003,SVC0009,2023-07-01,14:14:38,540,stb
SVP01670,SV100003,SVC0009,2023-07-01,14:15:38,600,stb
SVP01671,SV100003,SVC0009,2023-07-01,14:16:38,660,stb
SVP01672,SV100003,SVC0009,2023-07-01,14:17:38,720,stb
SVP01673,SV100003,SVC0009,2023-07-01,14:18:38,780,stb
SVP01674,SV100003,SVC0009,2023-07-01,14:19:38,840,stb
SVP01675,SV100003,SVC0009,2023-07-01,14:21:38,960,stb
SVP01676,SV100003,SVC0009,2023-07-01,14:22:38,1020,stb
SVP01677,SV100004,SVC0015,2024-11-26,23:26:59,0,stb
SVP01678,SV100004,SVC0015,2024-11-26,23:27:59,60,stb
SVP01679,SV100004,SVC0015,2024-11-26,23:28:59,120,stb
SVP01680,SV100004,SVC0015,2024-11-26,23:29:59,180,stb
SVP01681,SV100004,SVC0015,2024-11-26,23:30:59,240,stb
SVP01682,SV100004,SVC0015,2024-11-26,23:31:59,300,stb
SVP01683,SV100004,SVC0015,2024-11-26,23:32:59,360,stb
SVP01684,SV100004,SVC0015,2024-11-26,23:33:59,420,stb
SVP01685,SV100004,SVC0015,2024-11-26,23:34:59,480,stb
SVP01686,SV100004,SVC0015,2024-11-26,23:35:59,540,stb
SVP01687,SV100004,SVC0015,2024-11-26,23:36:59,600,stb
SVP01688,SV100004,SVC0015,2024-11-26,23:37:59,660,stb
SVP01689,SV100004,SVC0015,2024-11-26,23:38:59,720,stb
SVP01690,SV100004,SVC0015,2024-11-26,23:39:59,780,stb
SVP01691,SV100004,SVC0015,2024-11-26,23:40:59,840,stb
SVP01692,SV100004,SVC0015,2024-11-26,23:41:59,900,stb
SVP01693,SV100004,SVC0015,2024-11-26,23:42:59,960,stb
SVP01694,SV100004,SVC0015,2024-11-26,23:43:59,1020,stb
SVP01695,SV100004,SVC0015,2024-11-26,23:44:59,1080,stb
SVP01696,SV100004,SVC0015,2024-11-26,23:45:59,1140,stb
SVP01697,SV100004,SVC0015,2024-11-26,23:46:59,1200,stb
SVP01698,SV100004,SVC0015,2024-11-26,23:47:59,1260,stb
SVP01699,SV100002,SVC0017,2023-08-13,11:16:03,0,stb
SVP01700,SV100002,SVC0017,2023-08-13,11:17:03,60,stb
SVP01701,SV100002,SVC0017,2023-08-13,11:18:03,120,stb
SVP01702,SV100002,SVC0017,2023-08-13,11:19:03,180,stb
SVP01703,SV100002,SVC0017,2023-08-13,11:20:03,240,stb
SVP01704,SV100002,SVC0017,2023-08-13,11:21:03,300,stb
SVP01705,SV100002,SVC0017,2023-08-13,11:23:03,420,stb
SVP01706,SV100002,SVC0017,2023-08-13,11:24:03,480,stb
SVP01707,SV100002,SVC0017,2023-08-13,11:25:03,540,stb
SVP01708,SV100002,SVC0017,2023-08-13,11:26:03,600,stb
SVP01709,SV100002,SVC0017,2023-08-13,11:27:03,660,stb
SVP01710,SV100021,SVC0010,2024-02-26,15:28:32,0,browser
SVP01711,SV100021,SVC0010,2024-02-26,15:29:32,60,browser
SVP01712,SV100021,SVC0010,2024-02-26,15:30:32,120,browser
SVP01713,SV100021,SVC0010,2024-02-26,15:31:32,180,browser
SVP01714,SV100021,SVC0010,2024-02-26,15:32:32,240,browser
SVP01715,SV100021,SVC0010,2024-02-26,15:33:32,300,browser
SVP01716,SV100021,SVC0010,2024-02-26,15:34:32,360,browser
SVP01717,SV100021,SVC0010,2024-02-26,15:35:32,420,browser
SVP01718,SV100021,SVC0010,2024-02-26,15:36:32,480,browser
SVP01719,SV100021,SVC0010,2024-02-26,15:37:32,540,browser
SVP01720,SV100021,SVC0010,2024-02-26,15:38:32,600,browser
SVP01721,SV100021,SVC0010,2024-02-26,15:39:32,660,browser
SVP01722,SV100021,SVC0010,2024-02-26,15:40:32,720,browser
SVP01723,SV100021,SVC0010,2024-02-26,15:41:32,780,browser
SVP01724,SV100021,SVC0010,2024-02-26,15:42:32,840,browser
SVP01725,SV100021,SVC0010,2024-02-26,15:43:32,900,browser
SVP01726,SV100021,SVC0010,2024-02-26,15:44:32,960,browser
SVP01727,SV100021,SVC0010,2024-02-26,15:45:32,1020,browser
SVP01728,SV100021,SVC0010,2024-02-26,15:46:32,1080,browser
SVP01729,SV100021,SVC0010,2024-02-26,15:47:32,1140,browser
SVP01730,SV100021,SVC0010,2024-02-26,15:48:32,1200,browser
SVP01731,SV100021,SVC0010,2024-02-26,15:49:32,1260,browser
SVP01732,SV100021,SVC0010,2024-02-26,15:50:32,1320,browser
SVP01733,SV100021,SVC0010,2024-02-26,15:51:32,1380,browser
SVP01734,SV100021,SVC0010,2024-02-26,15:52:32,1440,browser
SVP01735,SV100021,SVC0010,2024-02-26,15:53:32,1500,browser
SVP01736,SV100021,SVC0010,2024-02-26,15:54:32,1560,browser
SVP01737,SV100021,SVC0010,2024-02-26,15:55:32,1620,browser
SVP01738,SV100021,SVC0010,2024-02-26,15:56:32,1680,browser
SVP01739,SV100021,SVC0010,2024-02-26,15:57:32,1740,browser
SVP01740,SV100021,SVC0010,2024-02-26,15:58:32,1800,browser
SVP01741,SV100021,SVC0010,2024-02-26,15:59:32,1860,browser
SVP01742,SV100021,SVC0010,2024-02-26,16:00:32,1920,browser
SVP01743,SV100021,SVC0010,2024-02-26,16:01:32,1980,browser
SVP01744,SV100021,SVC0010,2024-02-26,16:02:32,2040,browser
SVP01745,SV100021,SVC0010,2024-02-26,16:03:32,2100,browser
SVP01746,SV100021,SVC0010,2024-02-26,16:04:32,2160,browser
SVP01747,SV100021,SVC0010,2024-02-26,16:05:32,2220,browser
SVP01748,SV100021,SVC0010,2024-02-26,16:06:32,2280,browser
SVP01749,SV100021,SVC0010,2024-02-26,16:07:32,2340,browser
SVP01750,SV100021,SVC0010,2024-02-26,16:08:32,2400,browser
SVP01751,SV100021,SVC0010,2024-02-26,16:09:32,2460,browser
SVP01752,SV100021,SVC0010,2024-02-26,16:10:32,2520,browser
SVP01753,SV100021,SVC0010,2024-02-26,16:11:32,2580,browser
SVP01754,SV100021,SVC0010,2024-02-26,16:12:32,2640,browser
SVP01755,SV100021,SVC0010,2024-02-26,16:13:32,2700,browser
SVP01756,SV100021,SVC0010,2024-02-26,16:15:32,2820,browser
SVP01757,SV100021,SVC0010,2024-02-26,16:16:32,2880,browser
SVP01758,SV100021,SVC0010,2024-02-26,16:17:32,2940,browser
SVP01759,SV100021,SVC0010,2024-02-26,16:18:32,3000,browser
SVP01760,SV100021,SVC0010,2024-02-26,16:19:32,3060,browser
SVP01761,SV100021,SVC0010,2024-02-26,16:20:32,3120,browser
SVP01762,SV100021,SVC0010,2024-02-26,16:21:32,3180,browser
SVP01763,SV100021,SVC0010,2024-02-26,16:22:32,3240,browser
SVP01764,SV100021,SVC0010,2024-02-26,16:23:32,3300,browser
SVP01765,SV100021,SVC0010,2024-02-26,16:24:32,3360,browser
SVP01766,SV100021,SVC0010,2024-02-26,16:25:32,3420,browser
SVP01767,SV100021,SVC0010,2024-02-26,16:26:32,3480,browser
SVP01768,SV100021,SVC0010,2024-02-26,16:27:32,3540,browser
SVP01769,SV100021,SVC0010,2024-02-26,16:28:32,3600,browser
SVP01770,SV100021,SVC0010,2024-02-26,16:29:32,3660,browser
SVP01771,SV100021,SVC0010,2024-02-26,16:30:32,3720,browser
SVP01772,SV100021,SVC0010,2024-02-26,16:31:32,3780,browser
SVP01773,SV100021,SVC0010,2024-02-26,16:32:32,3840,browser
SVP01774,SV100021,SVC0010,2024-02-26,16:33:32,3900,browser
SVP01775,SV100021,SVC0010,2024-02-26,16:34:32,3960,browser
SVP01776,SV100021,SVC0010,2024-02-26,16:35:32,4020,browser
SVP01777,SV100021,SVC0010,2024-02-26,16:36:32,4080,browser
SVP01778,SV100021,SVC0010,2024-02-26,16:37:32,4140,browser
SVP01779,SV100021,SVC0010,2024-02-26,16:38:32,4200,browser
SVP01780,SV100021,SVC0010,2024-02-26,16:39:32,4260,browser
SVP01781,SV100021,SVC0010,2024-02-26,16:40:32,4320,browser
SVP01782,SV100021,SVC0010,2024-02-26,16:41:32,4380,browser
SVP01783,SV100021,SVC0010,2024-02-26,16:42:32,4440,browser
SVP01784,SV100001,SVC0009,2023-02-01,06:46:32,0,stb
SVP01785,SV100001,SVC0009,2023-02-01,06:47:32,60,stb
SVP01786,SV100001,SVC0009,2023-02-01,06:48:32,120,stb
SVP01787,SV100001,SVC0009,2023-02-01,06:49:32,180,stb
SVP01788,SV100001,SVC0009,2023-02-01,06:50:32,240,stb
SVP01789,SV100001,SVC0009,2023-02-01,06:51:32,300,stb
SVP01790,SV100001,SVC0009,2023-02-01,06:52:32,360,stb
SVP01791,SV100001,SVC0009,2023-02-01,06:53:32,420,stb
SVP01792,SV100001,SVC0009,2023-02-01,06:54:32,480,stb
SVP01793,SV100001,SVC0009,2023-02-01,06:55:32,540,stb
SVP01794,SV100001,SVC0009,2023-02-01,06:56:32,600,stb
SVP01795,SV100001,SVC0009,2023-02-01,06:57:32,660,stb
SVP01796,SV100001,SVC0009,2023-02-01,06:58:32,720,stb
SVP01797,SV100001,SVC0009,2023-02-01,06:59:32,780,stb
SVP01798,SV100001,SVC0009,2023-02-01,07:00:32,840,stb
SVP01799,SV100001,SVC0009,2023-02-01,07:01:32,900,stb
SVP01800,SV100001,SVC0009,2023-02-01,07:02:32,960,stb
SVP01801,SV100001,SVC0009,2023-02-01,07:03:32,1020,stb
SVP01802,SV100001,SVC0009,2023-02-01,07:04:32,1080,stb
SVP01803,SV100001,SVC0009,2023-02-01,07:05:32,1140,stb
SVP01804,SV100001,SVC0009,2023-02-01,07:06:32,1200,stb
SVP01805,SV100001,SVC0009,2023-02-01,07:07:32,1260,stb
SVP01806,SV100001,SVC0009,2023-02-01,07:08:32,1320,stb
SVP01807,SV100001,SVC0009,2023-02-01,07:09:32,1380,stb
SVP01808,SV100001,SVC0009,2023-02-01,07:10:32,1440,stb
SVP01809,SV100001,SVC0009,2023-02-01,07:11:32,1500,stb
SVP01810,SV100001,SVC0009,2023-02-01,07:12:32,1560,stb
SVP01811,SV100001,SVC0009,2023-02-01,07:13:32,1620,stb
SVP01812,SV100001,SVC0009,2023-02-01,07:14:32,1680,stb
SVP01813,SV100001,SVC0009,2023-02-01,07:15:32,1740,stb
SVP01814,SV100001,SVC0009,2023-02-01,07:16:32,1800,stb
SVP01815,SV100001,SVC0009,2023-02-01,07:17:32,1860,stb
SVP01816,SV100001,SVC0009,2023-02-01,07:18:32,1920,stb
SVP01817,SV100001,SVC0009,2023-02-01,07:19:32,1980,stb
SVP01818,SV100001,SVC0009,2023-02-01,07:20:32,2040,stb
SVP01819,SV100001,SVC0009,2023-02-01,07:21:32,2100,stb
SVP01820,SV100001,SVC0009,2023-02-01,07:22:32,2160,stb
SVP01821,SV100001,SVC0009,2023-02-01,07:23:32,2220,stb
SVP01822,SV100001,SVC0009,2023-02-01,07:24:32,2280,stb
SVP01823,SV100001,SVC0009,2023-02-01,07:25:32,2340,stb
SVP01824,SV100001,SVC0009,2023-02-01,07:26:32,2400,stb
SVP01825,SV100001,SVC0009,2023-02-01,07:27:32,2460,stb
SVP01826,SV100001,SVC0009,2023-02-01,07:28:32,2520,stb
SVP01827,SV100001,SVC0009,2023-02-01,07:29:32,2580,stb
SVP01828,SV100001,SVC0009,2023-02-01,07:30:32,2640,stb
SVP01829,SV100001,SVC0009,2023-02-01,07:31:32,2700,stb
SVP01830,SV100001,SVC0009,2023-02-01,07:32:32,2760,stb
SVP01831,SV100001,SVC0009,2023-02-01,07:33:32,2820,stb
SVP01832,SV100001,SVC0009,2023-02-01,07:34:32,2880,stb
SVP01833,SV100001,SVC0009,2023-02-01,07:35:32,2940,stb
SVP01834,SV100017,SVC0016,2025-07-05,09:42:52,0,stb
SVP01835,SV100017,SVC0016,2025-07-05,09:43:52,60,stb
SVP01836,SV100017,SVC0016,2025-07-05,09:44:52,120,stb
SVP01837,SV100017,SVC0016,2025-07-05,09:45:52,180,stb
SVP01838,SV100017,SVC0016,2025-07-05,09:46:52,240,stb
SVP01839,SV100017,SVC0016,2025-07-05,09:47:52,300,stb
SVP01840,SV100017,SVC0016,2025-07-05,09:48:52,360,stb
SVP01841,SV100017,SVC0016,2025-07-05,09:49:52,420,stb
SVP01842,SV100017,SVC0016,2025-07-05,09:50:52,480,stb
SVP01843,SV100017,SVC0016,2025-07-05,09:51:52,540,stb
SVP01844,SV100017,SVC0016,2025-07-05,09:52:52,600,stb
SVP01845,SV100017,SVC0016,2025-07-05,09:53:52,660,stb
SVP01846,SV100017,SVC0016,2025-07-05,09:54:52,720,stb
SVP01847,SV100017,SVC0016,2025-07-05,09:55:52,780,stb
SVP01848,SV100017,SVC0016,2025-07-05,09:56:52,840,stb
SVP01849,SV100017,SVC0016,2025-07-05,09:57:52,900,stb
SVP01850,SV100017,SVC0016,2025-07-05,09:58:52,960,stb
SVP01851,SV100017,SVC0016,2025-07-05,09:59:52,1020,stb
SVP01852,SV100017,SVC0016,2025-07-05,10:00:52,1080,stb
SVP01853,SV100017,SVC0016,2025-07-05,10:01:52,1140,stb
SVP01854,SV100017,SVC0016,2025-07-05,10:02:52,1200,stb
SVP01855,SV100017,SVC0016,2025-07-05,10:03:52,1260,stb
SVP01856,SV100017,SVC0016,2025-07-05,10:04:52,1320,stb
SVP01857,SV100017,SVC0016,2025-07-05,10:05:52,1380,stb
SVP01858,SV100017,SVC0016,2025-07-05,10:06:52,1440,stb
SVP01859,SV100017,SVC0016,2025-07-05,10:07:52,1500,stb
SVP01860,SV100017,SVC0016,2025-07-05,10:08:52,1560,stb
SVP01861,SV100017,SVC0016,2025-07-05,10:09:52,1620,stb
SVP01862,SV100017,SVC0016,2025-07-05,10:10:52,1680,stb
SVP01863,SV100017,SVC0016,2025-07-05,10:11:52,1740,stb
SVP01864,SV100017,SVC0016,2025-07-05,10:12:52,1800,stb
SVP01865,SV100017,SVC0016,2025-07-05,10:13:52,1860,stb
SVP01866,SV100017,SVC0016,2025-07-05,10:14:52,1920,stb
SVP01867,SV100017,SVC0016,2025-07-05,10:15:52,1980,stb
SVP01868,SV100017,SVC0016,2025-07-05,10:16:52,2040,stb
SVP01869,SV100017,SVC0016,2025-07-05,10:17:52,2100,stb
SVP01870,SV100017,SVC0016,2025-07-05,10:18:52,2160,stb
SVP01871,SV100017,SVC0016,2025-07-05,10:19:52,2220,stb
SVP01872,SV100017,SVC0016,2025-07-05,10:20:52,2280,stb
SVP01873,SV100017,SVC0016,2025-07-05,10:21:52,2340,stb
SVP01874,SV100017,SVC0016,2025-07-05,10:22:52,2400,stb
SVP01875,SV100017,SVC0016,2025-07-05,10:23:52,2460,stb
SVP01876,SV100017,SVC0016,2025-07-05,10:24:52,2520,stb
SVP01877,SV100017,SVC0016,2025-07-05,10:25:52,2580,stb
SVP01878,SV100017,SVC0016,2025-07-05,10:26:52,2640,stb
SVP01879,SV100017,SVC0016,2025-07-05,10:27:52,2700,stb
SVP01880,SV100017,SVC0016,2025-07-05,10:28:52,2760,stb
SVP01881,SV100017,SVC0016,2025-07-05,10:29:52,2820,stb
SVP01882,SV100017,SVC0016,2025-07-05,10:30:52,2880,stb
SVP01883,SV100017,SVC0016,2025-07-05,10:31:52,2940,stb
SVP01884,SV100017,SVC0016,2025-07-05,10:32:52,3000,stb
SVP01885,SV100017,SVC0016,2025-07-05,10:33:52,3060,stb
SVP01886,SV100017,SVC0016,2025-07-05,10:34:52,3120,stb
SVP01887,SV100017,SVC0016,2025-07-05,10:35:52,3180,stb
SVP01888,SV100017,SVC0016,2025-07-05,10:36:52,3240,stb
SVP01889,SV100017,SVC0016,2025-07-05,10:37:52,3300,stb
SVP01890,SV100017,SVC0016,2025-07-05,10:38:52,3360,stb
SVP01891,SV100017,SVC0016,2025-07-05,10:39:52,3420,stb
SVP01892,SV100017,SVC0016,2025-07-05,10:40:52,3480,stb
SVP01893,SV100017,SVC0016,2025-07-05,10:41:52,3540,stb
SVP01894,SV100017,SVC0016,2025-07-05,10:42:52,3600,stb
SVP01895,SV100017,SVC0016,2025-07-05,10:43:52,3660,stb
SVP01896,SV100017,SVC0016,2025-07-05,10:44:52,3720,stb
SVP01897,SV100017,SVC0016,2025-07-05,10:45:52,3780,stb
SVP01898,SV100017,SVC0016,2025-07-05,10:46:52,3840,stb
SVP01899,SV100017,SVC0016,2025-07-05,10:47:52,3900,stb
SVP01900,SV100017,SVC0016,2025-07-05,10:48:52,3960,stb
SVP01901,SV100017,SVC0016,2025-07-05,10:49:52,4020,stb
SVP01902,SV100017,SVC0016,2025-07-05,10:50:52,4080,stb
SVP01903,SV100017,SVC0016,2025-07-05,10:51:52,4140,stb
SVP01904,SV100017,SVC0016,2025-07-05,10:52:52,4200,stb
SVP01905,SV100017,SVC0016,2025-07-05,10:53:52,4260,stb
SVP01906,SV100017,SVC0016,2025-07-05,10:54:52,4320,stb
SVP01907,SV100017,SVC0016,2025-07-05,10:55:52,4380,stb
SVP01908,SV100017,SVC0016,2025-07-05,10:56:52,4440,stb
SVP01909,SV100016,SVC0018,2025-11-04,15:44:13,0,browser
SVP01910,SV100016,SVC0018,2025-11-04,15:45:13,60,browser
SVP01911,SV100016,SVC0018,2025-11-04,15:46:13,120,browser
SVP01912,SV100016,SVC0018,2025-11-04,15:47:13,180,browser
SVP01913,SV100016,SVC0018,2025-11-04,15:48:13,240,browser
SVP01914,SV100016,SVC0018,2025-11-04,15:49:13,300,browser
SVP01915,SV100016,SVC0018,2025-11-04,15:50:13,360,browser
SVP01916,SV100016,SVC0018,2025-11-04,15:51:13,420,browser
SVP01917,SV100016,SVC0018,2025-11-04,15:52:13,480,browser
SVP01918,SV100016,SVC0018,2025-11-04,15:53:13,540,browser
SVP01919,SV100016,SVC0018,2025-11-04,15:54:13,600,browser
SVP01920,SV100016,SVC0018,2025-11-04,15:55:13,660,browser
SVP01921,SV100016,SVC0018,2025-11-04,15:56:13,720,browser
SVP01922,SV100016,SVC0018,2025-11-04,15:57:13,780,browser
SVP01923,SV100016,SVC0018,2025-11-04,15:58:13,840,browser
SVP01924,SV100016,SVC0018,2025-11-04,15:59:13,900,browser
SVP01925,SV100016,SVC0018,2025-11-04,16:00:13,960,browser
SVP01926,SV100016,SVC0018,2025-11-04,16:01:13,1020,browser
SVP01927,SV100004,SVC0025,2026-01-01,16:22:53,0,stb
SVP01928,SV100004,SVC0025,2026-01-01,16:23:53,60,stb
SVP01929,SV100004,SVC0025,2026-01-01,16:24:53,120,stb
SVP01930,SV100004,SVC0025,2026-01-01,16:25:53,180,stb
SVP01931,SV100004,SVC0025,2026-01-01,16:27:53,300,stb
SVP01932,SV100004,SVC0025,2026-01-01,16:28:53,360,stb
SVP01933,SV100004,SVC0025,2026-01-01,16:29:53,420,stb
SVP01934,SV100004,SVC0025,2026-01-01,16:30:53,480,stb
SVP01935,SV100004,SVC0025,2026-01-01,16:31:53,540,stb
SVP01936,SV100004,SVC0025,2026-01-01,16:32:53,600,stb
SVP01937,SV100004,SVC0025,2026-01-01,16:33:53,660,stb
SVP01938,SV100004,SVC0025,2026-01-01,16:34:53,720,stb
SVP01939,SV100004,SVC0025,2026-01-01,16:35:53,780,stb
SVP01940,SV100004,SVC0025,2026-01-01,16:36:53,840,stb
SVP01941,SV100004,SVC0025,2026-01-01,16:37:53,900,stb
SVP01942,SV100004,SVC0025,2026-01-01,16:38:53,960,stb
SVP01943,SV100004,SVC0025,2026-01-01,16:39:53,1020,stb
SVP01944,SV100004,SVC0025,2026-01-01,16:40:53,1080,stb
SVP01945,SV100004,SVC0025,2026-01-01,16:41:53,1140,stb
SVP01946,SV100004,SVC0025,2026-01-01,16:42:53,1200,stb
SVP01947,SV100004,SVC0025,2026-01-01,16:43:53,1260,stb
SVP01948,SV100004,SVC0025,2026-01-01,16:44:53,1320,stb
SVP01949,SV100004,SVC0025,2026-01-01,16:45:53,1380,stb
SVP01950,SV100004,SVC0025,2026-01-01,16:46:53,1440,stb
SVP01951,SV100004,SVC0025,2026-01-01,16:47:53,1500,stb
SVP01952,SV100004,SVC0025,2026-01-01,16:48:53,1560,stb
SVP01953,SV100004,SVC0025,2026-01-01,16:49:53,1620,stb
SVP01954,SV100004,SVC0025,2026-01-01,16:50:53,1680,stb
SVP01955,SV100004,SVC0025,2026-01-01,16:51:53,1740,stb
SVP01956,SV100004,SVC0025,2026-01-01,16:53:53,1860,stb
SVP01957,SV100004,SVC0025,2026-01-01,16:54:53,1920,stb
SVP01958,SV100004,SVC0025,2026-01-01,16:55:53,1980,stb
SVP01959,SV100004,SVC0025,2026-01-01,16:56:53,2040,stb
SVP01960,SV100004,SVC0025,2026-01-01,16:57:53,2100,stb
SVP01961,SV100004,SVC0025,2026-01-01,16:58:53,2160,stb
SVP01962,SV100004,SVC0025,2026-01-01,16:59:53,2220,stb
SVP01963,SV100004,SVC0025,2026-01-01,17:00:53,2280,stb
SVP01964,SV100004,SVC0025,2026-01-01,17:01:53,2340,stb
SVP01965,SV100004,SVC0025,2026-01-01,17:02:53,2400,stb
SVP01966,SV100004,SVC0025,2026-01-01,17:03:53,2460,stb
SVP01967,SV100004,SVC0025,2026-01-01,17:04:53,2520,stb
SVP01968,SV100004,SVC0025,2026-01-01,17:05:53,2580,stb
SVP01969,SV100004,SVC0025,2026-01-01,17:06:53,2640,stb
SVP01970,SV100004,SVC0025,2026-01-01,17:07:53,2700,stb
SVP01971,SV100004,SVC0025,2026-01-01,17:08:53,2760,stb
SVP01972,SV100004,SVC0025,2026-01-01,17:09:53,2820,stb
SVP01973,SV100004,SVC0025,2026-01-01,17:10:53,2880,stb
SVP01974,SV100004,SVC0025,2026-01-01,17:11:53,2940,stb
SVP01975,SV100004,SVC0025,2026-01-01,17:12:53,3000,stb
SVP01976,SV100004,SVC0025,2026-01-01,17:13:53,3060,stb
SVP01977,SV100004,SVC0025,2026-01-01,17:14:53,3120,stb
SVP01978,SV100004,SVC0025,2026-01-01,17:15:53,3180,stb
SVP01979,SV100004,SVC0025,2026-01-01,17:16:53,3240,stb
SVP01980,SV100004,SVC0025,2026-01-01,17:17:53,3300,stb
SVP01981,SV100004,SVC0025,2026-01-01,17:18:53,3360,stb
SVP01982,SV100004,SVC0025,2026-01-01,17:19:53,3420,stb
SVP01983,SV100004,SVC0025,2026-01-01,17:20:53,3480,stb
SVP01984,SV100004,SVC0025,2026-01-01,17:21:53,3540,stb
SVP01985,SV100004,SVC0025,2026-01-01,17:22:53,3600,stb
SVP01986,SV100004,SVC0025,2026-01-01,17:23:53,3660,stb
SVP01987,SV100004,SVC0025,2026-01-01,17:24:53,3720,stb
SVP01988,SV100004,SVC0025,2026-01-01,17:25:53,3780,stb
SVP01989,SV100004,SVC0025,2026-01-01,17:26:53,3840,stb
SVP01990,SV100004,SVC0025,2026-01-01,17:27:53,3900,stb
SVP01991,SV100004,SVC0025,2026-01-01,17:28:53,3960,stb
SVP01992,SV100004,SVC0025,2026-01-01,17:29:53,4020,stb
SVP01993,SV100004,SVC0025,2026-01-01,17:30:53,4080,stb
SVP01994,SV100004,SVC0025,2026-01-01,17:31:53,4140,stb
SVP01995,SV100004,SVC0025,2026-01-01,17:32:53,4200,stb
SVP01996,SV100004,SVC0025,2026-01-01,17:33:53,4260,stb
SVP01997,SV100004,SVC0025,2026-01-01,17:34:53,4320,stb
SVP01998,SV100004,SVC0025,2026-01-01,17:35:53,4380,stb
SVP01999,SV100004,SVC0025,2026-01-01,17:36:53,4440,stb
SVP02000,SV100004,SVC0025,2026-01-01,17:37:53,4500,stb
SVP02001,SV100004,SVC0025,2026-01-01,17:38:53,4560,stb
SVP02002,SV100004,SVC0025,2026-01-01,17:39:53,4620,stb
SVP02003,SV100004,SVC0025,2026-01-01,17:40:53,4680,stb
SVP02004,SV100004,SVC0025,2026-01-01,17:41:53,4740,stb
SVP02005,SV100004,SVC0025,2026-01-01,17:42:53,4800,stb
SVP02006,SV100004,SVC0025,2026-01-01,17:43:53,4860,stb
SVP02007,SV100004,SVC0025,2026-01-01,17:44:53,4920,stb
SVP02008,SV100004,SVC0025,2026-01-01,17:45:53,4980,stb
SVP02009,SV100004,SVC0025,2026-01-01,17:46:53,5040,stb
SVP02010,SV100004,SVC0025,2026-01-01,17:47:29,5076,stb
SVP02011,SV100019,SVC0014,2026-01-06,13:02:08,0,tab
SVP02012,SV100019,SVC0014,2026-01-06,13:03:08,60,tab
SVP02013,SV100019,SVC0014,2026-01-06,13:04:08,120,tab
SVP02014,SV100019,SVC0014,2026-01-06,13:05:08,180,tab
SVP02015,SV100019,SVC0014,2026-01-06,13:06:08,240,tab
SVP02016,SV100019,SVC0014,2026-01-06,13:07:08,300,tab
SVP02017,SV100019,SVC0014,2026-01-06,13:08:08,360,tab
SVP02018,SV100019,SVC0014,2026-01-06,13:09:08,420,tab
SVP02019,SV100019,SVC0014,2026-01-06,13:10:08,480,tab
SVP02020,SV100019,SVC0014,2026-01-06,13:11:08,540,tab
SVP02021,SV100019,SVC0014,2026-01-06,13:12:08,600,tab
SVP02022,SV100019,SVC0014,2026-01-06,13:13:08,660,tab
SVP02023,SV100019,SVC0014,2026-01-06,13:14:08,720,tab
SVP02024,SV100019,SVC0014,2026-01-06,13:15:08,780,tab
SVP02025,SV100019,SVC0014,2026-01-06,13:16:08,840,tab
SVP02026,SV100019,SVC0014,2026-01-06,13:17:08,900,tab
SVP02027,SV100019,SVC0014,2026-01-06,13:18:08,960,tab
SVP02028,SV100019,SVC0014,2026-01-06,13:19:08,1020,tab
SVP02029,SV100019,SVC0014,2026-01-06,13:20:08,1080,tab
SVP02030,SV100019,SVC0014,2026-01-06,13:21:08,1140,tab
SVP02031,SV100019,SVC0014,2026-01-06,13:22:08,1200,tab
SVP02032,SV100019,SVC0014,2026-01-06,13:23:08,1260,tab
SVP02033,SV100019,SVC0014,2026-01-06,13:24:08,1320,tab
SVP02034,SV100019,SVC0014,2026-01-06,13:25:08,1380,tab
SVP02035,SV100019,SVC0014,2026-01-06,13:26:08,1440,tab
SVP02036,SV100019,SVC0014,2026-01-06,13:27:08,1500,tab
SVP02037,SV100019,SVC0014,2026-01-06,13:28:08,1560,tab
SVP02038,SV100019,SVC0014,2026-01-06,13:29:08,1620,tab
SVP02039,SV100019,SVC0014,2026-01-06,13:30:08,1680,tab
SVP02040,SV100019,SVC0014,2026-01-06,13:31:08,1740,tab
SVP02041,SV100019,SVC0014,2026-01-06,13:33:08,1860,tab
SVP02042,SV100019,SVC0014,2026-01-06,13:34:08,1920,tab
SVP02043,SV100019,SVC0014,2026-01-06,13:35:08,1980,tab
SVP02044,SV100019,SVC0014,2026-01-06,13:37:08,2100,tab
SVP02045,SV100019,SVC0014,2026-01-06,13:38:08,2160,tab
SVP02046,SV100019,SVC0014,2026-01-06,13:39:08,2220,tab
SVP02047,SV100019,SVC0014,2026-01-06,13:40:08,2280,tab
SVP02048,SV100019,SVC0014,2026-01-06,13:41:08,2340,tab
SVP02049,SV100019,SVC0014,2026-01-06,13:42:08,2400,tab
SVP02050,SV100019,SVC0014,2026-01-06,13:43:07,2459,tab
SVP02051,SV100002,SVC0013,2026-01-06,15:40:57,0,mob
SVP02052,SV100002,SVC0013,2026-01-06,15:41:57,60,mob
SVP02053,SV100002,SVC0013,2026-01-06,15:42:57,120,mob
SVP02054,SV100002,SVC0013,2026-01-06,15:43:57,180,mob
SVP02055,SV100002,SVC0013,2026-01-06,15:44:57,240,mob
SVP02056,SV100002,SVC0013,2026-01-06,15:45:57,300,mob
SVP02057,SV100002,SVC0013,2026-01-06,15:46:57,360,mob
SVP02058,SV100002,SVC0013,2026-01-06,15:47:57,420,mob
SVP02059,SV100002,SVC0013,2026-01-06,15:49:47,530,mob
SVP02060,SV100018,SVC0004,2026-01-07,22:12:43,0,mob
SVP02061,SV100018,SVC0004,2026-01-07,22:14:43,120,mob
SVP02062,SV100018,SVC0004,2026-01-07,22:15:43,180,mob
SVP02063,SV100018,SVC0004,2026-01-07,22:16:43,240,mob
SVP02064,SV100018,SVC0004,2026-01-07,22:17:43,300,mob
SVP02065,SV100018,SVC0004,2026-01-07,22:18:43,360,mob
SVP02066,SV100018,SVC0004,2026-01-07,22:19:43,420,mob
SVP02067,SV100018,SVC0004,2026-01-07,22:20:43,480,mob
SVP02068,SV100018,SVC0004,2026-01-07,22:21:43,540,mob
SVP02069,SV100018,SVC0004,2026-01-07,22:23:43,660,mob
SVP02070,SV100018,SVC0004,2026-01-07,22:24:43,720,mob
SVP02071,SV100018,SVC0004,2026-01-07,22:25:43,780,mob
SVP02072,SV100018,SVC0004,2026-01-07,22:27:10,867,mob
SVP02073,SV100012,SVC0013,2026-01-08,13:27:44,0,mob
SVP02074,SV100012,SVC0013,2026-01-08,13:28:44,60,mob
SVP02075,SV100012,SVC0013,2026-01-08,13:29:44,120,mob
SVP02076,SV100012,SVC0013,2026-01-08,13:30:44,180,mob
SVP02077,SV100012,SVC0013,2026-01-08,13:31:44,240,mob
SVP02078,SV100012,SVC0013,2026-01-08,13:32:44,300,mob
SVP02079,SV100012,SVC0013,2026-01-08,13:33:44,360,mob
SVP02080,SV100012,SVC0013,2026-01-08,13:34:44,420,mob
SVP02081,SV100012,SVC0013,2026-01-08,13:35:44,480,mob
SVP02082,SV100012,SVC0013,2026-01-08,13:36:44,540,mob
SVP02083,SV100012,SVC0013,2026-01-08,13:37:44,600,mob
SVP02084,SV100012,SVC0013,2026-01-08,13:38:44,660,mob
SVP02085,SV100012,SVC0013,2026-01-08,13:39:44,720,mob
SVP02086,SV100012,SVC0013,2026-01-08,13:40:44,780,mob
SVP02087,SV100012,SVC0013,2026-01-08,13:41:44,840,mob
SVP02088,SV100012,SVC0013,2026-01-08,13:43:44,960,mob
SVP02089,SV100012,SVC0013,2026-01-08,13:45:44,1080,mob
SVP02090,SV100012,SVC0013,2026-01-08,13:46:44,1140,mob
SVP02091,SV100012,SVC0013,2026-01-08,13:47:44,1200,mob
SVP02092,SV100012,SVC0013,2026-01-08,13:48:44,1260,mob
SVP02093,SV100012,SVC0013,2026-01-08,13:49:44,1320,mob
SVP02094,SV100012,SVC0013,2026-01-08,13:50:44,1380,mob
SVP02095,SV100012,SVC0013,2026-01-08,13:51:44,1440,mob
SVP02096,SV100012,SVC0013,2026-01-08,13:52:44,1500,mob
SVP02097,SV100012,SVC0013,2026-01-08,13:53:44,1560,mob
SVP02098,SV100012,SVC0013,2026-01-08,13:54:44,1620,mob
SVP02099,SV100012,SVC0013,2026-01-08,13:55:44,1680,mob
SVP02100,SV100012,SVC0013,2026-01-08,13:56:44,1740,mob
SVP02101,SV100012,SVC0013,2026-01-08,13:57:44,1800,mob
SVP02102,SV100012,SVC0013,2026-01-08,13:58:44,1860,mob
SVP02103,SV100012,SVC0013,2026-01-08,13:59:44,1920,mob
SVP02104,SV100012,SVC0013,2026-01-08,14:00:44,1980,mob
SVP02105,SV100012,SVC0013,2026-01-08,14:01:44,2040,mob
SVP02106,SV100012,SVC0013,2026-01-08,14:02:44,2100,mob
SVP02107,SV100012,SVC0013,2026-01-08,14:03:44,2160,mob
SVP02108,SV100012,SVC0013,2026-01-08,14:04:44,2220,mob
SVP02109,SV100012,SVC0013,2026-01-08,14:05:44,2280,mob
SVP02110,SV100012,SVC0013,2026-01-08,14:06:44,2340,mob
SVP02111,SV100012,SVC0013,2026-01-08,14:07:44,2400,mob
SVP02112,SV100012,SVC0013,2026-01-08,14:08:44,2460,mob
SVP02113,SV100012,SVC0013,2026-01-08,14:09:44,2520,mob
SVP02114,SV100012,SVC0013,2026-01-08,14:10:44,2580,mob
SVP02115,SV100012,SVC0013,2026-01-08,14:11:44,2640,mob
SVP02116,SV100012,SVC0013,2026-01-08,14:12:44,2700,mob
SVP02117,SV100012,SVC0013,2026-01-08,14:13:44,2760,mob
SVP02118,SV100012,SVC0013,2026-01-08,14:14:44,2820,mob
SVP02119,SV100012,SVC0013,2026-01-08,14:15:44,2880,mob
SVP02120,SV100012,SVC0013,2026-01-08,14:16:44,2940,mob
SVP02121,SV100012,SVC0013,2026-01-08,14:17:44,3000,mob
SVP02122,SV100012,SVC0013,2026-01-08,14:18:44,3060,mob
SVP02123,SV100012,SVC0013,2026-01-08,14:19:44,3120,mob
SVP02124,SV100012,SVC0013,2026-01-08,14:20:44,3180,mob
SVP02125,SV100012,SVC0013,2026-01-08,14:21:44,3240,mob
SVP02126,SV100012,SVC0013,2026-01-08,14:22:44,3300,mob
SVP02127,SV100012,SVC0013,2026-01-08,14:24:44,3420,mob
SVP02128,SV100012,SVC0013,2026-01-08,14:25:44,3480,mob
SVP02129,SV100012,SVC0013,2026-01-08,14:26:44,3540,mob
SVP02130,SV100012,SVC0013,2026-01-08,14:27:44,3600,mob
SVP02131,SV100012,SVC0013,2026-01-08,14:28:44,3660,mob
SVP02132,SV100012,SVC0013,2026-01-08,14:29:44,3720,mob
SVP02133,SV100012,SVC0013,2026-01-08,14:31:44,3840,mob
SVP02134,SV100012,SVC0013,2026-01-08,14:32:44,3900,mob
SVP02135,SV100012,SVC0013,2026-01-08,14:33:44,3960,mob
SVP02136,SV100012,SVC0013,2026-01-08,14:34:44,4020,mob
SVP02137,SV100012,SVC0013,2026-01-08,14:36:44,4140,mob
SVP02138,SV100012,SVC0013,2026-01-08,14:37:44,4200,mob
SVP02139,SV100012,SVC0013,2026-01-08,14:38:44,4260,mob
SVP02140,SV100012,SVC0013,2026-01-08,14:39:44,4320,mob
SVP02141,SV100012,SVC0013,2026-01-08,14:40:24,4360,mob
SVP02142,SV100015,SVC0001,2026-01-09,18:10:50,0,mob
SVP02143,SV100015,SVC0001,2026-01-09,18:11:50,60,mob
SVP02144,SV100015,SVC0001,2026-01-09,18:12:50,120,mob
SVP02145,SV100015,SVC0001,2026-01-09,18:13:50,180,mob
SVP02146,SV100015,SVC0001,2026-01-09,18:14:50,240,mob
SVP02147,SV100015,SVC0001,2026-01-09,18:15:50,300,mob
SVP02148,SV100015,SVC0001,2026-01-09,18:16:50,360,mob
SVP02149,SV100015,SVC0001,2026-01-09,18:17:50,420,mob
SVP02150,SV100015,SVC0001,2026-01-09,18:18:50,480,mob
SVP02151,SV100015,SVC0001,2026-01-09,18:19:50,540,mob
SVP02152,SV100015,SVC0001,2026-01-09,18:20:50,600,mob
SVP02153,SV100015,SVC0001,2026-01-09,18:21:50,660,mob
SVP02154,SV100015,SVC0001,2026-01-09,18:22:50,720,mob
SVP02155,SV100015,SVC0001,2026-01-09,18:23:50,780,mob
SVP02156,SV100015,SVC0001,2026-01-09,18:24:50,840,mob
SVP02157,SV100015,SVC0001,2026-01-09,18:25:50,900,mob
SVP02158,SV100015,SVC0001,2026-01-09,18:26:50,960,mob
SVP02159,SV100015,SVC0001,2026-01-09,18:28:50,1080,mob
SVP02160,SV100015,SVC0001,2026-01-09,18:29:50,1140,mob
SVP02161,SV100015,SVC0001,2026-01-09,18:30:50,1200,mob
SVP02162,SV100015,SVC0001,2026-01-09,18:31:50,1260,mob
SVP02163,SV100015,SVC0001,2026-01-09,18:33:50,1380,mob
SVP02164,SV100015,SVC0001,2026-01-09,18:34:50,1440,mob
SVP02165,SV100015,SVC0001,2026-01-09,18:35:50,1500,mob
SVP02166,SV100015,SVC0001,2026-01-09,18:36:50,1560,mob
SVP02167,SV100015,SVC0001,2026-01-09,18:37:50,1620,mob
SVP02168,SV100015,SVC0001,2026-01-09,18:38:50,1680,mob
SVP02169,SV100015,SVC0001,2026-01-09,18:40:50,1800,mob
SVP02170,SV100015,SVC0001,2026-01-09,18:41:50,1860,mob
SVP02171,SV100015,SVC0001,2026-01-09,18:42:50,1920,mob
SVP02172,SV100015,SVC0001,2026-01-09,18:43:50,1980,mob
SVP02173,SV100015,SVC0001,2026-01-09,18:44:50,2040,mob
SVP02174,SV100015,SVC0001,2026-01-09,18:45:50,2100,mob
SVP02175,SV100015,SVC0001,2026-01-09,18:46:50,2160,mob
SVP02176,SV100015,SVC0001,2026-01-09,18:47:50,2220,mob
SVP02177,SV100015,SVC0001,2026-01-09,18:48:50,2280,mob
SVP02178,SV100015,SVC0001,2026-01-09,18:49:50,2340,mob
SVP02179,SV100015,SVC0001,2026-01-09,18:50:50,2400,mob
SVP02180,SV100015,SVC0001,2026-01-09,18:51:50,2460,mob
SVP02181,SV100015,SVC0001,2026-01-09,18:52:50,2520,mob
SVP02182,SV100015,SVC0001,2026-01-09,18:53:50,2580,mob
SVP02183,SV100015,SVC0001,2026-01-09,18:55:50,2700,mob
SVP02184,SV100015,SVC0001,2026-01-09,18:56:50,2760,mob
SVP02185,SV100015,SVC0001,2026-01-09,18:57:50,2820,mob
SVP02186,SV100015,SVC0001,2026-01-09,18:58:50,2880,mob
SVP02187,SV100015,SVC0001,2026-01-09,18:59:50,2940,mob
SVP02188,SV100015,SVC0001,2026-01-09,19:00:50,3000,mob
SVP02189,SV100015,SVC0001,2026-01-09,19:01:50,3060,mob
SVP02190,SV100015,SVC0001,2026-01-09,19:02:50,3120,mob
SVP02191,SV100015,SVC0001,2026-01-09,19:03:50,3180,mob
SVP02192,SV100015,SVC0001,2026-01-09,19:04:50,3240,mob
SVP02193,SV100015,SVC0001,2026-01-09,19:05:50,3300,mob
SVP02194,SV100015,SVC0001,2026-01-09,19:07:50,3420,mob
SVP02195,SV100015,SVC0001,2026-01-09,19:08:50,3480,mob
SVP02196,SV100015,SVC0001,2026-01-09,19:09:50,3540,mob
SVP02197,SV100015,SVC0001,2026-01-09,19:10:50,3600,mob
SVP02198,SV100015,SVC0001,2026-01-09,19:12:50,3720,mob
SVP02199,SV100015,SVC0001,2026-01-09,19:13:50,3780,mob
SVP02200,SV100015,SVC0001,2026-01-09,19:14:50,3840,mob
SVP02201,SV100015,SVC0001,2026-01-09,19:15:50,3900,mob
SVP02202,SV100015,SVC0001,2026-01-09,19:16:50,3960,mob
SVP02203,SV100015,SVC0001,2026-01-09,19:17:50,4020,mob
SVP02204,SV100015,SVC0001,2026-01-09,19:18:50,4080,mob
SVP02205,SV100015,SVC0001,2026-01-09,19:19:50,4140,mob
SVP02206,SV100015,SVC0001,2026-01-09,19:20:50,4200,mob
SVP02207,SV100015,SVC0001,2026-01-09,19:21:50,4260,mob
SVP02208,SV100015,SVC0001,2026-01-09,19:22:50,4320,mob
SVP02209,SV100015,SVC0001,2026-01-09,19:23:50,4380,mob
SVP02210,SV100015,SVC0001,2026-01-09,19:24:50,4440,mob
SVP02211,SV100015,SVC0001,2026-01-09,19:25:50,4500,mob
SVP02212,SV100015,SVC0001,2026-01-09,19:26:50,4560,mob
SVP02213,SV100015,SVC0001,2026-01-09,19:27:50,4620,mob
SVP02214,SV100015,SVC0001,2026-01-09,19:28:50,4680,mob
SVP02215,SV100015,SVC0001,2026-01-09,19:29:50,4740,mob
SVP02216,SV100015,SVC0001,2026-01-09,19:30:50,4800,mob
SVP02217,SV100015,SVC0001,2026-01-09,19:31:50,4860,mob
SVP02218,SV100015,SVC0001,2026-01-09,19:32:50,4920,mob
SVP02219,SV100015,SVC0001,2026-01-09,19:33:50,4980,mob
SVP02220,SV100015,SVC0001,2026-01-09,19:34:50,5040,mob
SVP02221,SV100015,SVC0001,2026-01-09,19:35:50,5100,mob
SVP02222,SV100015,SVC0001,2026-01-09,19:36:50,5160,mob
SVP02223,SV100015,SVC0001,2026-01-09,19:37:50,5220,mob
SVP02224,SV100015,SVC0001,2026-01-09,19:38:50,5280,mob
SVP02225,SV100015,SVC0001,2026-01-09,19:39:50,5340,mob
SVP02226,SV100015,SVC0001,2026-01-09,19:40:50,5400,mob
SVP02227,SV100015,SVC0001,2026-01-09,19:41:50,5460,mob
SVP02228,SV100015,SVC0001,2026-01-09,19:42:50,5520,mob
SVP02229,SV100015,SVC0001,2026-01-09,19:43:50,5580,mob
SVP02230,SV100015,SVC0001,2026-01-09,19:44:50,5640,mob
SVP02231,SV100015,SVC0001,2026-01-09,19:45:50,5700,mob
SVP02232,SV100015,SVC0001,2026-01-09,19:46:50,5760,mob
SVP02233,SV100015,SVC0001,2026-01-09,19:47:50,5820,mob
SVP02234,SV100015,SVC0001,2026-01-09,19:48:50,5880,mob
SVP02235,SV100015,SVC0001,2026-01-09,19:49:50,5940,mob
SVP02236,SV100015,SVC0001,2026-01-09,19:50:50,6000,mob
SVP02237,SV100015,SVC0001,2026-01-09,19:52:50,6120,mob
SVP02238,SV100015,SVC0001,2026-01-09,19:53:50,6180,mob
SVP02239,SV100015,SVC0001,2026-01-09,19:53:51,6181,mob
SVP02240,SV100019,SVC0004,2026-01-09,23:45:08,0,mob
SVP02241,SV100019,SVC0004,2026-01-09,23:46:08,60,mob
SVP02242,SV100019,SVC0004,2026-01-09,23:47:08,120,mob
SVP02243,SV100019,SVC0004,2026-01-09,23:48:08,180,mob
SVP02244,SV100019,SVC0004,2026-01-09,23:49:08,240,mob
SVP02245,SV100019,SVC0004,2026-01-09,23:50:08,300,mob
SVP02246,SV100019,SVC0004,2026-01-09,23:51:08,360,mob
SVP02247,SV100019,SVC0004,2026-01-09,23:52:08,420,mob
SVP02248,SV100019,SVC0004,2026-01-09,23:53:08,480,mob
SVP02249,SV100019,SVC0004,2026-01-09,23:54:08,540,mob
SVP02250,SV100019,SVC0004,2026-01-09,23:55:08,600,mob
SVP02251,SV100019,SVC0004,2026-01-09,23:56:08,660,mob
SVP02252,SV100019,SVC0004,2026-01-09,23:57:08,720,mob
SVP02253,SV100019,SVC0004,2026-01-09,23:58:08,780,mob
SVP02254,SV100019,SVC0004,2026-01-09,23:59:08,840,mob
SVP02255,SV100019,SVC0004,2026-01-10,00:00:08,900,mob
SVP02256,SV100019,SVC0004,2026-01-10,00:01:08,960,mob
SVP02257,SV100019,SVC0004,2026-01-10,00:02:08,1020,mob
SVP02258,SV100019,SVC0004,2026-01-10,00:03:08,1080,mob
SVP02259,SV100019,SVC0004,2026-01-10,00:04:08,1140,mob
SVP02260,SV100019,SVC0004,2026-01-10,00:05:08,1200,mob
SVP02261,SV100019,SVC0004,2026-01-10,00:07:08,1320,mob
SVP02262,SV100019,SVC0004,2026-01-10,00:08:08,1380,mob
SVP02263,SV100019,SVC0004,2026-01-10,00:09:08,1440,mob
SVP02264,SV100019,SVC0004,2026-01-10,00:10:08,1500,mob
SVP02265,SV100019,SVC0004,2026-01-10,00:11:08,1560,mob
SVP02266,SV100019,SVC0004,2026-01-10,00:12:08,1620,mob
SVP02267,SV100019,SVC0004,2026-01-10,00:13:08,1680,mob
SVP02268,SV100019,SVC0004,2026-01-10,00:14:08,1740,mob
SVP02269,SV100019,SVC0004,2026-01-10,00:15:08,1800,mob
SVP02270,SV100019,SVC0004,2026-01-10,00:16:08,1860,mob
SVP02271,SV100019,SVC0004,2026-01-10,00:17:08,1920,mob
SVP02272,SV100019,SVC0004,2026-01-10,00:18:08,1980,mob
SVP02273,SV100019,SVC0004,2026-01-10,00:19:08,2040,mob
SVP02274,SV100019,SVC0004,2026-01-10,00:20:08,2100,mob
SVP02275,SV100019,SVC0004,2026-01-10,00:21:08,2160,mob
SVP02276,SV100019,SVC0004,2026-01-10,00:22:08,2220,mob
SVP02277,SV100019,SVC0004,2026-01-10,00:23:08,2280,mob
SVP02278,SV100019,SVC0004,2026-01-10,00:24:08,2340,mob
SVP02279,SV100019,SVC0004,2026-01-10,00:25:08,2400,mob
SVP02280,SV100019,SVC0004,2026-01-10,00:26:08,2460,mob
SVP02281,SV100019,SVC0004,2026-01-10,00:27:08,2520,mob
SVP02282,SV100019,SVC0004,2026-01-10,00:28:08,2580,mob
SVP02283,SV100019,SVC0004,2026-01-10,00:28:42,2614,mob
SVP02284,SV100020,SVC0015,2026-01-12,17:23:05,0,mob
SVP02285,SV100020,SVC0015,2026-01-12,17:24:05,60,mob
SVP02286,SV100020,SVC0015,2026-01-12,17:25:05,120,mob
SVP02287,SV100020,SVC0015,2026-01-12,17:27:05,240,mob
SVP02288,SV100020,SVC0015,2026-01-12,17:28:05,300,mob
SVP02289,SV100020,SVC0015,2026-01-12,17:30:05,420,mob
SVP02290,SV100020,SVC0015,2026-01-12,17:32:05,540,mob
SVP02291,SV100020,SVC0015,2026-01-12,17:34:05,660,mob
SVP02292,SV100020,SVC0015,2026-01-12,17:35:05,720,mob
SVP02293,SV100020,SVC0015,2026-01-12,17:36:05,780,mob
SVP02294,SV100020,SVC0015,2026-01-12,17:37:05,840,mob
SVP02295,SV100020,SVC0015,2026-01-12,17:38:05,900,mob
SVP02296,SV100020,SVC0015,2026-01-12,17:39:05,960,mob
SVP02297,SV100020,SVC0015,2026-01-12,17:40:05,1020,mob
SVP02298,SV100020,SVC0015,2026-01-12,17:41:05,1080,mob
SVP02299,SV100020,SVC0015,2026-01-12,17:42:05,1140,mob
SVP02300,SV100020,SVC0015,2026-01-12,17:43:05,1200,mob
SVP02301,SV100020,SVC0015,2026-01-12,17:44:05,1260,mob
SVP02302,SV100020,SVC0015,2026-01-12,17:45:05,1320,mob
SVP02303,SV100020,SVC0015,2026-01-12,17:46:05,1380,mob
SVP02304,SV100020,SVC0015,2026-01-12,17:47:05,1440,mob
SVP02305,SV100020,SVC0015,2026-01-12,17:48:05,1500,mob
SVP02306,SV100020,SVC0015,2026-01-12,17:48:33,1528,mob
SVP02307,SV100021,SVC0003,2026-01-13,20:33:41,0,mob
SVP02308,SV100021,SVC0003,2026-01-13,20:34:41,60,mob
SVP02309,SV100021,SVC0003,2026-01-13,20:35:41,120,mob
SVP02310,SV100021,SVC0003,2026-01-13,20:36:41,180,mob
SVP02311,SV100021,SVC0003,2026-01-13,20:37:41,240,mob
SVP02312,SV100021,SVC0003,2026-01-13,20:38:41,300,mob
SVP02313,SV100021,SVC0003,2026-01-13,20:39:41,360,mob
SVP02314,SV100021,SVC0003,2026-01-13,20:40:41,420,mob
SVP02315,SV100021,SVC0003,2026-01-13,20:41:41,480,mob
SVP02316,SV100021,SVC0003,2026-01-13,20:42:41,540,mob
SVP02317,SV100021,SVC0003,2026-01-13,20:43:41,600,mob
SVP02318,SV100021,SVC0003,2026-01-13,20:44:41,660,mob
SVP02319,SV100021,SVC0003,2026-01-13,20:45:41,720,mob
SVP02320,SV100021,SVC0003,2026-01-13,20:46:41,780,mob
SVP02321,SV100021,SVC0003,2026-01-13,20:47:41,840,mob
SVP02322,SV100021,SVC0003,2026-01-13,20:48:41,900,mob
SVP02323,SV100021,SVC0003,2026-01-13,20:49:41,960,mob
SVP02324,SV100021,SVC0003,2026-01-13,20:51:41,1080,mob
SVP02325,SV100021,SVC0003,2026-01-13,20:52:41,1140,mob
SVP02326,SV100021,SVC0003,2026-01-13,20:53:41,1200,mob
SVP02327,SV100021,SVC0003,2026-01-13,20:54:41,1260,mob
SVP02328,SV100021,SVC0003,2026-01-13,20:55:41,1320,mob
SVP02329,SV100021,SVC0003,2026-01-13,20:56:41,1380,mob
SVP02330,SV100021,SVC0003,2026-01-13,20:57:41,1440,mob
SVP02331,SV100021,SVC0003,2026-01-13,20:58:41,1500,mob
SVP02332,SV100021,SVC0003,2026-01-13,20:59:41,1560,mob
SVP02333,SV100021,SVC0003,2026-01-13,21:00:41,1620,mob
SVP02334,SV100021,SVC0003,2026-01-13,21:02:41,1740,mob
SVP02335,SV100021,SVC0003,2026-01-13,21:03:41,1800,mob
SVP02336,SV100021,SVC0003,2026-01-13,21:04:41,1860,mob
SVP02337,SV100021,SVC0003,2026-01-13,21:05:41,1920,mob
SVP02338,SV100021,SVC0003,2026-01-13,21:06:41,1980,mob
SVP02339,SV100021,SVC0003,2026-01-13,21:07:41,2040,mob
SVP02340,SV100021,SVC0003,2026-01-13,21:08:41,2100,mob
SVP02341,SV100021,SVC0003,2026-01-13,21:09:41,2160,mob
SVP02342,SV100021,SVC0003,2026-01-13,21:10:41,2220,mob
SVP02343,SV100021,SVC0003,2026-01-13,21:11:41,2280,mob
SVP02344,SV100021,SVC0003,2026-01-13,21:12:41,2340,mob
SVP02345,SV100021,SVC0003,2026-01-13,21:13:41,2400,mob
SVP02346,SV100021,SVC0003,2026-01-13,21:14:41,2460,mob
SVP02347,SV100021,SVC0003,2026-01-13,21:15:41,2520,mob
SVP02348,SV100021,SVC0003,2026-01-13,21:16:41,2580,mob
SVP02349,SV100021,SVC0003,2026-01-13,21:17:41,2640,mob
SVP02350,SV100021,SVC0003,2026-01-13,21:18:41,2700,mob
SVP02351,SV100021,SVC0003,2026-01-13,21:19:14,2733,mob
SVP02352,SV100022,SVC0009,2026-01-13,23:46:29,0,mob
SVP02353,SV100022,SVC0009,2026-01-13,23:47:29,60,mob
SVP02354,SV100022,SVC0009,2026-01-13,23:48:29,120,mob
SVP02355,SV100022,SVC0009,2026-01-13,23:49:29,180,mob
SVP02356,SV100022,SVC0009,2026-01-13,23:50:29,240,mob
SVP02357,SV100022,SVC0009,2026-01-13,23:51:29,300,mob
SVP02358,SV100022,SVC0009,2026-01-13,23:52:29,360,mob
SVP02359,SV100022,SVC0009,2026-01-13,23:53:29,420,mob
SVP02360,SV100022,SVC0009,2026-01-13,23:54:29,480,mob
SVP02361,SV100022,SVC0009,2026-01-13,23:55:29,540,mob
SVP02362,SV100022,SVC0009,2026-01-13,23:56:29,600,mob
SVP02363,SV100022,SVC0009,2026-01-13,23:57:29,660,mob
SVP02364,SV100022,SVC0009,2026-01-13,23:58:29,720,mob
SVP02365,SV100022,SVC0009,2026-01-13,23:59:29,780,mob
SVP02366,SV100022,SVC0009,2026-01-14,00:00:29,840,mob
SVP02367,SV100022,SVC0009,2026-01-14,00:01:29,900,mob
SVP02368,SV100022,SVC0009,2026-01-14,00:02:29,960,mob
SVP02369,SV100022,SVC0009,2026-01-14,00:03:29,1020,mob
SVP02370,SV100022,SVC0009,2026-01-14,00:04:29,1080,mob
SVP02371,SV100022,SVC0009,2026-01-14,00:05:09,1120,mob
SVP02372,SV100001,SVC0019,2026-01-14,07:12:17,0,stb
SVP02373,SV100001,SVC0019,2026-01-14,07:13:17,60,stb
SVP02374,SV100001,SVC0019,2026-01-14,07:14:17,120,stb
SVP02375,SV100001,SVC0019,2026-01-14,07:15:17,180,stb
SVP02376,SV100001,SVC0019,2026-01-14,07:17:17,300,stb
SVP02377,SV100001,SVC0019,2026-01-14,07:18:17,360,stb
SVP02378,SV100001,SVC0019,2026-01-14,07:19:17,420,stb
SVP02379,SV100001,SVC0019,2026-01-14,07:20:17,480,stb
SVP02380,SV100001,SVC0019,2026-01-14,07:21:17,540,stb
SVP02381,SV100001,SVC0019,2026-01-14,07:22:17,600,stb
SVP02382,SV100001,SVC0019,2026-01-14,07:23:17,660,stb
SVP02383,SV100001,SVC0019,2026-01-14,07:24:17,720,stb
SVP02384,SV100001,SVC0019,2026-01-14,07:25:17,780,stb
SVP02385,SV100001,SVC0019,2026-01-14,07:26:17,840,stb
SVP02386,SV100001,SVC0019,2026-01-14,07:27:17,900,stb
SVP02387,SV100001,SVC0019,2026-01-14,07:28:17,960,stb
SVP02388,SV100001,SVC0019,2026-01-14,07:29:17,1020,stb
SVP02389,SV100001,SVC0019,2026-01-14,07:30:17,1080,stb
SVP02390,SV100001,SVC0019,2026-01-14,07:31:17,1140,stb
SVP02391,SV100001,SVC0019,2026-01-14,07:32:17,1200,stb
SVP02392,SV100001,SVC0019,2026-01-14,07:34:17,1320,stb
SVP02393,SV100001,SVC0019,2026-01-14,07:35:17,1380,stb
SVP02394,SV100001,SVC0019,2026-01-14,07:36:17,1440,stb
SVP02395,SV100001,SVC0019,2026-01-14,07:37:17,1500,stb
SVP02396,SV100001,SVC0019,2026-01-14,07:38:17,1560,stb
SVP02397,SV100001,SVC0019,2026-01-14,07:39:17,1620,stb
SVP02398,SV100001,SVC0019,2026-01-14,07:41:17,1740,stb
SVP02399,SV100001,SVC0019,2026-01-14,07:42:17,1800,stb
SVP02400,SV100001,SVC0019,2026-01-14,07:43:17,1860,stb
SVP02401,SV100001,SVC0019,2026-01-14,07:44:17,1920,stb
SVP02402,SV100001,SVC0019,2026-01-14,07:45:17,1980,stb
SVP02403,SV100001,SVC0019,2026-01-14,07:46:17,2040,stb
SVP02404,SV100001,SVC0019,2026-01-14,07:47:17,2100,stb
SVP02405,SV100001,SVC0019,2026-01-14,07:48:17,2160,stb
SVP02406,SV100001,SVC0019,2026-01-14,07:49:17,2220,stb
SVP02407,SV100001,SVC0019,2026-01-14,07:50:17,2280,stb
SVP02408,SV100001,SVC0019,2026-01-14,07:51:17,2340,stb
SVP02409,SV100001,SVC0019,2026-01-14,07:52:17,2400,stb
SVP02410,SV100001,SVC0019,2026-01-14,07:53:16,2459,stb
SVP02411,SV100007,SVC0015,2026-01-16,00:12:03,0,stb
SVP02412,SV100007,SVC0015,2026-01-16,00:13:03,60,stb
SVP02413,SV100007,SVC0015,2026-01-16,00:14:03,120,stb
SVP02414,SV100007,SVC0015,2026-01-16,00:15:03,180,stb
SVP02415,SV100007,SVC0015,2026-01-16,00:16:03,240,stb
SVP02416,SV100007,SVC0015,2026-01-16,00:17:03,300,stb
SVP02417,SV100007,SVC0015,2026-01-16,00:18:03,360,stb
SVP02418,SV100007,SVC0015,2026-01-16,00:20:03,480,stb
SVP02419,SV100007,SVC0015,2026-01-16,00:21:03,540,stb
SVP02420,SV100007,SVC0015,2026-01-16,00:22:03,600,stb
SVP02421,SV100007,SVC0015,2026-01-16,00:23:03,660,stb
SVP02422,SV100007,SVC0015,2026-01-16,00:25:03,780,stb
SVP02423,SV100007,SVC0015,2026-01-16,00:26:03,840,stb
SVP02424,SV100007,SVC0015,2026-01-16,00:27:03,900,stb
SVP02425,SV100007,SVC0015,2026-01-16,00:28:03,960,stb
SVP02426,SV100007,SVC0015,2026-01-16,00:29:03,1020,stb
SVP02427,SV100007,SVC0015,2026-01-16,00:30:03,1080,stb
SVP02428,SV100007,SVC0015,2026-01-16,00:31:03,1140,stb
SVP02429,SV100007,SVC0015,2026-01-16,00:32:03,1200,stb
SVP02430,SV100007,SVC0015,2026-01-16,00:33:03,1260,stb
SVP02431,SV100007,SVC0015,2026-01-16,00:34:03,1320,stb
SVP02432,SV100007,SVC0015,2026-01-16,00:35:03,1380,stb
SVP02433,SV100007,SVC0015,2026-01-16,00:36:03,1440,stb
SVP02434,SV100007,SVC0015,2026-01-16,00:37:03,1500,stb
SVP02435,SV100007,SVC0015,2026-01-16,00:39:03,1620,stb
SVP02436,SV100007,SVC0015,2026-01-16,00:40:03,1680,stb
SVP02437,SV100007,SVC0015,2026-01-16,00:41:03,1740,stb
SVP02438,SV100007,SVC0015,2026-01-16,00:42:03,1800,stb
SVP02439,SV100007,SVC0015,2026-01-16,00:43:03,1860,stb
SVP02440,SV100007,SVC0015,2026-01-16,00:44:03,1920,stb
SVP02441,SV100007,SVC0015,2026-01-16,00:45:03,1980,stb
SVP02442,SV100007,SVC0015,2026-01-16,00:46:03,2040,stb
SVP02443,SV100007,SVC0015,2026-01-16,00:47:03,2100,stb
SVP02444,SV100007,SVC0015,2026-01-16,00:48:03,2160,stb
SVP02445,SV100007,SVC0015,2026-01-16,00:49:03,2220,stb
SVP02446,SV100007,SVC0015,2026-01-16,00:50:03,2280,stb
SVP02447,SV100007,SVC0015,2026-01-16,00:51:03,2340,stb
SVP02448,SV100007,SVC0015,2026-01-16,00:52:03,2400,stb
SVP02449,SV100007,SVC0015,2026-01-16,00:53:03,2460,stb
SVP02450,SV100007,SVC0015,2026-01-16,00:54:03,2520,stb
SVP02451,SV100007,SVC0015,2026-01-16,00:55:03,2580,stb
SVP02452,SV100007,SVC0015,2026-01-16,00:56:03,2640,stb
SVP02453,SV100007,SVC0015,2026-01-16,00:57:03,2700,stb
SVP02454,SV100007,SVC0015,2026-01-16,00:58:03,2760,stb
SVP02455,SV100007,SVC0015,2026-01-16,00:59:03,2820,stb
SVP02456,SV100007,SVC0015,2026-01-16,01:01:03,2940,stb
SVP02457,SV100007,SVC0015,2026-01-16,01:02:03,3000,stb
SVP02458,SV100007,SVC0015,2026-01-16,01:03:03,3060,stb
SVP02459,SV100007,SVC0015,2026-01-16,01:04:03,3120,stb
SVP02460,SV100007,SVC0015,2026-01-16,01:05:03,3180,stb
SVP02461,SV100007,SVC0015,2026-01-16,01:06:03,3240,stb
SVP02462,SV100007,SVC0015,2026-01-16,01:07:03,3300,stb
SVP02463,SV100007,SVC0015,2026-01-16,01:09:03,3420,stb
SVP02464,SV100007,SVC0015,2026-01-16,01:09:38,3455,stb
SVP02465,SV100018,SVC0011,2026-01-20,14:43:46,0,mob
SVP02466,SV100018,SVC0011,2026-01-20,14:44:46,60,mob
SVP02467,SV100018,SVC0011,2026-01-20,14:45:46,120,mob
SVP02468,SV100018,SVC0011,2026-01-20,14:46:46,180,mob
SVP02469,SV100018,SVC0011,2026-01-20,14:47:46,240,mob
SVP02470,SV100018,SVC0011,2026-01-20,14:48:46,300,mob
SVP02471,SV100018,SVC0011,2026-01-20,14:49:46,360,mob
SVP02472,SV100018,SVC0011,2026-01-20,14:50:46,420,mob
SVP02473,SV100018,SVC0011,2026-01-20,14:51:46,480,mob
SVP02474,SV100018,SVC0011,2026-01-20,14:52:46,540,mob
SVP02475,SV100018,SVC0011,2026-01-20,14:53:46,600,mob
SVP02476,SV100018,SVC0011,2026-01-20,14:54:46,660,mob
SVP02477,SV100018,SVC0011,2026-01-20,14:55:46,720,mob
SVP02478,SV100018,SVC0011,2026-01-20,14:56:46,780,mob
SVP02479,SV100018,SVC0011,2026-01-20,14:57:46,840,mob
SVP02480,SV100018,SVC0011,2026-01-20,14:58:46,900,mob
SVP02481,SV100018,SVC0011,2026-01-20,14:59:46,960,mob
SVP02482,SV100018,SVC0011,2026-01-20,15:00:46,1020,mob
SVP02483,SV100018,SVC0011,2026-01-20,15:01:46,1080,mob
SVP02484,SV100018,SVC0011,2026-01-20,15:02:46,1140,mob
SVP02485,SV100018,SVC0011,2026-01-20,15:03:46,1200,mob
SVP02486,SV100018,SVC0011,2026-01-20,15:04:46,1260,mob
SVP02487,SV100018,SVC0011,2026-01-20,15:05:46,1320,mob
SVP02488,SV100018,SVC0011,2026-01-20,15:06:46,1380,mob
SVP02489,SV100018,SVC0011,2026-01-20,15:07:46,1440,mob
SVP02490,SV100018,SVC0011,2026-01-20,15:09:46,1560,mob
SVP02491,SV100018,SVC0011,2026-01-20,15:10:46,1620,mob
SVP02492,SV100018,SVC0011,2026-01-20,15:11:46,1680,mob
SVP02493,SV100018,SVC0011,2026-01-20,15:12:46,1740,mob
SVP02494,SV100018,SVC0011,2026-01-20,15:13:46,1800,mob
SVP02495,SV100018,SVC0011,2026-01-20,15:14:46,1860,mob
SVP02496,SV100018,SVC0011,2026-01-20,15:15:46,1920,mob
SVP02497,SV100018,SVC0011,2026-01-20,15:16:46,1980,mob
SVP02498,SV100018,SVC0011,2026-01-20,15:17:46,2040,mob
SVP02499,SV100018,SVC0011,2026-01-20,15:18:46,2100,mob
SVP02500,SV100018,SVC0011,2026-01-20,15:19:46,2160,mob
SVP02501,SV100018,SVC0011,2026-01-20,15:20:46,2220,mob
SVP02502,SV100018,SVC0011,2026-01-20,15:21:46,2280,mob
SVP02503,SV100018,SVC0011,2026-01-20,15:22:46,2340,mob
SVP02504,SV100018,SVC0011,2026-01-20,15:23:46,2400,mob
SVP02505,SV100018,SVC0011,2026-01-20,15:24:46,2460,mob
SVP02506,SV100018,SVC0011,2026-01-20,15:25:46,2520,mob
SVP02507,SV100018,SVC0011,2026-01-20,15:26:46,2580,mob
SVP02508,SV100018,SVC0011,2026-01-20,15:28:46,2700,mob
SVP02509,SV100018,SVC0011,2026-01-20,15:29:46,2760,mob
SVP02510,SV100018,SVC0011,2026-01-20,15:30:46,2820,mob
SVP02511,SV100018,SVC0011,2026-01-20,15:31:46,2880,mob
SVP02512,SV100018,SVC0011,2026-01-20,15:32:46,2940,mob
SVP02513,SV100018,SVC0011,2026-01-20,15:33:46,3000,mob
SVP02514,SV100018,SVC0011,2026-01-20,15:34:46,3060,mob
SVP02515,SV100018,SVC0011,2026-01-20,15:35:46,3120,mob
SVP02516,SV100018,SVC0011,2026-01-20,15:36:46,3180,mob
SVP02517,SV100018,SVC0011,2026-01-20,15:37:46,3240,mob
SVP02518,SV100018,SVC0011,2026-01-20,15:38:46,3300,mob
SVP02519,SV100018,SVC0011,2026-01-20,15:39:46,3360,mob
SVP02520,SV100018,SVC0011,2026-01-20,15:40:46,3420,mob
SVP02521,SV100018,SVC0011,2026-01-20,15:41:46,3480,mob
SVP02522,SV100018,SVC0011,2026-01-20,15:42:46,3540,mob
SVP02523,SV100018,SVC0011,2026-01-20,15:43:46,3600,mob
SVP02524,SV100018,SVC0011,2026-01-20,15:44:46,3660,mob
SVP02525,SV100018,SVC0011,2026-01-20,15:45:46,3720,mob
SVP02526,SV100018,SVC0011,2026-01-20,15:46:46,3780,mob
SVP02527,SV100018,SVC0011,2026-01-20,15:47:46,3840,mob
SVP02528,SV100018,SVC0011,2026-01-20,15:48:46,3900,mob
SVP02529,SV100018,SVC0011,2026-01-20,15:49:46,3960,mob
SVP02530,SV100018,SVC0011,2026-01-20,15:50:46,4020,mob
SVP02531,SV100018,SVC0011,2026-01-20,15:51:46,4080,mob
SVP02532,SV100018,SVC0011,2026-01-20,15:52:46,4140,mob
SVP02533,SV100018,SVC0011,2026-01-20,15:53:46,4200,mob
SVP02534,SV100018,SVC0011,2026-01-20,15:55:46,4320,mob
SVP02535,SV100018,SVC0011,2026-01-20,15:56:46,4380,mob
SVP02536,SV100018,SVC0011,2026-01-20,15:57:46,4440,mob
SVP02537,SV100018,SVC0011,2026-01-20,15:58:46,4500,mob
SVP02538,SV100018,SVC0011,2026-01-20,15:59:46,4560,mob
SVP02539,SV100018,SVC0011,2026-01-20,16:00:46,4620,mob
SVP02540,SV100018,SVC0011,2026-01-20,16:01:46,4680,mob
SVP02541,SV100018,SVC0011,2026-01-20,16:03:46,4800,mob
SVP02542,SV100018,SVC0011,2026-01-20,16:04:46,4860,mob
SVP02543,SV100018,SVC0011,2026-01-20,16:05:46,4920,mob
SVP02544,SV100018,SVC0011,2026-01-20,16:06:46,4980,mob
SVP02545,SV100018,SVC0011,2026-01-20,16:07:46,5040,mob
SVP02546,SV100018,SVC0011,2026-01-20,16:08:46,5100,mob
SVP02547,SV100018,SVC0011,2026-01-20,16:09:46,5160,mob
SVP02548,SV100018,SVC0011,2026-01-20,16:10:46,5220,mob
SVP02549,SV100018,SVC0011,2026-01-20,16:11:46,5280,mob
SVP02550,SV100018,SVC0011,2026-01-20,16:12:46,5340,mob
SVP02551,SV100018,SVC0011,2026-01-20,16:13:46,5400,mob
SVP02552,SV100018,SVC0011,2026-01-20,16:14:46,5460,mob
SVP02553,SV100018,SVC0011,2026-01-20,16:15:46,5520,mob
SVP02554,SV100018,SVC0011,2026-01-20,16:16:46,5580,mob
SVP02555,SV100018,SVC0011,2026-01-20,16:17:46,5640,mob
SVP02556,SV100018,SVC0011,2026-01-20,16:18:46,5700,mob
SVP02557,SV100018,SVC0011,2026-01-20,16:19:46,5760,mob
SVP02558,SV100018,SVC0011,2026-01-20,16:20:46,5820,mob
SVP02559,SV100018,SVC0011,2026-01-20,16:21:46,5880,mob
SVP02560,SV100018,SVC0011,2026-01-20,16:23:46,6000,mob
SVP02561,SV100018,SVC0011,2026-01-20,16:24:46,6060,mob
SVP02562,SV100018,SVC0011,2026-01-20,16:25:46,6120,mob
SVP02563,SV100018,SVC0011,2026-01-20,16:26:46,6180,mob
SVP02564,SV100018,SVC0011,2026-01-20,16:27:46,6240,mob
SVP02565,SV100018,SVC0011,2026-01-20,16:28:46,6300,mob
SVP02566,SV100018,SVC0011,2026-01-20,16:29:46,6360,mob
SVP02567,SV100018,SVC0011,2026-01-20,16:30:46,6420,mob
SVP02568,SV100018,SVC0011,2026-01-20,16:31:01,6435,mob
SVP02569,SV100015,SVC0014,2026-01-20,22:41:17,0,stb
SVP02570,SV100015,SVC0014,2026-01-20,22:42:17,60,stb
SVP02571,SV100015,SVC0014,2026-01-20,22:43:17,120,stb
SVP02572,SV100015,SVC0014,2026-01-20,22:44:17,180,stb
SVP02573,SV100015,SVC0014,2026-01-20,22:45:17,240,stb
SVP02574,SV100015,SVC0014,2026-01-20,22:46:17,300,stb
SVP02575,SV100015,SVC0014,2026-01-20,22:47:17,360,stb
SVP02576,SV100015,SVC0014,2026-01-20,22:48:17,420,stb
SVP02577,SV100015,SVC0014,2026-01-20,22:49:17,480,stb
SVP02578,SV100015,SVC0014,2026-01-20,22:49:39,502,stb
SVP02579,SV100016,SVC0011,2026-01-22,18:05:50,0,tab
SVP02580,SV100016,SVC0011,2026-01-22,18:06:50,60,tab
SVP02581,SV100016,SVC0011,2026-01-22,18:07:50,120,tab
SVP02582,SV100016,SVC0011,2026-01-22,18:08:50,180,tab
SVP02583,SV100016,SVC0011,2026-01-22,18:09:50,240,tab
SVP02584,SV100016,SVC0011,2026-01-22,18:10:50,300,tab
SVP02585,SV100016,SVC0011,2026-01-22,18:11:50,360,tab
SVP02586,SV100016,SVC0011,2026-01-22,18:12:50,420,tab
SVP02587,SV100016,SVC0011,2026-01-22,18:13:50,480,tab
SVP02588,SV100016,SVC0011,2026-01-22,18:14:50,540,tab
SVP02589,SV100016,SVC0011,2026-01-22,18:15:50,600,tab
SVP02590,SV100016,SVC0011,2026-01-22,18:17:50,720,tab
SVP02591,SV100016,SVC0011,2026-01-22,18:18:50,780,tab
SVP02592,SV100016,SVC0011,2026-01-22,18:19:50,840,tab
SVP02593,SV100016,SVC0011,2026-01-22,18:20:50,900,tab
SVP02594,SV100016,SVC0011,2026-01-22,18:21:50,960,tab
SVP02595,SV100016,SVC0011,2026-01-22,18:22:50,1020,tab
SVP02596,SV100016,SVC0011,2026-01-22,18:23:50,1080,tab
SVP02597,SV100016,SVC0011,2026-01-22,18:24:50,1140,tab
SVP02598,SV100016,SVC0011,2026-01-22,18:25:50,1200,tab
SVP02599,SV100016,SVC0011,2026-01-22,18:26:50,1260,tab
SVP02600,SV100016,SVC0011,2026-01-22,18:27:50,1320,tab
SVP02601,SV100016,SVC0011,2026-01-22,18:28:50,1380,tab
SVP02602,SV100016,SVC0011,2026-01-22,18:29:50,1440,tab
SVP02603,SV100016,SVC0011,2026-01-22,18:30:50,1500,tab
SVP02604,SV100016,SVC0011,2026-01-22,18:31:50,1560,tab
SVP02605,SV100016,SVC0011,2026-01-22,18:32:50,1620,tab
SVP02606,SV100016,SVC0011,2026-01-22,18:33:50,1680,tab
SVP02607,SV100016,SVC0011,2026-01-22,18:34:50,1740,tab
SVP02608,SV100016,SVC0011,2026-01-22,18:35:50,1800,tab
SVP02609,SV100016,SVC0011,2026-01-22,18:36:50,1860,tab
SVP02610,SV100016,SVC0011,2026-01-22,18:37:50,1920,tab
SVP02611,SV100016,SVC0011,2026-01-22,18:38:50,1980,tab
SVP02612,SV100016,SVC0011,2026-01-22,18:39:50,2040,tab
SVP02613,SV100016,SVC0011,2026-01-22,18:40:50,2100,tab
SVP02614,SV100016,SVC0011,2026-01-22,18:41:50,2160,tab
SVP02615,SV100016,SVC0011,2026-01-22,18:42:50,2220,tab
SVP02616,SV100016,SVC0011,2026-01-22,18:43:50,2280,tab
SVP02617,SV100016,SVC0011,2026-01-22,18:44:50,2340,tab
SVP02618,SV100016,SVC0011,2026-01-22,18:45:50,2400,tab
SVP02619,SV100016,SVC0011,2026-01-22,18:46:50,2460,tab
SVP02620,SV100016,SVC0011,2026-01-22,18:47:50,2520,tab
SVP02621,SV100016,SVC0011,2026-01-22,18:48:50,2580,tab
SVP02622,SV100016,SVC0011,2026-01-22,18:49:50,2640,tab
SVP02623,SV100016,SVC0011,2026-01-22,18:50:50,2700,tab
SVP02624,SV100016,SVC0011,2026-01-22,18:51:50,2760,tab
SVP02625,SV100016,SVC0011,2026-01-22,18:52:50,2820,tab
SVP02626,SV100016,SVC0011,2026-01-22,18:53:50,2880,tab
SVP02627,SV100016,SVC0011,2026-01-22,18:54:50,2940,tab
SVP02628,SV100016,SVC0011,2026-01-22,18:55:50,3000,tab
SVP02629,SV100016,SVC0011,2026-01-22,18:56:50,3060,tab
SVP02630,SV100016,SVC0011,2026-01-22,18:57:50,3120,tab
SVP02631,SV100016,SVC0011,2026-01-22,18:58:40,3170,tab
SVP02632,SV100025,SVC0008,2026-01-24,20:55:04,0,browser
SVP02633,SV100025,SVC0008,2026-01-24,20:56:04,60,browser
SVP02634,SV100025,SVC0008,2026-01-24,20:57:04,120,browser
SVP02635,SV100025,SVC0008,2026-01-24,20:58:04,180,browser
SVP02636,SV100025,SVC0008,2026-01-24,20:59:04,240,browser
SVP02637,SV100025,SVC0008,2026-01-24,21:00:04,300,browser
SVP02638,SV100025,SVC0008,2026-01-24,21:01:04,360,browser
SVP02639,SV100025,SVC0008,2026-01-24,21:02:04,420,browser
SVP02640,SV100025,SVC0008,2026-01-24,21:03:04,480,browser
SVP02641,SV100025,SVC0008,2026-01-24,21:04:04,540,browser
SVP02642,SV100025,SVC0008,2026-01-24,21:05:04,600,browser
SVP02643,SV100025,SVC0008,2026-01-24,21:06:04,660,browser
SVP02644,SV100025,SVC0008,2026-01-24,21:07:04,720,browser
SVP02645,SV100025,SVC0008,2026-01-24,21:08:04,780,browser
SVP02646,SV100025,SVC0008,2026-01-24,21:09:04,840,browser
SVP02647,SV100025,SVC0008,2026-01-24,21:11:04,960,browser
SVP02648,SV100025,SVC0008,2026-01-24,21:12:04,1020,browser
SVP02649,SV100025,SVC0008,2026-01-24,21:13:04,1080,browser
SVP02650,SV100025,SVC0008,2026-01-24,21:14:04,1140,browser
SVP02651,SV100025,SVC0008,2026-01-24,21:15:04,1200,browser
SVP02652,SV100025,SVC0008,2026-01-24,21:17:04,1320,browser
SVP02653,SV100025,SVC0008,2026-01-24,21:18:04,1380,browser
SVP02654,SV100025,SVC0008,2026-01-24,21:19:04,1440,browser
SVP02655,SV100025,SVC0008,2026-01-24,21:20:04,1500,browser
SVP02656,SV100025,SVC0008,2026-01-24,21:21:04,1560,browser
SVP02657,SV100025,SVC0008,2026-01-24,21:22:04,1620,browser
SVP02658,SV100025,SVC0008,2026-01-24,21:23:04,1680,browser
SVP02659,SV100025,SVC0008,2026-01-24,21:24:04,1740,browser
SVP02660,SV100025,SVC0008,2026-01-24,21:25:04,1800,browser
SVP02661,SV100025,SVC0008,2026-01-24,21:26:04,1860,browser
SVP02662,SV100025,SVC0008,2026-01-24,21:27:04,1920,browser
SVP02663,SV100025,SVC0008,2026-01-24,21:28:04,1980,browser
SVP02664,SV100025,SVC0008,2026-01-24,21:29:04,2040,browser
SVP02665,SV100025,SVC0008,2026-01-24,21:30:04,2100,browser
SVP02666,SV100025,SVC0008,2026-01-24,21:31:04,2160,browser
SVP02667,SV100025,SVC0008,2026-01-24,21:32:04,2220,browser
SVP02668,SV100025,SVC0008,2026-01-24,21:33:04,2280,browser
SVP02669,SV100025,SVC0008,2026-01-24,21:34:04,2340,browser
SVP02670,SV100025,SVC0008,2026-01-24,21:35:04,2400,browser
SVP02671,SV100025,SVC0008,2026-01-24,21:36:04,2460,browser
SVP02672,SV100025,SVC0008,2026-01-24,21:37:04,2520,browser
SVP02673,SV100025,SVC0008,2026-01-24,21:38:04,2580,browser
SVP02674,SV100025,SVC0008,2026-01-24,21:39:04,2640,browser
SVP02675,SV100025,SVC0008,2026-01-24,21:40:04,2700,browser
SVP02676,SV100025,SVC0008,2026-01-24,21:41:04,2760,browser
SVP02677,SV100025,SVC0008,2026-01-24,21:42:04,2820,browser
SVP02678,SV100025,SVC0008,2026-01-24,21:43:04,2880,browser
SVP02679,SV100025,SVC0008,2026-01-24,21:44:04,2940,browser
SVP02680,SV100025,SVC0008,2026-01-24,21:45:04,3000,browser
SVP02681,SV100025,SVC0008,2026-01-24,21:46:04,3060,browser
SVP02682,SV100025,SVC0008,2026-01-24,21:47:04,3120,browser
SVP02683,SV100025,SVC0008,2026-01-24,21:48:04,3180,browser
SVP02684,SV100025,SVC0008,2026-01-24,21:49:04,3240,browser
SVP02685,SV100025,SVC0008,2026-01-24,21:50:04,3300,browser
SVP02686,SV100025,SVC0008,2026-01-24,21:51:04,3360,browser
SVP02687,SV100025,SVC0008,2026-01-24,21:51:07,3363,browser
SVP02688,SV100017,SVC0004,2026-01-26,23:20:11,0,mob
SVP02689,SV100017,SVC0004,2026-01-26,23:21:11,60,mob
SVP02690,SV100017,SVC0004,2026-01-26,23:22:11,120,mob
SVP02691,SV100017,SVC0004,2026-01-26,23:24:11,240,mob
SVP02692,SV100017,SVC0004,2026-01-26,23:25:11,300,mob
SVP02693,SV100017,SVC0004,2026-01-26,23:26:11,360,mob
SVP02694,SV100017,SVC0004,2026-01-26,23:27:11,420,mob
SVP02695,SV100017,SVC0004,2026-01-26,23:28:11,480,mob
SVP02696,SV100017,SVC0004,2026-01-26,23:29:11,540,mob
SVP02697,SV100017,SVC0004,2026-01-26,23:30:11,600,mob
SVP02698,SV100017,SVC0004,2026-01-26,23:31:11,660,mob
SVP02699,SV100017,SVC0004,2026-01-26,23:32:11,720,mob
SVP02700,SV100017,SVC0004,2026-01-26,23:33:11,780,mob
SVP02701,SV100017,SVC0004,2026-01-26,23:35:11,900,mob
SVP02702,SV100017,SVC0004,2026-01-26,23:36:11,960,mob
SVP02703,SV100017,SVC0004,2026-01-26,23:37:11,1020,mob
SVP02704,SV100017,SVC0004,2026-01-26,23:38:11,1080,mob
SVP02705,SV100017,SVC0004,2026-01-26,23:39:11,1140,mob
SVP02706,SV100017,SVC0004,2026-01-26,23:40:11,1200,mob
SVP02707,SV100017,SVC0004,2026-01-26,23:41:11,1260,mob
SVP02708,SV100017,SVC0004,2026-01-26,23:42:11,1320,mob
SVP02709,SV100017,SVC0004,2026-01-26,23:43:11,1380,mob
SVP02710,SV100017,SVC0004,2026-01-26,23:44:11,1440,mob
SVP02711,SV100017,SVC0004,2026-01-26,23:45:11,1500,mob
SVP02712,SV100017,SVC0004,2026-01-26,23:46:11,1560,mob
SVP02713,SV100017,SVC0004,2026-01-26,23:47:11,1620,mob
SVP02714,SV100017,SVC0004,2026-01-26,23:48:11,1680,mob
SVP02715,SV100017,SVC0004,2026-01-26,23:49:11,1740,mob
SVP02716,SV100017,SVC0004,2026-01-26,23:51:11,1860,mob
SVP02717,SV100017,SVC0004,2026-01-26,23:52:11,1920,mob
SVP02718,SV100017,SVC0004,2026-01-26,23:53:11,1980,mob
SVP02719,SV100017,SVC0004,2026-01-26,23:54:11,2040,mob
SVP02720,SV100017,SVC0004,2026-01-26,23:55:11,2100,mob
SVP02721,SV100017,SVC0004,2026-01-26,23:56:11,2160,mob
SVP02722,SV100017,SVC0004,2026-01-26,23:58:11,2280,mob
SVP02723,SV100017,SVC0004,2026-01-26,23:59:11,2340,mob
SVP02724,SV100017,SVC0004,2026-01-27,00:00:11,2400,mob
SVP02725,SV100017,SVC0004,2026-01-27,00:01:11,2460,mob
SVP02726,SV100017,SVC0004,2026-01-27,00:02:11,2520,mob
SVP02727,SV100017,SVC0004,2026-01-27,00:03:11,2580,mob
SVP02728,SV100017,SVC0004,2026-01-27,00:04:11,2640,mob
SVP02729,SV100017,SVC0004,2026-01-27,00:05:11,2700,mob
SVP02730,SV100017,SVC0004,2026-01-27,00:06:11,2760,mob
SVP02731,SV100017,SVC0004,2026-01-27,00:07:11,2820,mob
SVP02732,SV100017,SVC0004,2026-01-27,00:08:11,2880,mob
SVP02733,SV100017,SVC0004,2026-01-27,00:09:11,2940,mob
SVP02734,SV100017,SVC0004,2026-01-27,00:10:11,3000,mob
SVP02735,SV100017,SVC0004,2026-01-27,00:11:11,3060,mob
SVP02736,SV100017,SVC0004,2026-01-27,00:12:11,3120,mob
SVP02737,SV100017,SVC0004,2026-01-27,00:13:11,3180,mob
SVP02738,SV100017,SVC0004,2026-01-27,00:14:11,3240,mob
SVP02739,SV100017,SVC0004,2026-01-27,00:15:11,3300,mob
SVP02740,SV100017,SVC0004,2026-01-27,00:16:11,3360,mob
SVP02741,SV100017,SVC0004,2026-01-27,00:17:11,3420,mob
SVP02742,SV100017,SVC0004,2026-01-27,00:18:11,3480,mob
SVP02743,SV100017,SVC0004,2026-01-27,00:19:11,3540,mob
SVP02744,SV100017,SVC0004,2026-01-27,00:20:11,3600,mob
SVP02745,SV100017,SVC0004,2026-01-27,00:21:11,3660,mob
SVP02746,SV100017,SVC0004,2026-01-27,00:22:11,3720,mob
SVP02747,SV100017,SVC0004,2026-01-27,00:23:11,3780,mob
SVP02748,SV100017,SVC0004,2026-01-27,00:24:11,3840,mob
SVP02749,SV100017,SVC0004,2026-01-27,00:25:11,3900,mob
SVP02750,SV100017,SVC0004,2026-01-27,00:26:11,3960,mob
SVP02751,SV100017,SVC0004,2026-01-27,00:27:11,4020,mob
SVP02752,SV100017,SVC0004,2026-01-27,00:28:11,4080,mob
SVP02753,SV100017,SVC0004,2026-01-27,00:29:11,4140,mob
SVP02754,SV100017,SVC0004,2026-01-27,00:30:11,4200,mob
SVP02755,SV100017,SVC0004,2026-01-27,00:31:11,4260,mob
SVP02756,SV100017,SVC0004,2026-01-27,00:32:11,4320,mob
SVP02757,SV100017,SVC0004,2026-01-27,00:33:11,4380,mob
SVP02758,SV100017,SVC0004,2026-01-27,00:34:11,4440,mob
SVP02759,SV100017,SVC0004,2026-01-27,00:35:11,4500,mob
SVP02760,SV100017,SVC0004,2026-01-27,00:36:11,4560,mob
SVP02761,SV100017,SVC0004,2026-01-27,00:37:11,4620,mob
SVP02762,SV100017,SVC0004,2026-01-27,00:39:11,4740,mob
SVP02763,SV100017,SVC0004,2026-01-27,00:40:11,4800,mob
SVP02764,SV100017,SVC0004,2026-01-27,00:41:11,4860,mob
SVP02765,SV100017,SVC0004,2026-01-27,00:42:11,4920,mob
SVP02766,SV100017,SVC0004,2026-01-27,00:43:11,4980,mob
SVP02767,SV100017,SVC0004,2026-01-27,00:44:11,5040,mob
SVP02768,SV100017,SVC0004,2026-01-27,00:45:11,5100,mob
SVP02769,SV100017,SVC0004,2026-01-27,00:46:11,5160,mob
SVP02770,SV100017,SVC0004,2026-01-27,00:47:11,5220,mob
SVP02771,SV100017,SVC0004,2026-01-27,00:49:11,5340,mob
SVP02772,SV100017,SVC0004,2026-01-27,00:50:11,5400,mob
SVP02773,SV100017,SVC0004,2026-01-27,00:51:11,5460,mob
SVP02774,SV100017,SVC0004,2026-01-27,00:52:11,5520,mob
SVP02775,SV100017,SVC0004,2026-01-27,00:53:11,5580,mob
SVP02776,SV100017,SVC0004,2026-01-27,00:54:11,5640,mob
SVP02777,SV100017,SVC0004,2026-01-27,00:55:11,5700,mob
SVP02778,SV100017,SVC0004,2026-01-27,00:56:11,5760,mob
SVP02779,SV100017,SVC0004,2026-01-27,00:57:11,5820,mob
SVP02780,SV100017,SVC0004,2026-01-27,00:58:11,5880,mob
SVP02781,SV100017,SVC0004,2026-01-27,00:59:11,5940,mob
SVP02782,SV100017,SVC0004,2026-01-27,01:00:11,6000,mob
SVP02783,SV100017,SVC0004,2026-01-27,01:01:11,6060,mob
SVP02784,SV100017,SVC0004,2026-01-27,01:02:11,6120,mob
SVP02785,SV100017,SVC0004,2026-01-27,01:03:11,6180,mob
SVP02786,SV100017,SVC0004,2026-01-27,01:04:11,6240,mob
SVP02787,SV100017,SVC0004,2026-01-27,01:05:11,6300,mob
SVP02788,SV100017,SVC0004,2026-01-27,01:06:11,6360,mob
SVP02789,SV100017,SVC0004,2026-01-27,01:07:11,6420,mob
SVP02790,SV100017,SVC0004,2026-01-27,01:08:11,6480,mob
SVP02791,SV100017,SVC0004,2026-01-27,01:09:11,6540,mob
SVP02792,SV100017,SVC0004,2026-01-27,01:10:11,6600,mob
SVP02793,SV100017,SVC0004,2026-01-27,01:11:11,6660,mob
SVP02794,SV100017,SVC0004,2026-01-27,01:12:11,6720,mob
SVP02795,SV100017,SVC0004,2026-01-27,01:13:11,6780,mob
SVP02796,SV100017,SVC0004,2026-01-27,01:14:11,6840,mob
SVP02797,SV100017,SVC0004,2026-01-27,01:15:09,6898,mob
SVP02798,SV100023,SVC0001,2026-01-28,21:52:15,0,mob
SVP02799,SV100023,SVC0001,2026-01-28,21:53:15,60,mob
SVP02800,SV100023,SVC0001,2026-01-28,21:54:15,120,mob
SVP02801,SV100023,SVC0001,2026-01-28,21:55:15,180,mob
SVP02802,SV100023,SVC0001,2026-01-28,21:56:15,240,mob
SVP02803,SV100023,SVC0001,2026-01-28,21:57:15,300,mob
SVP02804,SV100023,SVC0001,2026-01-28,21:58:15,360,mob
SVP02805,SV100023,SVC0001,2026-01-28,21:59:15,420,mob
SVP02806,SV100023,SVC0001,2026-01-28,22:00:15,480,mob
SVP02807,SV100023,SVC0001,2026-01-28,22:00:23,488,mob
SVP02808,SV100024,SVC0004,2026-02-02,20:09:58,0,stb
SVP02809,SV100024,SVC0004,2026-02-02,20:10:58,60,stb
SVP02810,SV100024,SVC0004,2026-02-02,20:12:58,180,stb
SVP02811,SV100024,SVC0004,2026-02-02,20:13:58,240,stb
SVP02812,SV100024,SVC0004,2026-02-02,20:14:58,300,stb
SVP02813,SV100024,SVC0004,2026-02-02,20:15:58,360,stb
SVP02814,SV100024,SVC0004,2026-02-02,20:16:58,420,stb
SVP02815,SV100024,SVC0004,2026-02-02,20:17:58,480,stb
SVP02816,SV100024,SVC0004,2026-02-02,20:18:58,540,stb
SVP02817,SV100024,SVC0004,2026-02-02,20:19:58,600,stb
SVP02818,SV100024,SVC0004,2026-02-02,20:20:58,660,stb
SVP02819,SV100024,SVC0004,2026-02-02,20:21:58,720,stb
SVP02820,SV100024,SVC0004,2026-02-02,20:22:58,780,stb
SVP02821,SV100024,SVC0004,2026-02-02,20:23:58,840,stb
SVP02822,SV100024,SVC0004,2026-02-02,20:24:58,900,stb
SVP02823,SV100024,SVC0004,2026-02-02,20:25:58,960,stb
SVP02824,SV100024,SVC0004,2026-02-02,20:27:58,1080,stb
SVP02825,SV100024,SVC0004,2026-02-02,20:28:58,1140,stb
SVP02826,SV100024,SVC0004,2026-02-02,20:29:58,1200,stb
SVP02827,SV100024,SVC0004,2026-02-02,20:30:58,1260,stb
SVP02828,SV100024,SVC0004,2026-02-02,20:31:58,1320,stb
SVP02829,SV100024,SVC0004,2026-02-02,20:33:58,1440,stb
SVP02830,SV100024,SVC0004,2026-02-02,20:34:58,1500,stb
SVP02831,SV100024,SVC0004,2026-02-02,20:36:58,1620,stb
SVP02832,SV100024,SVC0004,2026-02-02,20:37:58,1680,stb
SVP02833,SV100024,SVC0004,2026-02-02,20:38:58,1740,stb
SVP02834,SV100024,SVC0004,2026-02-02,20:39:58,1800,stb
SVP02835,SV100024,SVC0004,2026-02-02,20:40:58,1860,stb
SVP02836,SV100024,SVC0004,2026-02-02,20:41:58,1920,stb
SVP02837,SV100024,SVC0004,2026-02-02,20:42:58,1980,stb
SVP02838,SV100024,SVC0004,2026-02-02,20:43:58,2040,stb
SVP02839,SV100024,SVC0004,2026-02-02,20:44:58,2100,stb
SVP02840,SV100024,SVC0004,2026-02-02,20:45:58,2160,stb
SVP02841,SV100024,SVC0004,2026-02-02,20:46:58,2220,stb
SVP02842,SV100024,SVC0004,2026-02-02,20:47:58,2280,stb
SVP02843,SV100024,SVC0004,2026-02-02,20:48:58,2340,stb
SVP02844,SV100024,SVC0004,2026-02-02,20:49:58,2400,stb
SVP02845,SV100024,SVC0004,2026-02-02,20:50:58,2460,stb
SVP02846,SV100024,SVC0004,2026-02-02,20:51:58,2520,stb
SVP02847,SV100024,SVC0004,2026-02-02,20:52:58,2580,stb
SVP02848,SV100024,SVC0004,2026-02-02,20:53:58,2640,stb
SVP02849,SV100024,SVC0004,2026-02-02,20:54:58,2700,stb
SVP02850,SV100024,SVC0004,2026-02-02,20:55:58,2760,stb
SVP02851,SV100024,SVC0004,2026-02-02,20:56:58,2820,stb
SVP02852,SV100024,SVC0004,2026-02-02,20:57:58,2880,stb
SVP02853,SV100024,SVC0004,2026-02-02,20:58:58,2940,stb
SVP02854,SV100024,SVC0004,2026-02-02,20:59:58,3000,stb
SVP02855,SV100024,SVC0004,2026-02-02,21:00:58,3060,stb
SVP02856,SV100024,SVC0004,2026-02-02,21:02:58,3180,stb
SVP02857,SV100024,SVC0004,2026-02-02,21:04:58,3300,stb
SVP02858,SV100024,SVC0004,2026-02-02,21:05:58,3360,stb
SVP02859,SV100024,SVC0004,2026-02-02,21:06:58,3420,stb
SVP02860,SV100024,SVC0004,2026-02-02,21:07:58,3480,stb
SVP02861,SV100024,SVC0004,2026-02-02,21:08:58,3540,stb
SVP02862,SV100024,SVC0004,2026-02-02,21:09:58,3600,stb
SVP02863,SV100024,SVC0004,2026-02-02,21:10:58,3660,stb
SVP02864,SV100024,SVC0004,2026-02-02,21:11:58,3720,stb
SVP02865,SV100024,SVC0004,2026-02-02,21:12:58,3780,stb
SVP02866,SV100024,SVC0004,2026-02-02,21:13:58,3840,stb
SVP02867,SV100024,SVC0004,2026-02-02,21:14:58,3900,stb
SVP02868,SV100024,SVC0004,2026-02-02,21:15:58,3960,stb
SVP02869,SV100024,SVC0004,2026-02-02,21:16:58,4020,stb
SVP02870,SV100024,SVC0004,2026-02-02,21:17:58,4080,stb
SVP02871,SV100024,SVC0004,2026-02-02,21:18:58,4140,stb
SVP02872,SV100024,SVC0004,2026-02-02,21:19:58,4200,stb
SVP02873,SV100024,SVC0004,2026-02-02,21:20:58,4260,stb
SVP02874,SV100024,SVC0004,2026-02-02,21:21:58,4320,stb
SVP02875,SV100024,SVC0004,2026-02-02,21:22:58,4380,stb
SVP02876,SV100024,SVC0004,2026-02-02,21:24:58,4500,stb
SVP02877,SV100024,SVC0004,2026-02-02,21:25:58,4560,stb
SVP02878,SV100024,SVC0004,2026-02-02,21:26:58,4620,stb
SVP02879,SV100024,SVC0004,2026-02-02,21:27:58,4680,stb
SVP02880,SV100024,SVC0004,2026-02-02,21:28:58,4740,stb
SVP02881,SV100024,SVC0004,2026-02-02,21:29:58,4800,stb
SVP02882,SV100024,SVC0004,2026-02-02,21:30:58,4860,stb
SVP02883,SV100024,SVC0004,2026-02-02,21:31:58,4920,stb
SVP02884,SV100024,SVC0004,2026-02-02,21:32:58,4980,stb
SVP02885,SV100024,SVC0004,2026-02-02,21:33:58,5040,stb
SVP02886,SV100024,SVC0004,2026-02-02,21:34:58,5100,stb
SVP02887,SV100024,SVC0004,2026-02-02,21:35:58,5160,stb
SVP02888,SV100024,SVC0004,2026-02-02,21:36:58,5220,stb
SVP02889,SV100024,SVC0004,2026-02-02,21:38:58,5340,stb
SVP02890,SV100024,SVC0004,2026-02-02,21:39:58,5400,stb
SVP02891,SV100024,SVC0004,2026-02-02,21:40:58,5460,stb
SVP02892,SV100024,SVC0004,2026-02-02,21:41:58,5520,stb
SVP02893,SV100024,SVC0004,2026-02-02,21:42:52,5574,stb
SVP02894,SV100025,SVC0003,2026-02-03,13:22:52,0,mob
SVP02895,SV100025,SVC0003,2026-02-03,13:23:52,60,mob
SVP02896,SV100025,SVC0003,2026-02-03,13:25:52,180,mob
SVP02897,SV100025,SVC0003,2026-02-03,13:26:52,240,mob
SVP02898,SV100025,SVC0003,2026-02-03,13:27:52,300,mob
SVP02899,SV100025,SVC0003,2026-02-03,13:28:52,360,mob
SVP02900,SV100025,SVC0003,2026-02-03,13:29:52,420,mob
SVP02901,SV100025,SVC0003,2026-02-03,13:30:52,480,mob
SVP02902,SV100025,SVC0003,2026-02-03,13:31:52,540,mob
SVP02903,SV100025,SVC0003,2026-02-03,13:32:52,600,mob
SVP02904,SV100025,SVC0003,2026-02-03,13:33:52,660,mob
SVP02905,SV100025,SVC0003,2026-02-03,13:34:52,720,mob
SVP02906,SV100025,SVC0003,2026-02-03,13:35:52,780,mob
SVP02907,SV100025,SVC0003,2026-02-03,13:36:52,840,mob
SVP02908,SV100025,SVC0003,2026-02-03,13:37:52,900,mob
SVP02909,SV100025,SVC0003,2026-02-03,13:38:52,960,mob
SVP02910,SV100025,SVC0003,2026-02-03,13:39:52,1020,mob
SVP02911,SV100025,SVC0003,2026-02-03,13:40:52,1080,mob
SVP02912,SV100025,SVC0003,2026-02-03,13:41:52,1140,mob
SVP02913,SV100025,SVC0003,2026-02-03,13:42:52,1200,mob
SVP02914,SV100025,SVC0003,2026-02-03,13:43:52,1260,mob
SVP02915,SV100025,SVC0003,2026-02-03,13:44:52,1320,mob
SVP02916,SV100025,SVC0003,2026-02-03,13:45:52,1380,mob
SVP02917,SV100025,SVC0003,2026-02-03,13:46:52,1440,mob
SVP02918,SV100025,SVC0003,2026-02-03,13:47:52,1500,mob
SVP02919,SV100025,SVC0003,2026-02-03,13:49:52,1620,mob
SVP02920,SV100025,SVC0003,2026-02-03,13:50:52,1680,mob
SVP02921,SV100025,SVC0003,2026-02-03,13:51:52,1740,mob
SVP02922,SV100025,SVC0003,2026-02-03,13:52:52,1800,mob
SVP02923,SV100025,SVC0003,2026-02-03,13:53:52,1860,mob
SVP02924,SV100025,SVC0003,2026-02-03,13:54:52,1920,mob
SVP02925,SV100025,SVC0003,2026-02-03,13:55:52,1980,mob
SVP02926,SV100025,SVC0003,2026-02-03,13:57:52,2100,mob
SVP02927,SV100025,SVC0003,2026-02-03,13:58:52,2160,mob
SVP02928,SV100025,SVC0003,2026-02-03,13:59:52,2220,mob
SVP02929,SV100025,SVC0003,2026-02-03,14:01:52,2340,mob
SVP02930,SV100025,SVC0003,2026-02-03,14:02:52,2400,mob
SVP02931,SV100025,SVC0003,2026-02-03,14:03:52,2460,mob
SVP02932,SV100025,SVC0003,2026-02-03,14:04:52,2520,mob
SVP02933,SV100025,SVC0003,2026-02-03,14:05:52,2580,mob
SVP02934,SV100025,SVC0003,2026-02-03,14:07:52,2700,mob
SVP02935,SV100025,SVC0003,2026-02-03,14:08:52,2760,mob
SVP02936,SV100025,SVC0003,2026-02-03,14:09:52,2820,mob
SVP02937,SV100025,SVC0003,2026-02-03,14:10:26,2854,mob
SVP02938,SV100016,SVC0009,2026-02-03,16:05:45,0,browser
SVP02939,SV100016,SVC0009,2026-02-03,16:06:45,60,browser
SVP02940,SV100016,SVC0009,2026-02-03,16:08:45,180,browser
SVP02941,SV100016,SVC0009,2026-02-03,16:09:45,240,browser
SVP02942,SV100016,SVC0009,2026-02-03,16:10:45,300,browser
SVP02943,SV100016,SVC0009,2026-02-03,16:11:45,360,browser
SVP02944,SV100016,SVC0009,2026-02-03,16:12:45,420,browser
SVP02945,SV100016,SVC0009,2026-02-03,16:14:45,540,browser
SVP02946,SV100016,SVC0009,2026-02-03,16:15:45,600,browser
SVP02947,SV100016,SVC0009,2026-02-03,16:16:45,660,browser
SVP02948,SV100016,SVC0009,2026-02-03,16:17:45,720,browser
SVP02949,SV100016,SVC0009,2026-02-03,16:18:45,780,browser
SVP02950,SV100016,SVC0009,2026-02-03,16:19:45,840,browser
SVP02951,SV100016,SVC0009,2026-02-03,16:20:45,900,browser
SVP02952,SV100016,SVC0009,2026-02-03,16:21:45,960,browser
SVP02953,SV100016,SVC0009,2026-02-03,16:22:45,1020,browser
SVP02954,SV100016,SVC0009,2026-02-03,16:23:45,1080,browser
SVP02955,SV100016,SVC0009,2026-02-03,16:24:45,1140,browser
SVP02956,SV100016,SVC0009,2026-02-03,16:25:45,1200,browser
SVP02957,SV100016,SVC0009,2026-02-03,16:26:45,1260,browser
SVP02958,SV100016,SVC0009,2026-02-03,16:27:45,1320,browser
SVP02959,SV100016,SVC0009,2026-02-03,16:28:45,1380,browser
SVP02960,SV100016,SVC0009,2026-02-03,16:29:45,1440,browser
SVP02961,SV100016,SVC0009,2026-02-03,16:30:45,1500,browser
SVP02962,SV100016,SVC0009,2026-02-03,16:31:45,1560,browser
SVP02963,SV100016,SVC0009,2026-02-03,16:32:45,1620,browser
SVP02964,SV100016,SVC0009,2026-02-03,16:33:45,1680,browser
SVP02965,SV100016,SVC0009,2026-02-03,16:35:45,1800,browser
SVP02966,SV100016,SVC0009,2026-02-03,16:36:45,1860,browser
SVP02967,SV100016,SVC0009,2026-02-03,16:37:45,1920,browser
SVP02968,SV100016,SVC0009,2026-02-03,16:38:45,1980,browser
SVP02969,SV100016,SVC0009,2026-02-03,16:39:45,2040,browser
SVP02970,SV100016,SVC0009,2026-02-03,16:40:45,2100,browser
SVP02971,SV100016,SVC0009,2026-02-03,16:42:45,2220,browser
SVP02972,SV100016,SVC0009,2026-02-03,16:43:45,2280,browser
SVP02973,SV100016,SVC0009,2026-02-03,16:44:45,2340,browser
SVP02974,SV100016,SVC0009,2026-02-03,16:45:45,2400,browser
SVP02975,SV100016,SVC0009,2026-02-03,16:46:45,2460,browser
SVP02976,SV100016,SVC0009,2026-02-03,16:47:45,2520,browser
SVP02977,SV100016,SVC0009,2026-02-03,16:48:45,2580,browser
SVP02978,SV100016,SVC0009,2026-02-03,16:49:45,2640,browser
SVP02979,SV100016,SVC0009,2026-02-03,16:50:45,2700,browser
SVP02980,SV100016,SVC0009,2026-02-03,16:51:45,2760,browser
SVP02981,SV100016,SVC0009,2026-02-03,16:52:45,2820,browser
SVP02982,SV100016,SVC0009,2026-02-03,16:53:45,2880,browser
SVP02983,SV100016,SVC0009,2026-02-03,16:54:45,2940,browser
SVP02984,SV100016,SVC0009,2026-02-03,16:55:45,3000,browser
SVP02985,SV100016,SVC0009,2026-02-03,16:56:45,3060,browser
SVP02986,SV100016,SVC0009,2026-02-03,16:57:45,3120,browser
SVP02987,SV100016,SVC0009,2026-02-03,16:58:45,3180,browser
SVP02988,SV100016,SVC0009,2026-02-03,16:59:45,3240,browser
SVP02989,SV100016,SVC0009,2026-02-03,17:00:45,3300,browser
SVP02990,SV100016,SVC0009,2026-02-03,17:01:45,3360,browser
SVP02991,SV100016,SVC0009,2026-02-03,17:02:45,3420,browser
SVP02992,SV100016,SVC0009,2026-02-03,17:03:45,3480,browser
SVP02993,SV100016,SVC0009,2026-02-03,17:04:45,3540,browser
SVP02994,SV100016,SVC0009,2026-02-03,17:05:45,3600,browser
SVP02995,SV100016,SVC0009,2026-02-03,17:06:45,3660,browser
SVP02996,SV100016,SVC0009,2026-02-03,17:07:45,3720,browser
SVP02997,SV100016,SVC0009,2026-02-03,17:08:45,3780,browser
SVP02998,SV100016,SVC0009,2026-02-03,17:09:45,3840,browser
SVP02999,SV100016,SVC0009,2026-02-03,17:10:45,3900,browser
SVP03000,SV100016,SVC0009,2026-02-03,17:11:45,3960,browser
SVP03001,SV100016,SVC0009,2026-02-03,17:12:45,4020,browser
SVP03002,SV100016,SVC0009,2026-02-03,17:13:45,4080,browser
SVP03003,SV100016,SVC0009,2026-02-03,17:14:45,4140,browser
SVP03004,SV100016,SVC0009,2026-02-03,17:15:45,4200,browser
SVP03005,SV100016,SVC0009,2026-02-03,17:17:45,4320,browser
SVP03006,SV100016,SVC0009,2026-02-03,17:18:45,4380,browser
SVP03007,SV100016,SVC0009,2026-02-03,17:19:45,4440,browser
SVP03008,SV100016,SVC0009,2026-02-03,17:20:45,4500,browser
SVP03009,SV100016,SVC0009,2026-02-03,17:22:45,4620,browser
SVP03010,SV100016,SVC0009,2026-02-03,17:23:45,4680,browser
SVP03011,SV100016,SVC0009,2026-02-03,17:24:45,4740,browser
SVP03012,SV100016,SVC0009,2026-02-03,17:25:45,4800,browser
SVP03013,SV100016,SVC0009,2026-02-03,17:26:45,4860,browser
SVP03014,SV100016,SVC0009,2026-02-03,17:27:45,4920,browser
SVP03015,SV100016,SVC0009,2026-02-03,17:28:45,4980,browser
SVP03016,SV100016,SVC0009,2026-02-03,17:29:45,5040,browser
SVP03017,SV100016,SVC0009,2026-02-03,17:30:45,5100,browser
SVP03018,SV100016,SVC0009,2026-02-03,17:31:45,5160,browser
SVP03019,SV100016,SVC0009,2026-02-03,17:32:45,5220,browser
SVP03020,SV100016,SVC0009,2026-02-03,17:33:45,5280,browser
SVP03021,SV100016,SVC0009,2026-02-03,17:34:45,5340,browser
SVP03022,SV100016,SVC0009,2026-02-03,17:35:45,5400,browser
SVP03023,SV100016,SVC0009,2026-02-03,17:36:45,5460,browser
SVP03024,SV100016,SVC0009,2026-02-03,17:37:45,5520,browser
SVP03025,SV100016,SVC0009,2026-02-03,17:38:45,5580,browser
SVP03026,SV100016,SVC0009,2026-02-03,17:39:45,5640,browser
SVP03027,SV100016,SVC0009,2026-02-03,17:40:45,5700,browser
SVP03028,SV100016,SVC0009,2026-02-03,17:41:45,5760,browser
SVP03029,SV100016,SVC0009,2026-02-03,17:42:45,5820,browser
SVP03030,SV100016,SVC0009,2026-02-03,17:43:45,5880,browser
SVP03031,SV100016,SVC0009,2026-02-03,17:44:45,5940,browser
SVP03032,SV100016,SVC0009,2026-02-03,17:45:45,6000,browser
SVP03033,SV100016,SVC0009,2026-02-03,17:46:45,6060,browser
SVP03034,SV100016,SVC0009,2026-02-03,17:47:45,6120,browser
SVP03035,SV100016,SVC0009,2026-02-03,17:49:45,6240,browser
SVP03036,SV100016,SVC0009,2026-02-03,17:49:50,6245,browser
SVP03037,SV100007,SVC0014,2026-02-07,10:28:34,0,browser
SVP03038,SV100007,SVC0014,2026-02-07,10:29:34,60,browser
SVP03039,SV100007,SVC0014,2026-02-07,10:30:34,120,browser
SVP03040,SV100007,SVC0014,2026-02-07,10:31:34,180,browser
SVP03041,SV100007,SVC0014,2026-02-07,10:32:34,240,browser
SVP03042,SV100007,SVC0014,2026-02-07,10:33:34,300,browser
SVP03043,SV100007,SVC0014,2026-02-07,10:34:34,360,browser
SVP03044,SV100007,SVC0014,2026-02-07,10:35:34,420,browser
SVP03045,SV100007,SVC0014,2026-02-07,10:36:34,480,browser
SVP03046,SV100007,SVC0014,2026-02-07,10:37:34,540,browser
SVP03047,SV100007,SVC0014,2026-02-07,10:38:34,600,browser
SVP03048,SV100007,SVC0014,2026-02-07,10:39:34,660,browser
SVP03049,SV100007,SVC0014,2026-02-07,10:40:34,720,browser
SVP03050,SV100007,SVC0014,2026-02-07,10:42:34,840,browser
SVP03051,SV100007,SVC0014,2026-02-07,10:43:34,900,browser
SVP03052,SV100007,SVC0014,2026-02-07,10:44:34,960,browser
SVP03053,SV100007,SVC0014,2026-02-07,10:45:34,1020,browser
SVP03054,SV100007,SVC0014,2026-02-07,10:46:34,1080,browser
SVP03055,SV100007,SVC0014,2026-02-07,10:47:34,1140,browser
SVP03056,SV100007,SVC0014,2026-02-07,10:48:34,1200,browser
SVP03057,SV100007,SVC0014,2026-02-07,10:50:34,1320,browser
SVP03058,SV100007,SVC0014,2026-02-07,10:51:34,1380,browser
SVP03059,SV100023,SVC0024,2026-02-10,09:26:58,0,browser
SVP03060,SV100023,SVC0024,2026-02-10,09:27:58,60,browser
SVP03061,SV100023,SVC0024,2026-02-10,09:28:58,120,browser
SVP03062,SV100023,SVC0024,2026-02-10,09:29:58,180,browser
SVP03063,SV100023,SVC0024,2026-02-10,09:30:58,240,browser
SVP03064,SV100023,SVC0024,2026-02-10,09:31:58,300,browser
SVP03065,SV100023,SVC0024,2026-02-10,09:32:58,360,browser
SVP03066,SV100023,SVC0024,2026-02-10,09:33:58,420,browser
SVP03067,SV100023,SVC0024,2026-02-10,09:34:58,480,browser
SVP03068,SV100023,SVC0024,2026-02-10,09:35:58,540,browser
SVP03069,SV100023,SVC0024,2026-02-10,09:36:58,600,browser
SVP03070,SV100023,SVC0024,2026-02-10,09:37:58,660,browser
SVP03071,SV100023,SVC0024,2026-02-10,09:38:58,720,browser
SVP03072,SV100023,SVC0024,2026-02-10,09:39:58,780,browser
SVP03073,SV100023,SVC0024,2026-02-10,09:41:58,900,browser
SVP03074,SV100023,SVC0024,2026-02-10,09:42:58,960,browser
SVP03075,SV100023,SVC0024,2026-02-10,09:44:58,1080,browser
SVP03076,SV100023,SVC0024,2026-02-10,09:45:58,1140,browser
SVP03077,SV100023,SVC0024,2026-02-10,09:46:58,1200,browser
SVP03078,SV100023,SVC0024,2026-02-10,09:47:58,1260,browser
SVP03079,SV100023,SVC0024,2026-02-10,09:48:58,1320,browser
SVP03080,SV100023,SVC0024,2026-02-10,09:49:58,1380,browser
SVP03081,SV100023,SVC0024,2026-02-10,09:50:58,1440,browser
SVP03082,SV100023,SVC0024,2026-02-10,09:51:58,1500,browser
SVP03083,SV100023,SVC0024,2026-02-10,09:52:58,1560,browser
SVP03084,SV100023,SVC0024,2026-02-10,09:53:58,1620,browser
SVP03085,SV100023,SVC0024,2026-02-10,09:54:58,1680,browser
SVP03086,SV100023,SVC0024,2026-02-10,09:55:58,1740,browser
SVP03087,SV100023,SVC0024,2026-02-10,09:56:58,1800,browser
SVP03088,SV100023,SVC0024,2026-02-10,09:57:58,1860,browser
SVP03089,SV100023,SVC0024,2026-02-10,09:58:58,1920,browser
SVP03090,SV100023,SVC0024,2026-02-10,09:59:58,1980,browser
SVP03091,SV100023,SVC0024,2026-02-10,10:00:58,2040,browser
SVP03092,SV100023,SVC0024,2026-02-10,10:01:58,2100,browser
SVP03093,SV100023,SVC0024,2026-02-10,10:02:58,2160,browser
SVP03094,SV100023,SVC0024,2026-02-10,10:03:58,2220,browser
SVP03095,SV100023,SVC0024,2026-02-10,10:05:58,2340,browser
SVP03096,SV100023,SVC0024,2026-02-10,10:06:58,2400,browser
SVP03097,SV100023,SVC0024,2026-02-10,10:07:58,2460,browser
SVP03098,SV100023,SVC0024,2026-02-10,10:08:58,2520,browser
SVP03099,SV100023,SVC0024,2026-02-10,10:09:58,2580,browser
SVP03100,SV100023,SVC0024,2026-02-10,10:10:58,2640,browser
SVP03101,SV100023,SVC0024,2026-02-10,10:11:58,2700,browser
SVP03102,SV100023,SVC0024,2026-02-10,10:12:58,2760,browser
SVP03103,SV100023,SVC0024,2026-02-10,10:13:58,2820,browser
SVP03104,SV100023,SVC0024,2026-02-10,10:14:58,2880,browser
SVP03105,SV100023,SVC0024,2026-02-10,10:15:58,2940,browser
SVP03106,SV100023,SVC0024,2026-02-10,10:16:58,3000,browser
SVP03107,SV100023,SVC0024,2026-02-10,10:17:58,3060,browser
SVP03108,SV100023,SVC0024,2026-02-10,10:18:58,3120,browser
SVP03109,SV100023,SVC0024,2026-02-10,10:20:58,3240,browser
SVP03110,SV100023,SVC0024,2026-02-10,10:21:58,3300,browser
SVP03111,SV100023,SVC0024,2026-02-10,10:22:58,3360,browser
SVP03112,SV100023,SVC0024,2026-02-10,10:23:58,3420,browser
SVP03113,SV100023,SVC0024,2026-02-10,10:24:58,3480,browser
SVP03114,SV100023,SVC0024,2026-02-10,10:25:58,3540,browser
SVP03115,SV100023,SVC0024,2026-02-10,10:26:58,3600,browser
SVP03116,SV100023,SVC0024,2026-02-10,10:27:58,3660,browser
SVP03117,SV100023,SVC0024,2026-02-10,10:29:58,3780,browser
SVP03118,SV100023,SVC0024,2026-02-10,10:30:58,3840,browser
SVP03119,SV100023,SVC0024,2026-02-10,10:32:58,3960,browser
SVP03120,SV100023,SVC0024,2026-02-10,10:33:58,4020,browser
SVP03121,SV100023,SVC0024,2026-02-10,10:34:58,4080,browser
SVP03122,SV100023,SVC0024,2026-02-10,10:35:58,4140,browser
SVP03123,SV100023,SVC0024,2026-02-10,10:36:58,4200,browser
SVP03124,SV100023,SVC0024,2026-02-10,10:37:58,4260,browser
SVP03125,SV100023,SVC0024,2026-02-10,10:38:58,4320,browser
SVP03126,SV100023,SVC0024,2026-02-10,10:39:58,4380,browser
SVP03127,SV100023,SVC0024,2026-02-10,10:40:58,4440,browser
SVP03128,SV100023,SVC0024,2026-02-10,10:41:58,4500,browser
SVP03129,SV100023,SVC0024,2026-02-10,10:42:58,4560,browser
SVP03130,SV100023,SVC0024,2026-02-10,10:43:58,4620,browser
SVP03131,SV100023,SVC0024,2026-02-10,10:44:58,4680,browser
SVP03132,SV100023,SVC0024,2026-02-10,10:45:58,4740,browser
SVP03133,SV100023,SVC0024,2026-02-10,10:46:58,4800,browser
SVP03134,SV100023,SVC0024,2026-02-10,10:47:58,4860,browser
SVP03135,SV100023,SVC0024,2026-02-10,10:48:58,4920,browser
SVP03136,SV100023,SVC0024,2026-02-10,10:49:58,4980,browser
SVP03137,SV100023,SVC0024,2026-02-10,10:50:58,5040,browser
SVP03138,SV100023,SVC0024,2026-02-10,10:51:44,5086,browser
SVP03139,SV100023,SVC0024,2026-02-11,13:07:02,0,stb
SVP03140,SV100023,SVC0024,2026-02-11,13:08:02,60,stb
SVP03141,SV100023,SVC0024,2026-02-11,13:09:02,120,stb
SVP03142,SV100023,SVC0024,2026-02-11,13:10:02,180,stb
SVP03143,SV100023,SVC0024,2026-02-11,13:11:02,240,stb
SVP03144,SV100023,SVC0024,2026-02-11,13:13:02,360,stb
SVP03145,SV100023,SVC0024,2026-02-11,13:14:02,420,stb
SVP03146,SV100023,SVC0024,2026-02-11,13:15:02,480,stb
SVP03147,SV100023,SVC0024,2026-02-11,13:16:02,540,stb
SVP03148,SV100023,SVC0024,2026-02-11,13:17:02,600,stb
SVP03149,SV100023,SVC0024,2026-02-11,13:18:02,660,stb
SVP03150,SV100023,SVC0024,2026-02-11,13:19:02,720,stb
SVP03151,SV100023,SVC0024,2026-02-11,13:20:02,780,stb
SVP03152,SV100023,SVC0024,2026-02-11,13:21:02,840,stb
SVP03153,SV100023,SVC0024,2026-02-11,13:22:02,900,stb
SVP03154,SV100023,SVC0024,2026-02-11,13:23:02,960,stb
SVP03155,SV100023,SVC0024,2026-02-11,13:24:02,1020,stb
SVP03156,SV100023,SVC0024,2026-02-11,13:25:02,1080,stb
SVP03157,SV100023,SVC0024,2026-02-11,13:27:02,1200,stb
SVP03158,SV100023,SVC0024,2026-02-11,13:28:02,1260,stb
SVP03159,SV100023,SVC0024,2026-02-11,13:29:02,1320,stb
SVP03160,SV100023,SVC0024,2026-02-11,13:30:02,1380,stb
SVP03161,SV100023,SVC0024,2026-02-11,13:31:02,1440,stb
SVP03162,SV100023,SVC0024,2026-02-11,13:32:02,1500,stb
SVP03163,SV100023,SVC0024,2026-02-11,13:33:02,1560,stb
SVP03164,SV100023,SVC0024,2026-02-11,13:34:02,1620,stb
SVP03165,SV100023,SVC0024,2026-02-11,13:35:02,1680,stb
SVP03166,SV100023,SVC0024,2026-02-11,13:36:02,1740,stb
SVP03167,SV100023,SVC0024,2026-02-11,13:37:02,1800,stb
SVP03168,SV100023,SVC0024,2026-02-11,13:38:02,1860,stb
SVP03169,SV100023,SVC0024,2026-02-11,13:39:02,1920,stb
SVP03170,SV100023,SVC0024,2026-02-11,13:40:02,1980,stb
SVP03171,SV100023,SVC0024,2026-02-11,13:41:02,2040,stb
SVP03172,SV100023,SVC0024,2026-02-11,13:42:02,2100,stb
SVP03173,SV100023,SVC0024,2026-02-11,13:43:02,2160,stb
SVP03174,SV100023,SVC0024,2026-02-11,13:44:02,2220,stb
SVP03175,SV100023,SVC0024,2026-02-11,13:45:02,2280,stb
SVP03176,SV100023,SVC0024,2026-02-11,13:46:02,2340,stb
SVP03177,SV100023,SVC0024,2026-02-11,13:47:02,2400,stb
SVP03178,SV100023,SVC0024,2026-02-11,13:48:02,2460,stb
SVP03179,SV100023,SVC0024,2026-02-11,13:49:02,2520,stb
SVP03180,SV100023,SVC0024,2026-02-11,13:50:02,2580,stb
SVP03181,SV100023,SVC0024,2026-02-11,13:52:02,2700,stb
SVP03182,SV100023,SVC0024,2026-02-11,13:53:02,2760,stb
SVP03183,SV100023,SVC0024,2026-02-11,13:54:02,2820,stb
SVP03184,SV100023,SVC0024,2026-02-11,13:55:02,2880,stb
SVP03185,SV100023,SVC0024,2026-02-11,13:56:02,2940,stb
SVP03186,SV100023,SVC0024,2026-02-11,13:57:02,3000,stb
SVP03187,SV100023,SVC0024,2026-02-11,13:59:02,3120,stb
SVP03188,SV100023,SVC0024,2026-02-11,14:00:02,3180,stb
SVP03189,SV100023,SVC0024,2026-02-11,14:01:02,3240,stb
SVP03190,SV100023,SVC0024,2026-02-11,14:02:02,3300,stb
SVP03191,SV100023,SVC0024,2026-02-11,14:03:02,3360,stb
SVP03192,SV100023,SVC0024,2026-02-11,14:04:02,3420,stb
SVP03193,SV100023,SVC0024,2026-02-11,14:05:02,3480,stb
SVP03194,SV100023,SVC0024,2026-02-11,14:06:02,3540,stb
SVP03195,SV100023,SVC0024,2026-02-11,14:07:02,3600,stb
SVP03196,SV100023,SVC0024,2026-02-11,14:08:02,3660,stb
SVP03197,SV100023,SVC0024,2026-02-11,14:09:02,3720,stb
SVP03198,SV100023,SVC0024,2026-02-11,14:10:02,3780,stb
SVP03199,SV100023,SVC0024,2026-02-11,14:11:02,3840,stb
SVP03200,SV100023,SVC0024,2026-02-11,14:12:02,3900,stb
SVP03201,SV100023,SVC0024,2026-02-11,14:13:02,3960,stb
SVP03202,SV100023,SVC0024,2026-02-11,14:14:02,4020,stb
SVP03203,SV100023,SVC0024,2026-02-11,14:15:02,4080,stb
SVP03204,SV100023,SVC0024,2026-02-11,14:16:02,4140,stb
SVP03205,SV100023,SVC0024,2026-02-11,14:17:02,4200,stb
SVP03206,SV100023,SVC0024,2026-02-11,14:18:02,4260,stb
SVP03207,SV100023,SVC0024,2026-02-11,14:19:02,4320,stb
SVP03208,SV100023,SVC0024,2026-02-11,14:20:02,4380,stb
SVP03209,SV100023,SVC0024,2026-02-11,14:21:02,4440,stb
SVP03210,SV100023,SVC0024,2026-02-11,14:22:02,4500,stb
SVP03211,SV100023,SVC0024,2026-02-11,14:23:02,4560,stb
SVP03212,SV100023,SVC0024,2026-02-11,14:24:02,4620,stb
SVP03213,SV100023,SVC0024,2026-02-11,14:25:02,4680,stb
SVP03214,SV100023,SVC0024,2026-02-11,14:26:02,4740,stb
SVP03215,SV100023,SVC0024,2026-02-11,14:27:02,4800,stb
SVP03216,SV100023,SVC0024,2026-02-11,14:28:02,4860,stb
SVP03217,SV100023,SVC0024,2026-02-11,14:29:02,4920,stb
SVP03218,SV100023,SVC0024,2026-02-11,14:30:02,4980,stb
SVP03219,SV100023,SVC0024,2026-02-11,14:31:02,5040,stb
SVP03220,SV100023,SVC0024,2026-02-11,14:32:02,5100,stb
SVP03221,SV100023,SVC0024,2026-02-11,14:33:02,5160,stb
SVP03222,SV100023,SVC0024,2026-02-11,14:34:02,5220,stb
SVP03223,SV100023,SVC0024,2026-02-11,14:35:02,5280,stb
SVP03224,SV100023,SVC0024,2026-02-11,14:37:02,5400,stb
SVP03225,SV100023,SVC0024,2026-02-11,14:38:02,5460,stb
SVP03226,SV100023,SVC0024,2026-02-11,14:39:02,5520,stb
SVP03227,SV100023,SVC0024,2026-02-11,14:40:02,5580,stb
SVP03228,SV100023,SVC0024,2026-02-11,14:41:02,5640,stb
SVP03229,SV100023,SVC0024,2026-02-11,14:42:02,5700,stb
SVP03230,SV100023,SVC0024,2026-02-11,14:43:02,5760,stb
SVP03231,SV100023,SVC0024,2026-02-11,14:44:02,5820,stb
SVP03232,SV100023,SVC0024,2026-02-11,14:45:02,5880,stb
SVP03233,SV100023,SVC0024,2026-02-11,14:46:02,5940,stb
SVP03234,SV100023,SVC0024,2026-02-11,14:47:02,6000,stb
SVP03235,SV100023,SVC0024,2026-02-11,14:48:02,6060,stb
SVP03236,SV100023,SVC0024,2026-02-11,14:49:02,6120,stb
SVP03237,SV100023,SVC0024,2026-02-11,14:50:02,6180,stb
SVP03238,SV100023,SVC0024,2026-02-11,14:52:02,6300,stb
SVP03239,SV100023,SVC0024,2026-02-11,14:53:02,6360,stb
SVP03240,SV100023,SVC0024,2026-02-11,14:54:02,6420,stb
SVP03241,SV100023,SVC0024,2026-02-11,14:55:02,6480,stb
SVP03242,SV100023,SVC0024,2026-02-11,14:56:02,6540,stb
SVP03243,SV100023,SVC0024,2026-02-11,14:57:02,6600,stb
SVP03244,SV100023,SVC0024,2026-02-11,14:59:02,6720,stb
SVP03245,SV100023,SVC0024,2026-02-11,15:01:02,6840,stb
SVP03246,SV100023,SVC0024,2026-02-11,15:02:02,6900,stb
SVP03247,SV100023,SVC0024,2026-02-11,15:03:02,6960,stb
SVP03248,SV100023,SVC0024,2026-02-11,15:04:02,7020,stb
SVP03249,SV100023,SVC0024,2026-02-11,15:05:02,7080,stb
SVP03250,SV100023,SVC0024,2026-02-11,15:06:02,7140,stb
SVP03251,SV100023,SVC0024,2026-02-11,15:07:02,7200,stb
SVP03252,SV100023,SVC0024,2026-02-11,15:08:02,7260,stb
SVP03253,SV100023,SVC0024,2026-02-11,15:09:02,7320,stb
SVP03254,SV100023,SVC0024,2026-02-11,15:10:02,7380,stb
SVP03255,SV100023,SVC0024,2026-02-11,15:11:02,7440,stb
SVP03256,SV100023,SVC0024,2026-02-11,15:12:02,7500,stb
SVP03257,SV100023,SVC0024,2026-02-11,15:13:02,7560,stb
SVP03258,SV100023,SVC0024,2026-02-11,15:14:02,7620,stb
SVP03259,SV100023,SVC0024,2026-02-11,15:16:02,7740,stb
SVP03260,SV100023,SVC0024,2026-02-11,15:17:02,7800,stb
SVP03261,SV100023,SVC0024,2026-02-11,15:18:02,7860,stb
SVP03262,SV100023,SVC0024,2026-02-11,15:19:02,7920,stb
SVP03263,SV100023,SVC0024,2026-02-11,15:20:02,7980,stb
SVP03264,SV100023,SVC0024,2026-02-11,15:21:02,8040,stb
SVP03265,SV100023,SVC0024,2026-02-11,15:22:02,8100,stb
SVP03266,SV100023,SVC0024,2026-02-11,15:23:02,8160,stb
SVP03267,SV100023,SVC0024,2026-02-11,15:24:02,8220,stb
SVP03268,SV100023,SVC0024,2026-02-11,15:25:02,8280,stb
SVP03269,SV100023,SVC0024,2026-02-11,15:26:02,8340,stb
SVP03270,SV100023,SVC0024,2026-02-11,15:27:02,8400,stb
SVP03271,SV100023,SVC0024,2026-02-11,15:28:02,8460,stb
SVP03272,SV100023,SVC0024,2026-02-11,15:30:02,8580,stb
SVP03273,SV100023,SVC0024,2026-02-11,15:31:02,8640,stb
SVP03274,SV100023,SVC0024,2026-02-11,15:32:02,8700,stb
SVP03275,SV100023,SVC0024,2026-02-11,15:33:02,8760,stb
SVP03276,SV100023,SVC0024,2026-02-11,15:34:02,8820,stb
SVP03277,SV100023,SVC0024,2026-02-11,15:35:02,8880,stb
SVP03278,SV100023,SVC0024,2026-02-11,15:36:02,8940,stb
SVP03279,SV100023,SVC0024,2026-02-11,15:37:02,9000,stb
SVP03280,SV100023,SVC0024,2026-02-11,15:38:02,9060,stb
SVP03281,SV100023,SVC0024,2026-02-11,15:39:02,9120,stb
SVP03282,SV100023,SVC0024,2026-02-11,15:40:02,9180,stb
SVP03283,SV100023,SVC0024,2026-02-11,15:41:02,9240,stb
SVP03284,SV100023,SVC0024,2026-02-11,15:42:02,9300,stb
SVP03285,SV100023,SVC0024,2026-02-11,15:43:02,9360,stb
SVP03286,SV100023,SVC0024,2026-02-11,15:44:02,9420,stb
SVP03287,SV100023,SVC0024,2026-02-11,15:45:02,9480,stb
SVP03288,SV100023,SVC0024,2026-02-11,15:46:02,9540,stb
SVP03289,SV100023,SVC0024,2026-02-11,15:47:02,9600,stb
SVP03290,SV100023,SVC0024,2026-02-11,15:48:02,9660,stb
SVP03291,SV100023,SVC0024,2026-02-11,15:49:02,9720,stb
SVP03292,SV100023,SVC0024,2026-02-11,15:50:02,9780,stb
SVP03293,SV100023,SVC0024,2026-02-11,15:51:02,9840,stb
SVP03294,SV100023,SVC0024,2026-02-11,15:52:02,9900,stb
SVP03295,SV100023,SVC0024,2026-02-11,15:53:02,9960,stb
SVP03296,SV100023,SVC0024,2026-02-11,15:54:02,10020,stb
SVP03297,SV100023,SVC0024,2026-02-11,15:55:02,10080,stb
SVP03298,SV100023,SVC0024,2026-02-11,15:55:28,10106,stb
SVP03299,SV100024,SVC0010,2026-02-14,00:30:14,0,mob
SVP03300,SV100024,SVC0010,2026-02-14,00:31:14,60,mob
SVP03301,SV100024,SVC0010,2026-02-14,00:32:14,120,mob
SVP03302,SV100024,SVC0010,2026-02-14,00:33:14,180,mob
SVP03303,SV100024,SVC0010,2026-02-14,00:34:14,240,mob
SVP03304,SV100024,SVC0010,2026-02-14,00:35:14,300,mob
SVP03305,SV100024,SVC0010,2026-02-14,00:36:14,360,mob
SVP03306,SV100024,SVC0010,2026-02-14,00:37:14,420,mob
SVP03307,SV100024,SVC0010,2026-02-14,00:38:14,480,mob
SVP03308,SV100024,SVC0010,2026-02-14,00:39:14,540,mob
SVP03309,SV100024,SVC0010,2026-02-14,00:40:14,600,mob
SVP03310,SV100024,SVC0010,2026-02-14,00:41:14,660,mob
SVP03311,SV100024,SVC0010,2026-02-14,00:42:14,720,mob
SVP03312,SV100024,SVC0010,2026-02-14,00:43:14,780,mob
SVP03313,SV100024,SVC0010,2026-02-14,00:44:14,840,mob
SVP03314,SV100024,SVC0010,2026-02-14,00:45:14,900,mob
SVP03315,SV100024,SVC0010,2026-02-14,00:46:14,960,mob
SVP03316,SV100024,SVC0010,2026-02-14,00:47:14,1020,mob
SVP03317,SV100024,SVC0010,2026-02-14,00:48:14,1080,mob
SVP03318,SV100024,SVC0010,2026-02-14,00:49:14,1140,mob
SVP03319,SV100024,SVC0010,2026-02-14,00:50:14,1200,mob
SVP03320,SV100024,SVC0010,2026-02-14,00:52:14,1320,mob
SVP03321,SV100024,SVC0010,2026-02-14,00:53:14,1380,mob
SVP03322,SV100024,SVC0010,2026-02-14,00:54:14,1440,mob
SVP03323,SV100024,SVC0010,2026-02-14,00:55:14,1500,mob
SVP03324,SV100024,SVC0010,2026-02-14,00:56:14,1560,mob
SVP03325,SV100024,SVC0010,2026-02-14,00:57:14,1620,mob
SVP03326,SV100024,SVC0010,2026-02-14,00:58:14,1680,mob
SVP03327,SV100024,SVC0010,2026-02-14,00:59:14,1740,mob
SVP03328,SV100024,SVC0010,2026-02-14,01:00:14,1800,mob
SVP03329,SV100024,SVC0010,2026-02-14,01:01:14,1860,mob
SVP03330,SV100024,SVC0010,2026-02-14,01:02:14,1920,mob
SVP03331,SV100024,SVC0010,2026-02-14,01:03:14,1980,mob
SVP03332,SV100024,SVC0010,2026-02-14,01:04:14,2040,mob
SVP03333,SV100024,SVC0010,2026-02-14,01:05:14,2100,mob
SVP03334,SV100024,SVC0010,2026-02-14,01:06:14,2160,mob
SVP03335,SV100024,SVC0010,2026-02-14,01:08:14,2280,mob
SVP03336,SV100024,SVC0010,2026-02-14,01:09:14,2340,mob
SVP03337,SV100024,SVC0010,2026-02-14,01:10:14,2400,mob
SVP03338,SV100024,SVC0010,2026-02-14,01:12:14,2520,mob
SVP03339,SV100024,SVC0010,2026-02-14,01:13:14,2580,mob
SVP03340,SV100024,SVC0010,2026-02-14,01:14:14,2640,mob
SVP03341,SV100024,SVC0010,2026-02-14,01:15:14,2700,mob
SVP03342,SV100024,SVC0010,2026-02-14,01:16:14,2760,mob
SVP03343,SV100024,SVC0010,2026-02-14,01:17:14,2820,mob
SVP03344,SV100024,SVC0010,2026-02-14,01:18:14,2880,mob
SVP03345,SV100024,SVC0010,2026-02-14,01:19:14,2940,mob
SVP03346,SV100024,SVC0010,2026-02-14,01:20:14,3000,mob
SVP03347,SV100024,SVC0010,2026-02-14,01:20:51,3037,mob
SVP03348,SV100023,SVC0009,2026-02-15,13:36:25,0,stb
SVP03349,SV100023,SVC0009,2026-02-15,13:37:25,60,stb
SVP03350,SV100023,SVC0009,2026-02-15,13:38:25,120,stb
SVP03351,SV100023,SVC0009,2026-02-15,13:39:25,180,stb
SVP03352,SV100023,SVC0009,2026-02-15,13:40:25,240,stb
SVP03353,SV100023,SVC0009,2026-02-15,13:41:25,300,stb
SVP03354,SV100023,SVC0009,2026-02-15,13:42:25,360,stb
SVP03355,SV100023,SVC0009,2026-02-15,13:43:25,420,stb
SVP03356,SV100023,SVC0009,2026-02-15,13:44:25,480,stb
SVP03357,SV100023,SVC0009,2026-02-15,13:45:25,540,stb
SVP03358,SV100023,SVC0009,2026-02-15,13:47:25,660,stb
SVP03359,SV100023,SVC0009,2026-02-15,13:48:25,720,stb
SVP03360,SV100023,SVC0009,2026-02-15,13:50:25,840,stb
SVP03361,SV100023,SVC0009,2026-02-15,13:51:25,900,stb
SVP03362,SV100023,SVC0009,2026-02-15,13:52:25,960,stb
SVP03363,SV100023,SVC0009,2026-02-15,13:53:25,1020,stb
SVP03364,SV100023,SVC0009,2026-02-15,13:54:25,1080,stb
SVP03365,SV100023,SVC0009,2026-02-15,13:55:25,1140,stb
SVP03366,SV100023,SVC0009,2026-02-15,13:56:25,1200,stb
SVP03367,SV100023,SVC0009,2026-02-15,13:57:25,1260,stb
SVP03368,SV100023,SVC0009,2026-02-15,13:58:25,1320,stb
SVP03369,SV100023,SVC0009,2026-02-15,13:59:25,1380,stb
SVP03370,SV100023,SVC0009,2026-02-15,14:00:25,1440,stb
SVP03371,SV100023,SVC0009,2026-02-15,14:01:25,1500,stb
SVP03372,SV100023,SVC0009,2026-02-15,14:02:25,1560,stb
SVP03373,SV100023,SVC0009,2026-02-15,14:03:25,1620,stb
SVP03374,SV100023,SVC0009,2026-02-15,14:04:25,1680,stb
SVP03375,SV100023,SVC0009,2026-02-15,14:05:25,1740,stb
SVP03376,SV100023,SVC0009,2026-02-15,14:05:47,1762,stb
SVP03377,SV100020,SVC0011,2026-02-16,19:03:42,0,mob
SVP03378,SV100020,SVC0011,2026-02-16,19:04:42,60,mob
SVP03379,SV100020,SVC0011,2026-02-16,19:05:42,120,mob
SVP03380,SV100020,SVC0011,2026-02-16,19:07:42,240,mob
SVP03381,SV100020,SVC0011,2026-02-16,19:08:42,300,mob
SVP03382,SV100020,SVC0011,2026-02-16,19:09:42,360,mob
SVP03383,SV100020,SVC0011,2026-02-16,19:10:42,420,mob
SVP03384,SV100020,SVC0011,2026-02-16,19:11:42,480,mob
SVP03385,SV100020,SVC0011,2026-02-16,19:12:42,540,mob
SVP03386,SV100020,SVC0011,2026-02-16,19:13:42,600,mob
SVP03387,SV100020,SVC0011,2026-02-16,19:14:42,660,mob
SVP03388,SV100020,SVC0011,2026-02-16,19:15:42,720,mob
SVP03389,SV100020,SVC0011,2026-02-16,19:16:42,780,mob
SVP03390,SV100020,SVC0011,2026-02-16,19:17:42,840,mob
SVP03391,SV100020,SVC0011,2026-02-16,19:18:42,900,mob
SVP03392,SV100020,SVC0011,2026-02-16,19:19:42,960,mob
SVP03393,SV100020,SVC0011,2026-02-16,19:20:42,1020,mob
SVP03394,SV100020,SVC0011,2026-02-16,19:21:42,1080,mob
SVP03395,SV100020,SVC0011,2026-02-16,19:22:42,1140,mob
SVP03396,SV100020,SVC0011,2026-02-16,19:23:42,1200,mob
SVP03397,SV100020,SVC0011,2026-02-16,19:24:42,1260,mob
SVP03398,SV100020,SVC0011,2026-02-16,19:25:42,1320,mob
SVP03399,SV100020,SVC0011,2026-02-16,19:26:42,1380,mob
SVP03400,SV100020,SVC0011,2026-02-16,19:27:42,1440,mob
SVP03401,SV100020,SVC0011,2026-02-16,19:28:42,1500,mob
SVP03402,SV100020,SVC0011,2026-02-16,19:29:42,1560,mob
SVP03403,SV100020,SVC0011,2026-02-16,19:30:42,1620,mob
SVP03404,SV100020,SVC0011,2026-02-16,19:31:42,1680,mob
SVP03405,SV100020,SVC0011,2026-02-16,19:32:42,1740,mob
SVP03406,SV100020,SVC0011,2026-02-16,19:33:42,1800,mob
SVP03407,SV100020,SVC0011,2026-02-16,19:34:42,1860,mob
SVP03408,SV100020,SVC0011,2026-02-16,19:35:42,1920,mob
SVP03409,SV100020,SVC0011,2026-02-16,19:36:42,1980,mob
SVP03410,SV100020,SVC0011,2026-02-16,19:38:42,2100,mob
SVP03411,SV100020,SVC0011,2026-02-16,19:40:42,2220,mob
SVP03412,SV100020,SVC0011,2026-02-16,19:41:42,2280,mob
SVP03413,SV100020,SVC0011,2026-02-16,19:42:42,2340,mob
SVP03414,SV100020,SVC0011,2026-02-16,19:43:42,2400,mob
SVP03415,SV100020,SVC0011,2026-02-16,19:44:42,2460,mob
SVP03416,SV100020,SVC0011,2026-02-16,19:45:42,2520,mob
SVP03417,SV100020,SVC0011,2026-02-16,19:46:42,2580,mob
SVP03418,SV100020,SVC0011,2026-02-16,19:47:42,2640,mob
SVP03419,SV100020,SVC0011,2026-02-16,19:48:42,2700,mob
SVP03420,SV100020,SVC0011,2026-02-16,19:49:42,2760,mob
SVP03421,SV100020,SVC0011,2026-02-16,19:50:42,2820,mob
SVP03422,SV100020,SVC0011,2026-02-16,19:51:42,2880,mob
SVP03423,SV100020,SVC0011,2026-02-16,19:52:42,2940,mob
SVP03424,SV100020,SVC0011,2026-02-16,19:53:17,2975,mob
SVP03425,SV100018,SVC0019,2026-02-18,06:45:47,0,mob
SVP03426,SV100018,SVC0019,2026-02-18,06:46:47,60,mob
SVP03427,SV100018,SVC0019,2026-02-18,06:47:47,120,mob
SVP03428,SV100018,SVC0019,2026-02-18,06:48:47,180,mob
SVP03429,SV100018,SVC0019,2026-02-18,06:49:47,240,mob
SVP03430,SV100018,SVC0019,2026-02-18,06:50:47,300,mob
SVP03431,SV100018,SVC0019,2026-02-18,06:51:47,360,mob
SVP03432,SV100018,SVC0019,2026-02-18,06:52:47,420,mob
SVP03433,SV100018,SVC0019,2026-02-18,06:53:47,480,mob
SVP03434,SV100018,SVC0019,2026-02-18,06:54:47,540,mob
SVP03435,SV100018,SVC0019,2026-02-18,06:55:47,600,mob
SVP03436,SV100018,SVC0019,2026-02-18,06:56:47,660,mob
SVP03437,SV100018,SVC0019,2026-02-18,06:57:47,720,mob
SVP03438,SV100018,SVC0019,2026-02-18,06:58:47,780,mob
SVP03439,SV100018,SVC0019,2026-02-18,06:59:47,840,mob
SVP03440,SV100018,SVC0019,2026-02-18,07:00:47,900,mob
SVP03441,SV100018,SVC0019,2026-02-18,07:01:47,960,mob
SVP03442,SV100018,SVC0019,2026-02-18,07:02:47,1020,mob
SVP03443,SV100018,SVC0019,2026-02-18,07:03:47,1080,mob
SVP03444,SV100018,SVC0019,2026-02-18,07:04:47,1140,mob
SVP03445,SV100018,SVC0019,2026-02-18,07:05:47,1200,mob
SVP03446,SV100018,SVC0019,2026-02-18,07:06:47,1260,mob
SVP03447,SV100018,SVC0019,2026-02-18,07:07:47,1320,mob
SVP03448,SV100018,SVC0019,2026-02-18,07:08:47,1380,mob
SVP03449,SV100018,SVC0019,2026-02-18,07:09:47,1440,mob
SVP03450,SV100018,SVC0019,2026-02-18,07:10:47,1500,mob
SVP03451,SV100018,SVC0019,2026-02-18,07:11:47,1560,mob
SVP03452,SV100018,SVC0019,2026-02-18,07:12:47,1620,mob
SVP03453,SV100018,SVC0019,2026-02-18,07:13:47,1680,mob
SVP03454,SV100018,SVC0019,2026-02-18,07:14:47,1740,mob
SVP03455,SV100018,SVC0019,2026-02-18,07:15:47,1800,mob
SVP03456,SV100018,SVC0019,2026-02-18,07:16:47,1860,mob
SVP03457,SV100018,SVC0019,2026-02-18,07:17:47,1920,mob
SVP03458,SV100018,SVC0019,2026-02-18,07:18:47,1980,mob
SVP03459,SV100018,SVC0019,2026-02-18,07:19:47,2040,mob
SVP03460,SV100018,SVC0019,2026-02-18,07:20:47,2100,mob
SVP03461,SV100018,SVC0019,2026-02-18,07:21:47,2160,mob
SVP03462,SV100018,SVC0019,2026-02-18,07:22:47,2220,mob
SVP03463,SV100018,SVC0019,2026-02-18,07:24:47,2340,mob
SVP03464,SV100018,SVC0019,2026-02-18,07:25:47,2400,mob
SVP03465,SV100018,SVC0019,2026-02-18,07:26:47,2460,mob
SVP03466,SV100018,SVC0019,2026-02-18,07:27:47,2520,mob
SVP03467,SV100018,SVC0019,2026-02-18,07:28:47,2580,mob
SVP03468,SV100018,SVC0019,2026-02-18,07:29:47,2640,mob
SVP03469,SV100018,SVC0019,2026-02-18,07:30:47,2700,mob
SVP03470,SV100018,SVC0019,2026-02-18,07:31:47,2760,mob
SVP03471,SV100018,SVC0019,2026-02-18,07:32:47,2820,mob
SVP03472,SV100018,SVC0019,2026-02-18,07:33:47,2880,mob
SVP03473,SV100018,SVC0019,2026-02-18,07:34:47,2940,mob
SVP03474,SV100018,SVC0019,2026-02-18,07:35:47,3000,mob
SVP03475,SV100018,SVC0019,2026-02-18,07:36:47,3060,mob
SVP03476,SV100018,SVC0019,2026-02-18,07:37:47,3120,mob
SVP03477,SV100018,SVC0019,2026-02-18,07:38:47,3180,mob
SVP03478,SV100018,SVC0019,2026-02-18,07:39:47,3240,mob
SVP03479,SV100018,SVC0019,2026-02-18,07:40:47,3300,mob
SVP03480,SV100018,SVC0019,2026-02-18,07:42:47,3420,mob
SVP03481,SV100018,SVC0019,2026-02-18,07:43:47,3480,mob
SVP03482,SV100018,SVC0019,2026-02-18,07:44:47,3540,mob
SVP03483,SV100018,SVC0019,2026-02-18,07:45:47,3600,mob
SVP03484,SV100018,SVC0019,2026-02-18,07:47:47,3720,mob
SVP03485,SV100018,SVC0019,2026-02-18,07:48:47,3780,mob
SVP03486,SV100018,SVC0019,2026-02-18,07:49:47,3840,mob
SVP03487,SV100018,SVC0019,2026-02-18,07:50:47,3900,mob
SVP03488,SV100018,SVC0019,2026-02-18,07:51:47,3960,mob
SVP03489,SV100018,SVC0019,2026-02-18,07:52:47,4020,mob
SVP03490,SV100018,SVC0019,2026-02-18,07:53:47,4080,mob
SVP03491,SV100018,SVC0019,2026-02-18,07:54:47,4140,mob
SVP03492,SV100018,SVC0019,2026-02-18,07:55:14,4167,mob
SVP03493,SV100012,SVC0005,2026-02-18,18:00:33,0,mob
SVP03494,SV100012,SVC0005,2026-02-18,18:01:33,60,mob
SVP03495,SV100012,SVC0005,2026-02-18,18:02:33,120,mob
SVP03496,SV100012,SVC0005,2026-02-18,18:03:33,180,mob
SVP03497,SV100012,SVC0005,2026-02-18,18:04:33,240,mob
SVP03498,SV100012,SVC0005,2026-02-18,18:05:33,300,mob
SVP03499,SV100012,SVC0005,2026-02-18,18:06:33,360,mob
SVP03500,SV100012,SVC0005,2026-02-18,18:07:33,420,mob
SVP03501,SV100012,SVC0005,2026-02-18,18:08:33,480,mob
SVP03502,SV100012,SVC0005,2026-02-18,18:09:33,540,mob
SVP03503,SV100012,SVC0005,2026-02-18,18:10:33,600,mob
SVP03504,SV100012,SVC0005,2026-02-18,18:11:33,660,mob
SVP03505,SV100012,SVC0005,2026-02-18,18:12:33,720,mob
SVP03506,SV100012,SVC0005,2026-02-18,18:14:33,840,mob
SVP03507,SV100012,SVC0005,2026-02-18,18:15:33,900,mob
SVP03508,SV100012,SVC0005,2026-02-18,18:16:33,960,mob
SVP03509,SV100012,SVC0005,2026-02-18,18:17:33,1020,mob
SVP03510,SV100012,SVC0005,2026-02-18,18:18:33,1080,mob
SVP03511,SV100012,SVC0005,2026-02-18,18:19:33,1140,mob
SVP03512,SV100012,SVC0005,2026-02-18,18:20:33,1200,mob
SVP03513,SV100012,SVC0005,2026-02-18,18:21:33,1260,mob
SVP03514,SV100012,SVC0005,2026-02-18,18:22:33,1320,mob
SVP03515,SV100012,SVC0005,2026-02-18,18:24:33,1440,mob
SVP03516,SV100012,SVC0005,2026-02-18,18:25:33,1500,mob
SVP03517,SV100012,SVC0005,2026-02-18,18:26:33,1560,mob
SVP03518,SV100012,SVC0005,2026-02-18,18:27:33,1620,mob
SVP03519,SV100012,SVC0005,2026-02-18,18:28:33,1680,mob
SVP03520,SV100012,SVC0005,2026-02-18,18:29:33,1740,mob
SVP03521,SV100012,SVC0005,2026-02-18,18:30:33,1800,mob
SVP03522,SV100012,SVC0005,2026-02-18,18:31:33,1860,mob
SVP03523,SV100012,SVC0005,2026-02-18,18:32:33,1920,mob
SVP03524,SV100012,SVC0005,2026-02-18,18:33:33,1980,mob
SVP03525,SV100012,SVC0005,2026-02-18,18:34:33,2040,mob
SVP03526,SV100012,SVC0005,2026-02-18,18:35:33,2100,mob
SVP03527,SV100012,SVC0005,2026-02-18,18:36:33,2160,mob
SVP03528,SV100012,SVC0005,2026-02-18,18:37:33,2220,mob
SVP03529,SV100012,SVC0005,2026-02-18,18:38:33,2280,mob
SVP03530,SV100012,SVC0005,2026-02-18,18:39:33,2340,mob
SVP03531,SV100012,SVC0005,2026-02-18,18:40:33,2400,mob
SVP03532,SV100012,SVC0005,2026-02-18,18:41:33,2460,mob
SVP03533,SV100012,SVC0005,2026-02-18,18:42:33,2520,mob
SVP03534,SV100012,SVC0005,2026-02-18,18:43:33,2580,mob
SVP03535,SV100012,SVC0005,2026-02-18,18:44:33,2640,mob
SVP03536,SV100012,SVC0005,2026-02-18,18:45:33,2700,mob
SVP03537,SV100012,SVC0005,2026-02-18,18:46:33,2760,mob
SVP03538,SV100012,SVC0005,2026-02-18,18:47:33,2820,mob
SVP03539,SV100012,SVC0005,2026-02-18,18:49:33,2940,mob
SVP03540,SV100012,SVC0005,2026-02-18,18:50:33,3000,mob
SVP03541,SV100012,SVC0005,2026-02-18,18:51:33,3060,mob
SVP03542,SV100012,SVC0005,2026-02-18,18:52:33,3120,mob
SVP03543,SV100012,SVC0005,2026-02-18,18:53:33,3180,mob
SVP03544,SV100012,SVC0005,2026-02-18,18:55:33,3300,mob
SVP03545,SV100012,SVC0005,2026-02-18,18:56:33,3360,mob
SVP03546,SV100012,SVC0005,2026-02-18,18:56:52,3379,mob
SVP03547,SV100023,SVC0025,2026-02-18,20:05:05,0,browser
SVP03548,SV100023,SVC0025,2026-02-18,20:06:05,60,browser
SVP03549,SV100023,SVC0025,2026-02-18,20:07:05,120,browser
SVP03550,SV100023,SVC0025,2026-02-18,20:08:05,180,browser
SVP03551,SV100023,SVC0025,2026-02-18,20:09:05,240,browser
SVP03552,SV100023,SVC0025,2026-02-18,20:10:05,300,browser
SVP03553,SV100023,SVC0025,2026-02-18,20:11:05,360,browser
SVP03554,SV100023,SVC0025,2026-02-18,20:12:05,420,browser
SVP03555,SV100023,SVC0025,2026-02-18,20:13:05,480,browser
SVP03556,SV100023,SVC0025,2026-02-18,20:13:11,486,browser
SVP03557,SV100020,SVC0021,2026-02-22,23:22:35,0,browser
SVP03558,SV100020,SVC0021,2026-02-22,23:23:35,60,browser
SVP03559,SV100020,SVC0021,2026-02-22,23:24:35,120,browser
SVP03560,SV100020,SVC0021,2026-02-22,23:25:35,180,browser
SVP03561,SV100020,SVC0021,2026-02-22,23:26:35,240,browser
SVP03562,SV100020,SVC0021,2026-02-22,23:27:35,300,browser
SVP03563,SV100020,SVC0021,2026-02-22,23:28:35,360,browser
SVP03564,SV100020,SVC0021,2026-02-22,23:29:24,409,browser
SVP03565,SV100007,SVC0011,2026-02-22,23:56:31,0,stb
SVP03566,SV100007,SVC0011,2026-02-22,23:57:31,60,stb
SVP03567,SV100007,SVC0011,2026-02-22,23:58:31,120,stb
SVP03568,SV100007,SVC0011,2026-02-22,23:59:31,180,stb
SVP03569,SV100007,SVC0011,2026-02-23,00:00:31,240,stb
SVP03570,SV100007,SVC0011,2026-02-23,00:01:31,300,stb
SVP03571,SV100007,SVC0011,2026-02-23,00:02:31,360,stb
SVP03572,SV100007,SVC0011,2026-02-23,00:03:31,420,stb
SVP03573,SV100007,SVC0011,2026-02-23,00:04:31,480,stb
SVP03574,SV100007,SVC0011,2026-02-23,00:06:31,600,stb
SVP03575,SV100007,SVC0011,2026-02-23,00:07:31,660,stb
SVP03576,SV100007,SVC0011,2026-02-23,00:08:31,720,stb
SVP03577,SV100007,SVC0011,2026-02-23,00:09:31,780,stb
SVP03578,SV100007,SVC0011,2026-02-23,00:10:31,840,stb
SVP03579,SV100007,SVC0011,2026-02-23,00:11:31,900,stb
SVP03580,SV100007,SVC0011,2026-02-23,00:12:31,960,stb
SVP03581,SV100007,SVC0011,2026-02-23,00:13:31,1020,stb
SVP03582,SV100007,SVC0011,2026-02-23,00:14:31,1080,stb
SVP03583,SV100007,SVC0011,2026-02-23,00:15:31,1140,stb
SVP03584,SV100007,SVC0011,2026-02-23,00:16:31,1200,stb
SVP03585,SV100007,SVC0011,2026-02-23,00:17:31,1260,stb
SVP03586,SV100007,SVC0011,2026-02-23,00:18:31,1320,stb
SVP03587,SV100007,SVC0011,2026-02-23,00:19:31,1380,stb
SVP03588,SV100007,SVC0011,2026-02-23,00:20:31,1440,stb
SVP03589,SV100007,SVC0011,2026-02-23,00:21:31,1500,stb
SVP03590,SV100007,SVC0011,2026-02-23,00:22:31,1560,stb
SVP03591,SV100007,SVC0011,2026-02-23,00:23:31,1620,stb
SVP03592,SV100007,SVC0011,2026-02-23,00:24:31,1680,stb
SVP03593,SV100007,SVC0011,2026-02-23,00:25:31,1740,stb
SVP03594,SV100007,SVC0011,2026-02-23,00:26:31,1800,stb
SVP03595,SV100007,SVC0011,2026-02-23,00:27:31,1860,stb
SVP03596,SV100007,SVC0011,2026-02-23,00:28:31,1920,stb
SVP03597,SV100007,SVC0011,2026-02-23,00:29:31,1980,stb
SVP03598,SV100007,SVC0011,2026-02-23,00:30:31,2040,stb
SVP03599,SV100007,SVC0011,2026-02-23,00:31:31,2100,stb
SVP03600,SV100007,SVC0011,2026-02-23,00:32:31,2160,stb
SVP03601,SV100007,SVC0011,2026-02-23,00:33:31,2220,stb
SVP03602,SV100007,SVC0011,2026-02-23,00:34:31,2280,stb
SVP03603,SV100007,SVC0011,2026-02-23,00:35:31,2340,stb
SVP03604,SV100007,SVC0011,2026-02-23,00:36:31,2400,stb
SVP03605,SV100007,SVC0011,2026-02-23,00:37:31,2460,stb
SVP03606,SV100007,SVC0011,2026-02-23,00:38:31,2520,stb
SVP03607,SV100007,SVC0011,2026-02-23,00:39:31,2580,stb
SVP03608,SV100007,SVC0011,2026-02-23,00:40:31,2640,stb
SVP03609,SV100007,SVC0011,2026-02-23,00:41:31,2700,stb
SVP03610,SV100007,SVC0011,2026-02-23,00:42:31,2760,stb
SVP03611,SV100007,SVC0011,2026-02-23,00:43:31,2820,stb
SVP03612,SV100007,SVC0011,2026-02-23,00:44:31,2880,stb
SVP03613,SV100007,SVC0011,2026-02-23,00:45:31,2940,stb
SVP03614,SV100007,SVC0011,2026-02-23,00:46:31,3000,stb
SVP03615,SV100007,SVC0011,2026-02-23,00:47:31,3060,stb
SVP03616,SV100007,SVC0011,2026-02-23,00:48:31,3120,stb
SVP03617,SV100007,SVC0011,2026-02-23,00:50:31,3240,stb
SVP03618,SV100007,SVC0011,2026-02-23,00:51:31,3300,stb
SVP03619,SV100007,SVC0011,2026-02-23,00:52:31,3360,stb
SVP03620,SV100007,SVC0011,2026-02-23,00:53:31,3420,stb
SVP03621,SV100007,SVC0011,2026-02-23,00:54:31,3480,stb
SVP03622,SV100007,SVC0011,2026-02-23,00:55:31,3540,stb
SVP03623,SV100007,SVC0011,2026-02-23,00:56:31,3600,stb
SVP03624,SV100007,SVC0011,2026-02-23,00:57:31,3660,stb
SVP03625,SV100007,SVC0011,2026-02-23,00:58:31,3720,stb
SVP03626,SV100007,SVC0011,2026-02-23,01:00:31,3840,stb
SVP03627,SV100007,SVC0011,2026-02-23,01:01:31,3900,stb
SVP03628,SV100007,SVC0011,2026-02-23,01:02:31,3960,stb
SVP03629,SV100007,SVC0011,2026-02-23,01:03:31,4020,stb
SVP03630,SV100007,SVC0011,2026-02-23,01:04:31,4080,stb
SVP03631,SV100007,SVC0011,2026-02-23,01:05:31,4140,stb
SVP03632,SV100007,SVC0011,2026-02-23,01:06:31,4200,stb
SVP03633,SV100007,SVC0011,2026-02-23,01:07:31,4260,stb
SVP03634,SV100007,SVC0011,2026-02-23,01:08:31,4320,stb
SVP03635,SV100007,SVC0011,2026-02-23,01:09:31,4380,stb
SVP03636,SV100007,SVC0011,2026-02-23,01:10:31,4440,stb
SVP03637,SV100007,SVC0011,2026-02-23,01:11:31,4500,stb
SVP03638,SV100007,SVC0011,2026-02-23,01:12:31,4560,stb
SVP03639,SV100007,SVC0011,2026-02-23,01:13:31,4620,stb
SVP03640,SV100007,SVC0011,2026-02-23,01:14:31,4680,stb
SVP03641,SV100007,SVC0011,2026-02-23,01:15:31,4740,stb
SVP03642,SV100007,SVC0011,2026-02-23,01:16:31,4800,stb
SVP03643,SV100007,SVC0011,2026-02-23,01:17:31,4860,stb
SVP03644,SV100007,SVC0011,2026-02-23,01:18:31,4920,stb
SVP03645,SV100007,SVC0011,2026-02-23,01:19:31,4980,stb
SVP03646,SV100007,SVC0011,2026-02-23,01:20:31,5040,stb
SVP03647,SV100007,SVC0011,2026-02-23,01:21:31,5100,stb
SVP03648,SV100007,SVC0011,2026-02-23,01:23:31,5220,stb
SVP03649,SV100007,SVC0011,2026-02-23,01:24:31,5280,stb
SVP03650,SV100007,SVC0011,2026-02-23,01:25:31,5340,stb
SVP03651,SV100007,SVC0011,2026-02-23,01:26:31,5400,stb
SVP03652,SV100007,SVC0011,2026-02-23,01:27:31,5460,stb
SVP03653,SV100007,SVC0011,2026-02-23,01:27:33,5462,stb
SVP03654,SV100007,SVC0009,2026-02-24,18:29:36,0,mob
SVP03655,SV100007,SVC0009,2026-02-24,18:30:36,60,mob
SVP03656,SV100007,SVC0009,2026-02-24,18:32:36,180,mob
SVP03657,SV100007,SVC0009,2026-02-24,18:33:36,240,mob
SVP03658,SV100007,SVC0009,2026-02-24,18:34:36,300,mob
SVP03659,SV100007,SVC0009,2026-02-24,18:35:36,360,mob
SVP03660,SV100007,SVC0009,2026-02-24,18:36:36,420,mob
SVP03661,SV100007,SVC0009,2026-02-24,18:37:36,480,mob
SVP03662,SV100007,SVC0009,2026-02-24,18:38:36,540,mob
SVP03663,SV100007,SVC0009,2026-02-24,18:39:36,600,mob
SVP03664,SV100007,SVC0009,2026-02-24,18:40:36,660,mob
SVP03665,SV100007,SVC0009,2026-02-24,18:41:36,720,mob
SVP03666,SV100007,SVC0009,2026-02-24,18:42:36,780,mob
SVP03667,SV100007,SVC0009,2026-02-24,18:43:36,840,mob
SVP03668,SV100007,SVC0009,2026-02-24,18:44:36,900,mob
SVP03669,SV100007,SVC0009,2026-02-24,18:45:36,960,mob
SVP03670,SV100007,SVC0009,2026-02-24,18:46:36,1020,mob
SVP03671,SV100007,SVC0009,2026-02-24,18:48:36,1140,mob
SVP03672,SV100007,SVC0009,2026-02-24,18:49:36,1200,mob
SVP03673,SV100007,SVC0009,2026-02-24,18:50:36,1260,mob
SVP03674,SV100007,SVC0009,2026-02-24,18:51:36,1320,mob
SVP03675,SV100007,SVC0009,2026-02-24,18:52:36,1380,mob
SVP03676,SV100007,SVC0009,2026-02-24,18:53:36,1440,mob
SVP03677,SV100007,SVC0009,2026-02-24,18:54:36,1500,mob
SVP03678,SV100007,SVC0009,2026-02-24,18:55:36,1560,mob
SVP03679,SV100007,SVC0009,2026-02-24,18:56:36,1620,mob
SVP03680,SV100007,SVC0009,2026-02-24,18:57:36,1680,mob
SVP03681,SV100007,SVC0009,2026-02-24,18:58:36,1740,mob
SVP03682,SV100007,SVC0009,2026-02-24,18:59:36,1800,mob
SVP03683,SV100007,SVC0009,2026-02-24,19:00:36,1860,mob
SVP03684,SV100007,SVC0009,2026-02-24,19:01:36,1920,mob
SVP03685,SV100007,SVC0009,2026-02-24,19:02:36,1980,mob
SVP03686,SV100007,SVC0009,2026-02-24,19:03:36,2040,mob
SVP03687,SV100007,SVC0009,2026-02-24,19:05:36,2160,mob
SVP03688,SV100007,SVC0009,2026-02-24,19:06:36,2220,mob
SVP03689,SV100007,SVC0009,2026-02-24,19:07:36,2280,mob
SVP03690,SV100007,SVC0009,2026-02-24,19:08:36,2340,mob
SVP03691,SV100007,SVC0009,2026-02-24,19:09:36,2400,mob
SVP03692,SV100007,SVC0009,2026-02-24,19:10:36,2460,mob
SVP03693,SV100007,SVC0009,2026-02-24,19:11:36,2520,mob
SVP03694,SV100007,SVC0009,2026-02-24,19:12:36,2580,mob
SVP03695,SV100007,SVC0009,2026-02-24,19:13:36,2640,mob
SVP03696,SV100007,SVC0009,2026-02-24,19:14:36,2700,mob
SVP03697,SV100007,SVC0009,2026-02-24,19:15:36,2760,mob
SVP03698,SV100007,SVC0009,2026-02-24,19:16:36,2820,mob
SVP03699,SV100007,SVC0009,2026-02-24,19:17:36,2880,mob
SVP03700,SV100007,SVC0009,2026-02-24,19:18:36,2940,mob
SVP03701,SV100007,SVC0009,2026-02-24,19:19:36,3000,mob
SVP03702,SV100007,SVC0009,2026-02-24,19:20:36,3060,mob
SVP03703,SV100007,SVC0009,2026-02-24,19:21:36,3120,mob
SVP03704,SV100007,SVC0009,2026-02-24,19:22:36,3180,mob
SVP03705,SV100007,SVC0009,2026-02-24,19:23:36,3240,mob
SVP03706,SV100007,SVC0009,2026-02-24,19:25:36,3360,mob
SVP03707,SV100007,SVC0009,2026-02-24,19:26:36,3420,mob
SVP03708,SV100007,SVC0009,2026-02-24,19:27:36,3480,mob
SVP03709,SV100007,SVC0009,2026-02-24,19:28:36,3540,mob
SVP03710,SV100007,SVC0009,2026-02-24,19:29:36,3600,mob
SVP03711,SV100007,SVC0009,2026-02-24,19:30:36,3660,mob
SVP03712,SV100007,SVC0009,2026-02-24,19:31:36,3720,mob
SVP03713,SV100007,SVC0009,2026-02-24,19:32:36,3780,mob
SVP03714,SV100007,SVC0009,2026-02-24,19:33:36,3840,mob
SVP03715,SV100007,SVC0009,2026-02-24,19:34:36,3900,mob
SVP03716,SV100007,SVC0009,2026-02-24,19:35:36,3960,mob
SVP03717,SV100007,SVC0009,2026-02-24,19:36:36,4020,mob
SVP03718,SV100007,SVC0009,2026-02-24,19:37:36,4080,mob
SVP03719,SV100007,SVC0009,2026-02-24,19:38:36,4140,mob
SVP03720,SV100007,SVC0009,2026-02-24,19:39:36,4200,mob
SVP03721,SV100007,SVC0009,2026-02-24,19:40:36,4260,mob
SVP03722,SV100007,SVC0009,2026-02-24,19:41:36,4320,mob
SVP03723,SV100007,SVC0009,2026-02-24,19:43:36,4440,mob
SVP03724,SV100007,SVC0009,2026-02-24,19:44:36,4500,mob
SVP03725,SV100007,SVC0009,2026-02-24,19:45:36,4560,mob
SVP03726,SV100007,SVC0009,2026-02-24,19:46:36,4620,mob
SVP03727,SV100007,SVC0009,2026-02-24,19:47:36,4680,mob
SVP03728,SV100007,SVC0009,2026-02-24,19:49:36,4800,mob
SVP03729,SV100007,SVC0009,2026-02-24,19:50:36,4860,mob
SVP03730,SV100007,SVC0009,2026-02-24,19:51:36,4920,mob
SVP03731,SV100007,SVC0009,2026-02-24,19:52:36,4980,mob
SVP03732,SV100007,SVC0009,2026-02-24,19:53:36,5040,mob
SVP03733,SV100007,SVC0009,2026-02-24,19:54:36,5100,mob
SVP03734,SV100007,SVC0009,2026-02-24,19:55:36,5160,mob
SVP03735,SV100007,SVC0009,2026-02-24,19:56:36,5220,mob
SVP03736,SV100007,SVC0009,2026-02-24,19:57:36,5280,mob
SVP03737,SV100007,SVC0009,2026-02-24,19:58:36,5340,mob
SVP03738,SV100007,SVC0009,2026-02-24,19:59:36,5400,mob
SVP03739,SV100007,SVC0009,2026-02-24,20:00:36,5460,mob
SVP03740,SV100007,SVC0009,2026-02-24,20:01:36,5520,mob
SVP03741,SV100007,SVC0009,2026-02-24,20:02:36,5580,mob
SVP03742,SV100007,SVC0009,2026-02-24,20:04:36,5700,mob
SVP03743,SV100007,SVC0009,2026-02-24,20:05:36,5760,mob
SVP03744,SV100007,SVC0009,2026-02-24,20:06:36,5820,mob
SVP03745,SV100007,SVC0009,2026-02-24,20:07:36,5880,mob
SVP03746,SV100007,SVC0009,2026-02-24,20:08:36,5940,mob
SVP03747,SV100007,SVC0009,2026-02-24,20:09:10,5974,mob
SVP03748,SV100025,SVC0005,2026-02-25,21:30:54,0,mob
SVP03749,SV100025,SVC0005,2026-02-25,21:31:54,60,mob
SVP03750,SV100025,SVC0005,2026-02-25,21:32:54,120,mob
SVP03751,SV100025,SVC0005,2026-02-25,21:33:54,180,mob
SVP03752,SV100025,SVC0005,2026-02-25,21:34:54,240,mob
SVP03753,SV100025,SVC0005,2026-02-25,21:35:54,300,mob
SVP03754,SV100025,SVC0005,2026-02-25,21:36:54,360,mob
SVP03755,SV100025,SVC0005,2026-02-25,21:37:54,420,mob
SVP03756,SV100025,SVC0005,2026-02-25,21:38:54,480,mob
SVP03757,SV100025,SVC0005,2026-02-25,21:39:54,540,mob
SVP03758,SV100025,SVC0005,2026-02-25,21:40:54,600,mob
SVP03759,SV100025,SVC0005,2026-02-25,21:41:54,660,mob
SVP03760,SV100025,SVC0005,2026-02-25,21:43:54,780,mob
SVP03761,SV100025,SVC0005,2026-02-25,21:44:54,840,mob
SVP03762,SV100025,SVC0005,2026-02-25,21:46:54,960,mob
SVP03763,SV100025,SVC0005,2026-02-25,21:47:54,1020,mob
SVP03764,SV100025,SVC0005,2026-02-25,21:48:54,1080,mob
SVP03765,SV100025,SVC0005,2026-02-25,21:49:54,1140,mob
SVP03766,SV100025,SVC0005,2026-02-25,21:50:54,1200,mob
SVP03767,SV100025,SVC0005,2026-02-25,21:51:54,1260,mob
SVP03768,SV100025,SVC0005,2026-02-25,21:52:54,1320,mob
SVP03769,SV100025,SVC0005,2026-02-25,21:53:54,1380,mob
SVP03770,SV100025,SVC0005,2026-02-25,21:54:54,1440,mob
SVP03771,SV100025,SVC0005,2026-02-25,21:55:54,1500,mob
SVP03772,SV100025,SVC0005,2026-02-25,21:56:54,1560,mob
SVP03773,SV100025,SVC0005,2026-02-25,21:58:54,1680,mob
SVP03774,SV100025,SVC0005,2026-02-25,21:59:54,1740,mob
SVP03775,SV100025,SVC0005,2026-02-25,22:00:54,1800,mob
SVP03776,SV100025,SVC0005,2026-02-25,22:01:54,1860,mob
SVP03777,SV100025,SVC0005,2026-02-25,22:02:54,1920,mob
SVP03778,SV100025,SVC0005,2026-02-25,22:03:54,1980,mob
SVP03779,SV100025,SVC0005,2026-02-25,22:04:54,2040,mob
SVP03780,SV100025,SVC0005,2026-02-25,22:05:54,2100,mob
SVP03781,SV100025,SVC0005,2026-02-25,22:06:54,2160,mob
SVP03782,SV100025,SVC0005,2026-02-25,22:07:54,2220,mob
SVP03783,SV100025,SVC0005,2026-02-25,22:08:54,2280,mob
SVP03784,SV100025,SVC0005,2026-02-25,22:09:54,2340,mob
SVP03785,SV100025,SVC0005,2026-02-25,22:10:54,2400,mob
SVP03786,SV100025,SVC0005,2026-02-25,22:12:54,2520,mob
SVP03787,SV100025,SVC0005,2026-02-25,22:13:54,2580,mob
SVP03788,SV100025,SVC0005,2026-02-25,22:14:54,2640,mob
SVP03789,SV100025,SVC0005,2026-02-25,22:15:54,2700,mob
SVP03790,SV100025,SVC0005,2026-02-25,22:16:54,2760,mob
SVP03791,SV100025,SVC0005,2026-02-25,22:17:54,2820,mob
SVP03792,SV100025,SVC0005,2026-02-25,22:18:54,2880,mob
SVP03793,SV100025,SVC0005,2026-02-25,22:19:54,2940,mob
SVP03794,SV100025,SVC0005,2026-02-25,22:20:54,3000,mob
SVP03795,SV100025,SVC0005,2026-02-25,22:21:54,3060,mob
SVP03796,SV100025,SVC0005,2026-02-25,22:23:54,3180,mob
SVP03797,SV100025,SVC0005,2026-02-25,22:24:54,3240,mob
SVP03798,SV100025,SVC0005,2026-02-25,22:25:54,3300,mob
SVP03799,SV100025,SVC0005,2026-02-25,22:26:54,3360,mob
SVP03800,SV100025,SVC0005,2026-02-25,22:27:54,3420,mob
SVP03801,SV100025,SVC0005,2026-02-25,22:28:54,3480,mob
SVP03802,SV100025,SVC0005,2026-02-25,22:29:54,3540,mob
SVP03803,SV100025,SVC0005,2026-02-25,22:30:54,3600,mob
SVP03804,SV100025,SVC0005,2026-02-25,22:31:54,3660,mob
SVP03805,SV100025,SVC0005,2026-02-25,22:32:54,3720,mob
SVP03806,SV100025,SVC0005,2026-02-25,22:33:54,3780,mob
SVP03807,SV100025,SVC0005,2026-02-25,22:34:54,3840,mob
SVP03808,SV100025,SVC0005,2026-02-25,22:35:54,3900,mob
SVP03809,SV100025,SVC0005,2026-02-25,22:36:54,3960,mob
SVP03810,SV100025,SVC0005,2026-02-25,22:37:54,4020,mob
SVP03811,SV100025,SVC0005,2026-02-25,22:38:54,4080,mob
SVP03812,SV100025,SVC0005,2026-02-25,22:38:56,4082,mob
SVP03813,SV100018,SVC0005,2026-02-26,12:58:33,0,mob
SVP03814,SV100018,SVC0005,2026-02-26,12:59:33,60,mob
SVP03815,SV100018,SVC0005,2026-02-26,13:00:33,120,mob
SVP03816,SV100018,SVC0005,2026-02-26,13:01:33,180,mob
SVP03817,SV100018,SVC0005,2026-02-26,13:02:33,240,mob
SVP03818,SV100018,SVC0005,2026-02-26,13:03:33,300,mob
SVP03819,SV100018,SVC0005,2026-02-26,13:04:33,360,mob
SVP03820,SV100018,SVC0005,2026-02-26,13:05:33,420,mob
SVP03821,SV100018,SVC0005,2026-02-26,13:06:33,480,mob
SVP03822,SV100018,SVC0005,2026-02-26,13:07:33,540,mob
SVP03823,SV100018,SVC0005,2026-02-26,13:08:33,600,mob
SVP03824,SV100018,SVC0005,2026-02-26,13:09:33,660,mob
SVP03825,SV100018,SVC0005,2026-02-26,13:10:33,720,mob
SVP03826,SV100018,SVC0005,2026-02-26,13:11:33,780,mob
SVP03827,SV100018,SVC0005,2026-02-26,13:13:33,900,mob
SVP03828,SV100018,SVC0005,2026-02-26,13:14:33,960,mob
SVP03829,SV100018,SVC0005,2026-02-26,13:15:33,1020,mob
SVP03830,SV100018,SVC0005,2026-02-26,13:16:33,1080,mob
SVP03831,SV100018,SVC0005,2026-02-26,13:17:33,1140,mob
SVP03832,SV100018,SVC0005,2026-02-26,13:18:33,1200,mob
SVP03833,SV100018,SVC0005,2026-02-26,13:19:33,1260,mob
SVP03834,SV100018,SVC0005,2026-02-26,13:20:33,1320,mob
SVP03835,SV100018,SVC0005,2026-02-26,13:21:33,1380,mob
SVP03836,SV100018,SVC0005,2026-02-26,13:22:33,1440,mob
SVP03837,SV100018,SVC0005,2026-02-26,13:23:33,1500,mob
SVP03838,SV100018,SVC0005,2026-02-26,13:24:33,1560,mob
SVP03839,SV100018,SVC0005,2026-02-26,13:25:33,1620,mob
SVP03840,SV100018,SVC0005,2026-02-26,13:26:33,1680,mob
SVP03841,SV100018,SVC0005,2026-02-26,13:27:33,1740,mob
SVP03842,SV100018,SVC0005,2026-02-26,13:28:33,1800,mob
SVP03843,SV100018,SVC0005,2026-02-26,13:29:33,1860,mob
SVP03844,SV100018,SVC0005,2026-02-26,13:30:33,1920,mob
SVP03845,SV100018,SVC0005,2026-02-26,13:31:33,1980,mob
SVP03846,SV100018,SVC0005,2026-02-26,13:32:33,2040,mob
SVP03847,SV100018,SVC0005,2026-02-26,13:33:33,2100,mob
SVP03848,SV100018,SVC0005,2026-02-26,13:34:33,2160,mob
SVP03849,SV100018,SVC0005,2026-02-26,13:35:33,2220,mob
SVP03850,SV100018,SVC0005,2026-02-26,13:36:33,2280,mob
SVP03851,SV100018,SVC0005,2026-02-26,13:38:33,2400,mob
SVP03852,SV100018,SVC0005,2026-02-26,13:39:33,2460,mob
SVP03853,SV100018,SVC0005,2026-02-26,13:40:33,2520,mob
SVP03854,SV100018,SVC0005,2026-02-26,13:41:33,2580,mob
SVP03855,SV100018,SVC0005,2026-02-26,13:42:33,2640,mob
SVP03856,SV100018,SVC0005,2026-02-26,13:43:33,2700,mob
SVP03857,SV100018,SVC0005,2026-02-26,13:44:33,2760,mob
SVP03858,SV100018,SVC0005,2026-02-26,13:45:33,2820,mob
SVP03859,SV100018,SVC0005,2026-02-26,13:46:33,2880,mob
SVP03860,SV100018,SVC0005,2026-02-26,13:47:33,2940,mob
SVP03861,SV100018,SVC0005,2026-02-26,13:48:33,3000,mob
SVP03862,SV100018,SVC0005,2026-02-26,13:49:33,3060,mob
SVP03863,SV100018,SVC0005,2026-02-26,13:50:33,3120,mob
SVP03864,SV100018,SVC0005,2026-02-26,13:51:33,3180,mob
SVP03865,SV100018,SVC0005,2026-02-26,13:52:33,3240,mob
SVP03866,SV100018,SVC0005,2026-02-26,13:53:33,3300,mob
SVP03867,SV100018,SVC0005,2026-02-26,13:54:33,3360,mob
SVP03868,SV100018,SVC0005,2026-02-26,13:55:33,3420,mob
SVP03869,SV100018,SVC0005,2026-02-26,13:56:33,3480,mob
SVP03870,SV100018,SVC0005,2026-02-26,13:57:33,3540,mob
SVP03871,SV100018,SVC0005,2026-02-26,13:58:33,3600,mob
SVP03872,SV100018,SVC0005,2026-02-26,13:59:33,3660,mob
SVP03873,SV100018,SVC0005,2026-02-26,14:00:33,3720,mob
SVP03874,SV100018,SVC0005,2026-02-26,14:01:33,3780,mob
SVP03875,SV100018,SVC0005,2026-02-26,14:03:33,3900,mob
SVP03876,SV100018,SVC0005,2026-02-26,14:04:33,3960,mob
SVP03877,SV100018,SVC0005,2026-02-26,14:05:33,4020,mob
SVP03878,SV100018,SVC0005,2026-02-26,14:06:33,4080,mob
SVP03879,SV100018,SVC0005,2026-02-26,14:07:33,4140,mob
SVP03880,SV100018,SVC0005,2026-02-26,14:08:33,4200,mob
SVP03881,SV100018,SVC0005,2026-02-26,14:09:33,4260,mob
SVP03882,SV100018,SVC0005,2026-02-26,14:10:33,4320,mob
SVP03883,SV100018,SVC0005,2026-02-26,14:11:33,4380,mob
SVP03884,SV100018,SVC0005,2026-02-26,14:12:33,4440,mob
SVP03885,SV100018,SVC0005,2026-02-26,14:13:33,4500,mob
SVP03886,SV100018,SVC0005,2026-02-26,14:14:33,4560,mob
SVP03887,SV100018,SVC0005,2026-02-26,14:15:33,4620,mob
SVP03888,SV100018,SVC0005,2026-02-26,14:16:33,4680,mob
SVP03889,SV100018,SVC0005,2026-02-26,14:17:33,4740,mob
SVP03890,SV100018,SVC0005,2026-02-26,14:18:33,4800,mob
SVP03891,SV100018,SVC0005,2026-02-26,14:19:33,4860,mob
SVP03892,SV100018,SVC0005,2026-02-26,14:20:33,4920,mob
SVP03893,SV100018,SVC0005,2026-02-26,14:21:33,4980,mob
SVP03894,SV100018,SVC0005,2026-02-26,14:22:33,5040,mob
SVP03895,SV100018,SVC0005,2026-02-26,14:23:33,5100,mob
SVP03896,SV100018,SVC0005,2026-02-26,14:24:33,5160,mob
SVP03897,SV100018,SVC0005,2026-02-26,14:25:33,5220,mob
SVP03898,SV100018,SVC0005,2026-02-26,14:26:33,5280,mob
SVP03899,SV100018,SVC0005,2026-02-26,14:27:33,5340,mob
SVP03900,SV100018,SVC0005,2026-02-26,14:28:33,5400,mob
SVP03901,SV100018,SVC0005,2026-02-26,14:29:33,5460,mob
SVP03902,SV100018,SVC0005,2026-02-26,14:30:33,5520,mob
SVP03903,SV100018,SVC0005,2026-02-26,14:32:33,5640,mob
SVP03904,SV100018,SVC0005,2026-02-26,14:33:33,5700,mob
SVP03905,SV100018,SVC0005,2026-02-26,14:34:33,5760,mob
SVP03906,SV100018,SVC0005,2026-02-26,14:35:33,5820,mob
SVP03907,SV100018,SVC0005,2026-02-26,14:36:33,5880,mob
SVP03908,SV100018,SVC0005,2026-02-26,14:37:33,5940,mob
SVP03909,SV100018,SVC0005,2026-02-26,14:38:33,6000,mob
SVP03910,SV100018,SVC0005,2026-02-26,14:39:33,6060,mob
SVP03911,SV100018,SVC0005,2026-02-26,14:41:33,6180,mob
SVP03912,SV100018,SVC0005,2026-02-26,14:42:33,6240,mob
SVP03913,SV100018,SVC0005,2026-02-26,14:43:33,6300,mob
SVP03914,SV100018,SVC0005,2026-02-26,14:44:33,6360,mob
SVP03915,SV100018,SVC0005,2026-02-26,14:45:33,6420,mob
SVP03916,SV100018,SVC0005,2026-02-26,14:46:33,6480,mob
SVP03917,SV100018,SVC0005,2026-02-26,14:47:06,6513,mob
SVP03918,SV100022,SVC0012,2026-03-02,06:10:05,0,mob
SVP03919,SV100022,SVC0012,2026-03-02,06:11:05,60,mob
SVP03920,SV100022,SVC0012,2026-03-02,06:12:05,120,mob
SVP03921,SV100022,SVC0012,2026-03-02,06:13:05,180,mob
SVP03922,SV100022,SVC0012,2026-03-02,06:14:05,240,mob
SVP03923,SV100022,SVC0012,2026-03-02,06:15:05,300,mob
SVP03924,SV100022,SVC0012,2026-03-02,06:17:05,420,mob
SVP03925,SV100022,SVC0012,2026-03-02,06:18:05,480,mob
SVP03926,SV100022,SVC0012,2026-03-02,06:19:05,540,mob
SVP03927,SV100022,SVC0012,2026-03-02,06:20:05,600,mob
SVP03928,SV100022,SVC0012,2026-03-02,06:21:05,660,mob
SVP03929,SV100022,SVC0012,2026-03-02,06:22:05,720,mob
SVP03930,SV100022,SVC0012,2026-03-02,06:23:05,780,mob
SVP03931,SV100022,SVC0012,2026-03-02,06:24:05,840,mob
SVP03932,SV100022,SVC0012,2026-03-02,06:25:05,900,mob
SVP03933,SV100022,SVC0012,2026-03-02,06:26:05,960,mob
SVP03934,SV100022,SVC0012,2026-03-02,06:27:05,1020,mob
SVP03935,SV100022,SVC0012,2026-03-02,06:28:05,1080,mob
SVP03936,SV100022,SVC0012,2026-03-02,06:29:05,1140,mob
SVP03937,SV100022,SVC0012,2026-03-02,06:30:05,1200,mob
SVP03938,SV100022,SVC0012,2026-03-02,06:31:05,1260,mob
SVP03939,SV100022,SVC0012,2026-03-02,06:33:05,1380,mob
SVP03940,SV100022,SVC0012,2026-03-02,06:34:05,1440,mob
SVP03941,SV100022,SVC0012,2026-03-02,06:35:05,1500,mob
SVP03942,SV100022,SVC0012,2026-03-02,06:36:05,1560,mob
SVP03943,SV100022,SVC0012,2026-03-02,06:37:05,1620,mob
SVP03944,SV100022,SVC0012,2026-03-02,06:38:05,1680,mob
SVP03945,SV100022,SVC0012,2026-03-02,06:39:05,1740,mob
SVP03946,SV100022,SVC0012,2026-03-02,06:40:05,1800,mob
SVP03947,SV100022,SVC0012,2026-03-02,06:41:05,1860,mob
SVP03948,SV100022,SVC0012,2026-03-02,06:42:05,1920,mob
SVP03949,SV100022,SVC0012,2026-03-02,06:43:05,1980,mob
SVP03950,SV100022,SVC0012,2026-03-02,06:44:05,2040,mob
SVP03951,SV100022,SVC0012,2026-03-02,06:45:05,2100,mob
SVP03952,SV100022,SVC0012,2026-03-02,06:46:05,2160,mob
SVP03953,SV100022,SVC0012,2026-03-02,06:47:05,2220,mob
SVP03954,SV100022,SVC0012,2026-03-02,06:48:05,2280,mob
SVP03955,SV100022,SVC0012,2026-03-02,06:49:05,2340,mob
SVP03956,SV100022,SVC0012,2026-03-02,06:51:05,2460,mob
SVP03957,SV100022,SVC0012,2026-03-02,06:52:05,2520,mob
SVP03958,SV100022,SVC0012,2026-03-02,06:54:05,2640,mob
SVP03959,SV100022,SVC0012,2026-03-02,06:55:05,2700,mob
SVP03960,SV100022,SVC0012,2026-03-02,06:56:05,2760,mob
SVP03961,SV100022,SVC0012,2026-03-02,06:57:05,2820,mob
SVP03962,SV100022,SVC0012,2026-03-02,06:58:05,2880,mob
SVP03963,SV100022,SVC0012,2026-03-02,06:59:05,2940,mob
SVP03964,SV100022,SVC0012,2026-03-02,07:00:05,3000,mob
SVP03965,SV100022,SVC0012,2026-03-02,07:01:05,3060,mob
SVP03966,SV100022,SVC0012,2026-03-02,07:03:05,3180,mob
SVP03967,SV100022,SVC0012,2026-03-02,07:04:05,3240,mob
SVP03968,SV100022,SVC0012,2026-03-02,07:05:05,3300,mob
SVP03969,SV100022,SVC0012,2026-03-02,07:06:05,3360,mob
SVP03970,SV100022,SVC0012,2026-03-02,07:07:05,3420,mob
SVP03971,SV100022,SVC0012,2026-03-02,07:08:05,3480,mob
SVP03972,SV100022,SVC0012,2026-03-02,07:10:05,3600,mob
SVP03973,SV100022,SVC0012,2026-03-02,07:11:05,3660,mob
SVP03974,SV100022,SVC0012,2026-03-02,07:12:05,3720,mob
SVP03975,SV100022,SVC0012,2026-03-02,07:13:05,3780,mob
SVP03976,SV100022,SVC0012,2026-03-02,07:14:05,3840,mob
SVP03977,SV100022,SVC0012,2026-03-02,07:15:05,3900,mob
SVP03978,SV100022,SVC0012,2026-03-02,07:16:05,3960,mob
SVP03979,SV100022,SVC0012,2026-03-02,07:17:05,4020,mob
SVP03980,SV100022,SVC0012,2026-03-02,07:18:05,4080,mob
SVP03981,SV100022,SVC0012,2026-03-02,07:19:05,4140,mob
SVP03982,SV100022,SVC0012,2026-03-02,07:20:05,4200,mob
SVP03983,SV100022,SVC0012,2026-03-02,07:21:05,4260,mob
SVP03984,SV100022,SVC0012,2026-03-02,07:22:05,4320,mob
SVP03985,SV100022,SVC0012,2026-03-02,07:23:05,4380,mob
SVP03986,SV100022,SVC0012,2026-03-02,07:24:05,4440,mob
SVP03987,SV100022,SVC0012,2026-03-02,07:25:05,4500,mob
SVP03988,SV100022,SVC0012,2026-03-02,07:26:05,4560,mob
SVP03989,SV100022,SVC0012,2026-03-02,07:27:05,4620,mob
SVP03990,SV100022,SVC0012,2026-03-02,07:28:05,4680,mob
SVP03991,SV100022,SVC0012,2026-03-02,07:29:05,4740,mob
SVP03992,SV100022,SVC0012,2026-03-02,07:30:05,4800,mob
SVP03993,SV100022,SVC0012,2026-03-02,07:31:05,4860,mob
SVP03994,SV100022,SVC0012,2026-03-02,07:32:05,4920,mob
SVP03995,SV100022,SVC0012,2026-03-02,07:33:05,4980,mob
SVP03996,SV100022,SVC0012,2026-03-02,07:34:05,5040,mob
SVP03997,SV100022,SVC0012,2026-03-02,07:36:05,5160,mob
SVP03998,SV100022,SVC0012,2026-03-02,07:37:05,5220,mob
SVP03999,SV100022,SVC0012,2026-03-02,07:38:05,5280,mob
SVP04000,SV100022,SVC0012,2026-03-02,07:39:05,5340,mob
SVP04001,SV100022,SVC0012,2026-03-02,07:40:05,5400,mob
SVP04002,SV100022,SVC0012,2026-03-02,07:41:05,5460,mob
SVP04003,SV100022,SVC0012,2026-03-02,07:42:05,5520,mob
SVP04004,SV100022,SVC0012,2026-03-02,07:43:05,5580,mob
SVP04005,SV100022,SVC0012,2026-03-02,07:44:05,5640,mob
SVP04006,SV100022,SVC0012,2026-03-02,07:45:05,5700,mob
SVP04007,SV100022,SVC0012,2026-03-02,07:46:05,5760,mob
SVP04008,SV100022,SVC0012,2026-03-02,07:47:05,5820,mob
SVP04009,SV100022,SVC0012,2026-03-02,07:48:05,5880,mob
SVP04010,SV100022,SVC0012,2026-03-02,07:50:05,6000,mob
SVP04011,SV100022,SVC0012,2026-03-02,07:51:05,6060,mob
SVP04012,SV100022,SVC0012,2026-03-02,07:52:05,6120,mob
SVP04013,SV100022,SVC0012,2026-03-02,07:53:05,6180,mob
SVP04014,SV100022,SVC0012,2026-03-02,07:54:05,6240,mob
SVP04015,SV100022,SVC0012,2026-03-02,07:55:05,6300,mob
SVP04016,SV100022,SVC0012,2026-03-02,07:56:05,6360,mob
SVP04017,SV100022,SVC0012,2026-03-02,07:57:05,6420,mob
SVP04018,SV100022,SVC0012,2026-03-02,07:58:05,6480,mob
SVP04019,SV100022,SVC0012,2026-03-02,07:59:05,6540,mob
SVP04020,SV100022,SVC0012,2026-03-02,08:00:05,6600,mob
SVP04021,SV100022,SVC0012,2026-03-02,08:01:05,6660,mob
SVP04022,SV100022,SVC0012,2026-03-02,08:03:05,6780,mob
SVP04023,SV100022,SVC0012,2026-03-02,08:04:05,6840,mob
SVP04024,SV100022,SVC0012,2026-03-02,08:05:05,6900,mob
SVP04025,SV100022,SVC0012,2026-03-02,08:06:05,6960,mob
SVP04026,SV100022,SVC0012,2026-03-02,08:07:05,7020,mob
SVP04027,SV100022,SVC0012,2026-03-02,08:08:05,7080,mob
SVP04028,SV100022,SVC0012,2026-03-02,08:09:05,7140,mob
SVP04029,SV100022,SVC0012,2026-03-02,08:10:05,7200,mob
SVP04030,SV100022,SVC0012,2026-03-02,08:11:05,7260,mob
SVP04031,SV100022,SVC0012,2026-03-02,08:12:05,7320,mob
SVP04032,SV100022,SVC0012,2026-03-02,08:13:05,7380,mob
SVP04033,SV100022,SVC0012,2026-03-02,08:14:05,7440,mob
SVP04034,SV100022,SVC0012,2026-03-02,08:15:05,7500,mob
SVP04035,SV100022,SVC0012,2026-03-02,08:16:05,7560,mob
SVP04036,SV100022,SVC0012,2026-03-02,08:17:05,7620,mob
SVP04037,SV100022,SVC0012,2026-03-02,08:18:05,7680,mob
SVP04038,SV100022,SVC0012,2026-03-02,08:19:05,7740,mob
SVP04039,SV100022,SVC0012,2026-03-02,08:20:05,7800,mob
SVP04040,SV100022,SVC0012,2026-03-02,08:21:05,7860,mob
SVP04041,SV100022,SVC0012,2026-03-02,08:22:05,7920,mob
SVP04042,SV100022,SVC0012,2026-03-02,08:23:05,7980,mob
SVP04043,SV100022,SVC0012,2026-03-02,08:24:05,8040,mob
SVP04044,SV100022,SVC0012,2026-03-02,08:25:05,8100,mob
SVP04045,SV100022,SVC0012,2026-03-02,08:26:05,8160,mob
SVP04046,SV100022,SVC0012,2026-03-02,08:27:05,8220,mob
SVP04047,SV100022,SVC0012,2026-03-02,08:28:05,8280,mob
SVP04048,SV100022,SVC0012,2026-03-02,08:29:05,8340,mob
SVP04049,SV100022,SVC0012,2026-03-02,08:30:05,8400,mob
SVP04050,SV100022,SVC0012,2026-03-02,08:31:05,8460,mob
SVP04051,SV100022,SVC0012,2026-03-02,08:32:05,8520,mob
SVP04052,SV100022,SVC0012,2026-03-02,08:33:05,8580,mob
SVP04053,SV100022,SVC0012,2026-03-02,08:34:05,8640,mob
SVP04054,SV100022,SVC0012,2026-03-02,08:34:37,8672,mob
SVP04055,SV100021,SVC0011,2026-03-03,18:01:00,0,tab
SVP04056,SV100021,SVC0011,2026-03-03,18:02:00,60,tab
SVP04057,SV100021,SVC0011,2026-03-03,18:03:00,120,tab
SVP04058,SV100021,SVC0011,2026-03-03,18:04:00,180,tab
SVP04059,SV100021,SVC0011,2026-03-03,18:05:00,240,tab
SVP04060,SV100021,SVC0011,2026-03-03,18:07:00,360,tab
SVP04061,SV100021,SVC0011,2026-03-03,18:08:00,420,tab
SVP04062,SV100021,SVC0011,2026-03-03,18:09:00,480,tab
SVP04063,SV100021,SVC0011,2026-03-03,18:10:00,540,tab
SVP04064,SV100021,SVC0011,2026-03-03,18:11:00,600,tab
SVP04065,SV100021,SVC0011,2026-03-03,18:12:00,660,tab
SVP04066,SV100021,SVC0011,2026-03-03,18:13:00,720,tab
SVP04067,SV100021,SVC0011,2026-03-03,18:14:00,780,tab
SVP04068,SV100021,SVC0011,2026-03-03,18:16:00,900,tab
SVP04069,SV100021,SVC0011,2026-03-03,18:17:00,960,tab
SVP04070,SV100021,SVC0011,2026-03-03,18:18:00,1020,tab
SVP04071,SV100021,SVC0011,2026-03-03,18:19:00,1080,tab
SVP04072,SV100021,SVC0011,2026-03-03,18:20:00,1140,tab
SVP04073,SV100021,SVC0011,2026-03-03,18:21:00,1200,tab
SVP04074,SV100021,SVC0011,2026-03-03,18:22:00,1260,tab
SVP04075,SV100021,SVC0011,2026-03-03,18:23:00,1320,tab
SVP04076,SV100021,SVC0011,2026-03-03,18:24:00,1380,tab
SVP04077,SV100021,SVC0011,2026-03-03,18:25:00,1440,tab
SVP04078,SV100021,SVC0011,2026-03-03,18:26:00,1500,tab
SVP04079,SV100021,SVC0011,2026-03-03,18:28:00,1620,tab
SVP04080,SV100021,SVC0011,2026-03-03,18:29:00,1680,tab
SVP04081,SV100021,SVC0011,2026-03-03,18:31:00,1800,tab
SVP04082,SV100021,SVC0011,2026-03-03,18:32:00,1860,tab
SVP04083,SV100021,SVC0011,2026-03-03,18:33:00,1920,tab
SVP04084,SV100021,SVC0011,2026-03-03,18:34:00,1980,tab
SVP04085,SV100021,SVC0011,2026-03-03,18:35:00,2040,tab
SVP04086,SV100021,SVC0011,2026-03-03,18:37:00,2160,tab
SVP04087,SV100021,SVC0011,2026-03-03,18:38:00,2220,tab
SVP04088,SV100021,SVC0011,2026-03-03,18:39:00,2280,tab
SVP04089,SV100021,SVC0011,2026-03-03,18:40:00,2340,tab
SVP04090,SV100021,SVC0011,2026-03-03,18:41:00,2400,tab
SVP04091,SV100021,SVC0011,2026-03-03,18:42:00,2460,tab
SVP04092,SV100021,SVC0011,2026-03-03,18:43:00,2520,tab
SVP04093,SV100021,SVC0011,2026-03-03,18:44:00,2580,tab
SVP04094,SV100021,SVC0011,2026-03-03,18:45:00,2640,tab
SVP04095,SV100021,SVC0011,2026-03-03,18:46:00,2700,tab
SVP04096,SV100021,SVC0011,2026-03-03,18:47:00,2760,tab
SVP04097,SV100021,SVC0011,2026-03-03,18:48:00,2820,tab
SVP04098,SV100021,SVC0011,2026-03-03,18:49:00,2880,tab
SVP04099,SV100021,SVC0011,2026-03-03,18:50:00,2940,tab
SVP04100,SV100021,SVC0011,2026-03-03,18:50:14,2954,tab
SVP04101,SV100013,SVC0015,2026-03-07,16:24:34,0,mob
SVP04102,SV100013,SVC0015,2026-03-07,16:25:34,60,mob
SVP04103,SV100013,SVC0015,2026-03-07,16:26:34,120,mob
SVP04104,SV100013,SVC0015,2026-03-07,16:28:34,240,mob
SVP04105,SV100013,SVC0015,2026-03-07,16:29:34,300,mob
SVP04106,SV100013,SVC0015,2026-03-07,16:30:34,360,mob
SVP04107,SV100013,SVC0015,2026-03-07,16:31:11,397,mob
SVP04108,SV100002,SVC0023,2026-03-09,10:44:21,0,tab
SVP04109,SV100002,SVC0023,2026-03-09,10:46:21,120,tab
SVP04110,SV100002,SVC0023,2026-03-09,10:47:21,180,tab
SVP04111,SV100002,SVC0023,2026-03-09,10:48:21,240,tab
SVP04112,SV100002,SVC0023,2026-03-09,10:49:21,300,tab
SVP04113,SV100002,SVC0023,2026-03-09,10:50:21,360,tab
SVP04114,SV100002,SVC0023,2026-03-09,10:51:21,420,tab
SVP04115,SV100002,SVC0023,2026-03-09,10:52:21,480,tab
SVP04116,SV100002,SVC0023,2026-03-09,10:54:21,600,tab
SVP04117,SV100002,SVC0023,2026-03-09,10:55:21,660,tab
SVP04118,SV100002,SVC0023,2026-03-09,10:56:21,720,tab
SVP04119,SV100002,SVC0023,2026-03-09,10:57:21,780,tab
SVP04120,SV100002,SVC0023,2026-03-09,10:58:21,840,tab
SVP04121,SV100002,SVC0023,2026-03-09,10:59:21,900,tab
SVP04122,SV100002,SVC0023,2026-03-09,11:00:21,960,tab
SVP04123,SV100002,SVC0023,2026-03-09,11:01:21,1020,tab
SVP04124,SV100002,SVC0023,2026-03-09,11:02:21,1080,tab
SVP04125,SV100002,SVC0023,2026-03-09,11:03:21,1140,tab
SVP04126,SV100002,SVC0023,2026-03-09,11:05:21,1260,tab
SVP04127,SV100002,SVC0023,2026-03-09,11:06:21,1320,tab
SVP04128,SV100002,SVC0023,2026-03-09,11:07:21,1380,tab
SVP04129,SV100002,SVC0023,2026-03-09,11:08:21,1440,tab
SVP04130,SV100002,SVC0023,2026-03-09,11:09:21,1500,tab
SVP04131,SV100002,SVC0023,2026-03-09,11:10:21,1560,tab
SVP04132,SV100002,SVC0023,2026-03-09,11:11:21,1620,tab
SVP04133,SV100002,SVC0023,2026-03-09,11:12:21,1680,tab
SVP04134,SV100002,SVC0023,2026-03-09,11:13:21,1740,tab
SVP04135,SV100002,SVC0023,2026-03-09,11:14:21,1800,tab
SVP04136,SV100002,SVC0023,2026-03-09,11:15:21,1860,tab
SVP04137,SV100002,SVC0023,2026-03-09,11:16:21,1920,tab
SVP04138,SV100002,SVC0023,2026-03-09,11:17:21,1980,tab
SVP04139,SV100002,SVC0023,2026-03-09,11:18:21,2040,tab
SVP04140,SV100002,SVC0023,2026-03-09,11:19:21,2100,tab
SVP04141,SV100002,SVC0023,2026-03-09,11:20:21,2160,tab
SVP04142,SV100002,SVC0023,2026-03-09,11:21:21,2220,tab
SVP04143,SV100002,SVC0023,2026-03-09,11:22:21,2280,tab
SVP04144,SV100002,SVC0023,2026-03-09,11:23:21,2340,tab
SVP04145,SV100002,SVC0023,2026-03-09,11:24:21,2400,tab
SVP04146,SV100002,SVC0023,2026-03-09,11:25:21,2460,tab
SVP04147,SV100002,SVC0023,2026-03-09,11:27:21,2580,tab
SVP04148,SV100002,SVC0023,2026-03-09,11:29:21,2700,tab
SVP04149,SV100002,SVC0023,2026-03-09,11:30:21,2760,tab
SVP04150,SV100002,SVC0023,2026-03-09,11:31:21,2820,tab
SVP04151,SV100002,SVC0023,2026-03-09,11:32:21,2880,tab
SVP04152,SV100002,SVC0023,2026-03-09,11:33:21,2940,tab
SVP04153,SV100002,SVC0023,2026-03-09,11:34:21,3000,tab
SVP04154,SV100002,SVC0023,2026-03-09,11:35:21,3060,tab
SVP04155,SV100002,SVC0023,2026-03-09,11:36:21,3120,tab
SVP04156,SV100002,SVC0023,2026-03-09,11:37:21,3180,tab
SVP04157,SV100002,SVC0023,2026-03-09,11:38:21,3240,tab
SVP04158,SV100002,SVC0023,2026-03-09,11:40:21,3360,tab
SVP04159,SV100002,SVC0023,2026-03-09,11:41:21,3420,tab
SVP04160,SV100002,SVC0023,2026-03-09,11:42:21,3480,tab
SVP04161,SV100002,SVC0023,2026-03-09,11:43:21,3540,tab
SVP04162,SV100002,SVC0023,2026-03-09,11:44:21,3600,tab
SVP04163,SV100002,SVC0023,2026-03-09,11:45:21,3660,tab
SVP04164,SV100002,SVC0023,2026-03-09,11:46:21,3720,tab
SVP04165,SV100002,SVC0023,2026-03-09,11:47:21,3780,tab
SVP04166,SV100002,SVC0023,2026-03-09,11:48:21,3840,tab
SVP04167,SV100002,SVC0023,2026-03-09,11:49:21,3900,tab
SVP04168,SV100002,SVC0023,2026-03-09,11:50:21,3960,tab
SVP04169,SV100002,SVC0023,2026-03-09,11:51:21,4020,tab
SVP04170,SV100002,SVC0023,2026-03-09,11:52:21,4080,tab
SVP04171,SV100002,SVC0023,2026-03-09,11:54:21,4200,tab
SVP04172,SV100002,SVC0023,2026-03-09,11:55:21,4260,tab
SVP04173,SV100002,SVC0023,2026-03-09,11:56:21,4320,tab
SVP04174,SV100002,SVC0023,2026-03-09,11:58:21,4440,tab
SVP04175,SV100002,SVC0023,2026-03-09,11:59:21,4500,tab
SVP04176,SV100002,SVC0023,2026-03-09,12:00:21,4560,tab
SVP04177,SV100002,SVC0023,2026-03-09,12:01:21,4620,tab
SVP04178,SV100002,SVC0023,2026-03-09,12:02:21,4680,tab
SVP04179,SV100002,SVC0023,2026-03-09,12:04:21,4800,tab
SVP04180,SV100002,SVC0023,2026-03-09,12:05:21,4860,tab
SVP04181,SV100002,SVC0023,2026-03-09,12:06:21,4920,tab
SVP04182,SV100002,SVC0023,2026-03-09,12:07:21,4980,tab
SVP04183,SV100002,SVC0023,2026-03-09,12:08:21,5040,tab
SVP04184,SV100002,SVC0023,2026-03-09,12:09:21,5100,tab
SVP04185,SV100002,SVC0023,2026-03-09,12:10:21,5160,tab
SVP04186,SV100002,SVC0023,2026-03-09,12:12:21,5280,tab
SVP04187,SV100002,SVC0023,2026-03-09,12:13:21,5340,tab
SVP04188,SV100002,SVC0023,2026-03-09,12:14:21,5400,tab
SVP04189,SV100002,SVC0023,2026-03-09,12:15:21,5460,tab
SVP04190,SV100002,SVC0023,2026-03-09,12:16:21,5520,tab
SVP04191,SV100002,SVC0023,2026-03-09,12:18:21,5640,tab
SVP04192,SV100002,SVC0023,2026-03-09,12:19:21,5700,tab
SVP04193,SV100002,SVC0023,2026-03-09,12:20:21,5760,tab
SVP04194,SV100002,SVC0023,2026-03-09,12:21:21,5820,tab
SVP04195,SV100002,SVC0023,2026-03-09,12:22:21,5880,tab
SVP04196,SV100002,SVC0023,2026-03-09,12:23:21,5940,tab
SVP04197,SV100002,SVC0023,2026-03-09,12:24:21,6000,tab
SVP04198,SV100002,SVC0023,2026-03-09,12:25:21,6060,tab
SVP04199,SV100002,SVC0023,2026-03-09,12:26:21,6120,tab
SVP04200,SV100002,SVC0023,2026-03-09,12:27:21,6180,tab
SVP04201,SV100002,SVC0023,2026-03-09,12:28:21,6240,tab
SVP04202,SV100002,SVC0023,2026-03-09,12:29:21,6300,tab
SVP04203,SV100002,SVC0023,2026-03-09,12:31:21,6420,tab
SVP04204,SV100002,SVC0023,2026-03-09,12:32:21,6480,tab
SVP04205,SV100002,SVC0023,2026-03-09,12:34:21,6600,tab
SVP04206,SV100002,SVC0023,2026-03-09,12:35:21,6660,tab
SVP04207,SV100002,SVC0023,2026-03-09,12:36:21,6720,tab
SVP04208,SV100002,SVC0023,2026-03-09,12:37:21,6780,tab
SVP04209,SV100002,SVC0023,2026-03-09,12:38:21,6840,tab
SVP04210,SV100002,SVC0023,2026-03-09,12:39:21,6900,tab
SVP04211,SV100002,SVC0023,2026-03-09,12:40:21,6960,tab
SVP04212,SV100002,SVC0023,2026-03-09,12:41:21,7020,tab
SVP04213,SV100002,SVC0023,2026-03-09,12:42:21,7080,tab
SVP04214,SV100002,SVC0023,2026-03-09,12:43:21,7140,tab
SVP04215,SV100002,SVC0023,2026-03-09,12:44:21,7200,tab
SVP04216,SV100002,SVC0023,2026-03-09,12:45:21,7260,tab
SVP04217,SV100002,SVC0023,2026-03-09,12:46:21,7320,tab
SVP04218,SV100002,SVC0023,2026-03-09,12:47:21,7380,tab
SVP04219,SV100002,SVC0023,2026-03-09,12:48:21,7440,tab
SVP04220,SV100002,SVC0023,2026-03-09,12:50:21,7560,tab
SVP04221,SV100002,SVC0023,2026-03-09,12:51:21,7620,tab
SVP04222,SV100002,SVC0023,2026-03-09,12:52:21,7680,tab
SVP04223,SV100002,SVC0023,2026-03-09,12:53:21,7740,tab
SVP04224,SV100002,SVC0023,2026-03-09,12:54:21,7800,tab
SVP04225,SV100002,SVC0023,2026-03-09,12:55:21,7860,tab
SVP04226,SV100002,SVC0023,2026-03-09,12:56:21,7920,tab
SVP04227,SV100002,SVC0023,2026-03-09,12:57:21,7980,tab
SVP04228,SV100002,SVC0023,2026-03-09,12:58:21,8040,tab
SVP04229,SV100002,SVC0023,2026-03-09,12:59:21,8100,tab
SVP04230,SV100002,SVC0023,2026-03-09,13:00:21,8160,tab
SVP04231,SV100002,SVC0023,2026-03-09,13:01:21,8220,tab
SVP04232,SV100002,SVC0023,2026-03-09,13:02:21,8280,tab
SVP04233,SV100002,SVC0023,2026-03-09,13:03:21,8340,tab
SVP04234,SV100002,SVC0023,2026-03-09,13:04:21,8400,tab
SVP04235,SV100002,SVC0023,2026-03-09,13:05:21,8460,tab
SVP04236,SV100002,SVC0023,2026-03-09,13:06:21,8520,tab
SVP04237,SV100002,SVC0023,2026-03-09,13:07:21,8580,tab
SVP04238,SV100002,SVC0023,2026-03-09,13:08:21,8640,tab
SVP04239,SV100002,SVC0023,2026-03-09,13:09:21,8700,tab
SVP04240,SV100002,SVC0023,2026-03-09,13:10:21,8760,tab
SVP04241,SV100002,SVC0023,2026-03-09,13:11:21,8820,tab
SVP04242,SV100002,SVC0023,2026-03-09,13:12:21,8880,tab
SVP04243,SV100002,SVC0023,2026-03-09,13:13:21,8940,tab
SVP04244,SV100002,SVC0023,2026-03-09,13:14:21,9000,tab
SVP04245,SV100002,SVC0023,2026-03-09,13:15:21,9060,tab
SVP04246,SV100002,SVC0023,2026-03-09,13:16:21,9120,tab
SVP04247,SV100002,SVC0023,2026-03-09,13:17:21,9180,tab
SVP04248,SV100002,SVC0023,2026-03-09,13:18:21,9240,tab
SVP04249,SV100002,SVC0023,2026-03-09,13:19:21,9300,tab
SVP04250,SV100002,SVC0023,2026-03-09,13:20:21,9360,tab
SVP04251,SV100002,SVC0023,2026-03-09,13:21:21,9420,tab
SVP04252,SV100002,SVC0023,2026-03-09,13:22:21,9480,tab
SVP04253,SV100002,SVC0023,2026-03-09,13:24:21,9600,tab
SVP04254,SV100002,SVC0023,2026-03-09,13:25:21,9660,tab
SVP04255,SV100002,SVC0023,2026-03-09,13:26:21,9720,tab
SVP04256,SV100002,SVC0023,2026-03-09,13:27:21,9780,tab
SVP04257,SV100002,SVC0023,2026-03-09,13:28:21,9840,tab
SVP04258,SV100002,SVC0023,2026-03-09,13:29:21,9900,tab
SVP04259,SV100002,SVC0023,2026-03-09,13:30:21,9960,tab
SVP04260,SV100002,SVC0023,2026-03-09,13:31:21,10020,tab
SVP04261,SV100002,SVC0023,2026-03-09,13:32:48,10107,tab
SVP04262,SV100017,SVC0004,2026-03-10,23:31:20,0,mob
SVP04263,SV100017,SVC0004,2026-03-10,23:32:20,60,mob
SVP04264,SV100017,SVC0004,2026-03-10,23:33:20,120,mob
SVP04265,SV100017,SVC0004,2026-03-10,23:34:20,180,mob
SVP04266,SV100017,SVC0004,2026-03-10,23:35:20,240,mob
SVP04267,SV100017,SVC0004,2026-03-10,23:36:20,300,mob
SVP04268,SV100017,SVC0004,2026-03-10,23:37:20,360,mob
SVP04269,SV100017,SVC0004,2026-03-10,23:38:20,420,mob
SVP04270,SV100017,SVC0004,2026-03-10,23:39:20,480,mob
SVP04271,SV100017,SVC0004,2026-03-10,23:40:20,540,mob
SVP04272,SV100017,SVC0004,2026-03-10,23:41:20,600,mob
SVP04273,SV100017,SVC0004,2026-03-10,23:42:20,660,mob
SVP04274,SV100017,SVC0004,2026-03-10,23:43:20,720,mob
SVP04275,SV100017,SVC0004,2026-03-10,23:44:20,780,mob
SVP04276,SV100017,SVC0004,2026-03-10,23:45:20,840,mob
SVP04277,SV100017,SVC0004,2026-03-10,23:46:20,900,mob
SVP04278,SV100017,SVC0004,2026-03-10,23:47:20,960,mob
SVP04279,SV100017,SVC0004,2026-03-10,23:48:20,1020,mob
SVP04280,SV100017,SVC0004,2026-03-10,23:49:20,1080,mob
SVP04281,SV100017,SVC0004,2026-03-10,23:50:20,1140,mob
SVP04282,SV100017,SVC0004,2026-03-10,23:51:20,1200,mob
SVP04283,SV100017,SVC0004,2026-03-10,23:52:20,1260,mob
SVP04284,SV100017,SVC0004,2026-03-10,23:53:08,1308,mob
SVP04285,SV100008,SVC0024,2026-03-11,17:08:43,0,tab
SVP04286,SV100008,SVC0024,2026-03-11,17:09:43,60,tab
SVP04287,SV100008,SVC0024,2026-03-11,17:10:43,120,tab
SVP04288,SV100008,SVC0024,2026-03-11,17:11:43,180,tab
SVP04289,SV100008,SVC0024,2026-03-11,17:12:43,240,tab
SVP04290,SV100008,SVC0024,2026-03-11,17:13:43,300,tab
SVP04291,SV100008,SVC0024,2026-03-11,17:14:43,360,tab
SVP04292,SV100008,SVC0024,2026-03-11,17:15:43,420,tab
SVP04293,SV100008,SVC0024,2026-03-11,17:16:43,480,tab
SVP04294,SV100008,SVC0024,2026-03-11,17:17:43,540,tab
SVP04295,SV100008,SVC0024,2026-03-11,17:18:43,600,tab
SVP04296,SV100008,SVC0024,2026-03-11,17:19:43,660,tab
SVP04297,SV100008,SVC0024,2026-03-11,17:20:43,720,tab
SVP04298,SV100008,SVC0024,2026-03-11,17:21:43,780,tab
SVP04299,SV100008,SVC0024,2026-03-11,17:22:43,840,tab
SVP04300,SV100008,SVC0024,2026-03-11,17:23:43,900,tab
SVP04301,SV100008,SVC0024,2026-03-11,17:24:43,960,tab
SVP04302,SV100008,SVC0024,2026-03-11,17:25:43,1020,tab
SVP04303,SV100008,SVC0024,2026-03-11,17:26:43,1080,tab
SVP04304,SV100008,SVC0024,2026-03-11,17:27:43,1140,tab
SVP04305,SV100008,SVC0024,2026-03-11,17:28:43,1200,tab
SVP04306,SV100008,SVC0024,2026-03-11,17:29:43,1260,tab
SVP04307,SV100008,SVC0024,2026-03-11,17:31:43,1380,tab
SVP04308,SV100008,SVC0024,2026-03-11,17:32:43,1440,tab
SVP04309,SV100008,SVC0024,2026-03-11,17:33:43,1500,tab
SVP04310,SV100008,SVC0024,2026-03-11,17:34:43,1560,tab
SVP04311,SV100008,SVC0024,2026-03-11,17:35:43,1620,tab
SVP04312,SV100008,SVC0024,2026-03-11,17:36:43,1680,tab
SVP04313,SV100008,SVC0024,2026-03-11,17:37:43,1740,tab
SVP04314,SV100008,SVC0024,2026-03-11,17:38:43,1800,tab
SVP04315,SV100008,SVC0024,2026-03-11,17:39:43,1860,tab
SVP04316,SV100008,SVC0024,2026-03-11,17:40:43,1920,tab
SVP04317,SV100008,SVC0024,2026-03-11,17:41:43,1980,tab
SVP04318,SV100008,SVC0024,2026-03-11,17:42:43,2040,tab
SVP04319,SV100008,SVC0024,2026-03-11,17:43:43,2100,tab
SVP04320,SV100008,SVC0024,2026-03-11,17:44:43,2160,tab
SVP04321,SV100008,SVC0024,2026-03-11,17:46:43,2280,tab
SVP04322,SV100008,SVC0024,2026-03-11,17:47:43,2340,tab
SVP04323,SV100008,SVC0024,2026-03-11,17:48:43,2400,tab
SVP04324,SV100008,SVC0024,2026-03-11,17:49:43,2460,tab
SVP04325,SV100008,SVC0024,2026-03-11,17:50:43,2520,tab
SVP04326,SV100008,SVC0024,2026-03-11,17:51:43,2580,tab
SVP04327,SV100008,SVC0024,2026-03-11,17:52:43,2640,tab
SVP04328,SV100008,SVC0024,2026-03-11,17:53:43,2700,tab
SVP04329,SV100008,SVC0024,2026-03-11,17:54:43,2760,tab
SVP04330,SV100008,SVC0024,2026-03-11,17:55:43,2820,tab
SVP04331,SV100008,SVC0024,2026-03-11,17:56:43,2880,tab
SVP04332,SV100008,SVC0024,2026-03-11,17:57:43,2940,tab
SVP04333,SV100008,SVC0024,2026-03-11,17:58:43,3000,tab
SVP04334,SV100008,SVC0024,2026-03-11,17:59:43,3060,tab
SVP04335,SV100008,SVC0024,2026-03-11,18:01:43,3180,tab
SVP04336,SV100008,SVC0024,2026-03-11,18:02:43,3240,tab
SVP04337,SV100008,SVC0024,2026-03-11,18:03:43,3300,tab
SVP04338,SV100008,SVC0024,2026-03-11,18:04:43,3360,tab
SVP04339,SV100008,SVC0024,2026-03-11,18:05:43,3420,tab
SVP04340,SV100008,SVC0024,2026-03-11,18:06:43,3480,tab
SVP04341,SV100008,SVC0024,2026-03-11,18:07:43,3540,tab
SVP04342,SV100008,SVC0024,2026-03-11,18:08:43,3600,tab
SVP04343,SV100008,SVC0024,2026-03-11,18:09:43,3660,tab
SVP04344,SV100008,SVC0024,2026-03-11,18:10:43,3720,tab
SVP04345,SV100008,SVC0024,2026-03-11,18:11:43,3780,tab
SVP04346,SV100008,SVC0024,2026-03-11,18:13:43,3900,tab
SVP04347,SV100008,SVC0024,2026-03-11,18:14:43,3960,tab
SVP04348,SV100008,SVC0024,2026-03-11,18:15:43,4020,tab
SVP04349,SV100008,SVC0024,2026-03-11,18:16:43,4080,tab
SVP04350,SV100008,SVC0024,2026-03-11,18:17:43,4140,tab
SVP04351,SV100008,SVC0024,2026-03-11,18:18:43,4200,tab
SVP04352,SV100008,SVC0024,2026-03-11,18:19:43,4260,tab
SVP04353,SV100008,SVC0024,2026-03-11,18:20:43,4320,tab
SVP04354,SV100008,SVC0024,2026-03-11,18:21:43,4380,tab
SVP04355,SV100008,SVC0024,2026-03-11,18:22:43,4440,tab
SVP04356,SV100008,SVC0024,2026-03-11,18:23:43,4500,tab
SVP04357,SV100008,SVC0024,2026-03-11,18:24:43,4560,tab
SVP04358,SV100008,SVC0024,2026-03-11,18:25:43,4620,tab
SVP04359,SV100008,SVC0024,2026-03-11,18:27:43,4740,tab
SVP04360,SV100008,SVC0024,2026-03-11,18:28:43,4800,tab
SVP04361,SV100008,SVC0024,2026-03-11,18:29:43,4860,tab
SVP04362,SV100008,SVC0024,2026-03-11,18:30:43,4920,tab
SVP04363,SV100008,SVC0024,2026-03-11,18:31:43,4980,tab
SVP04364,SV100008,SVC0024,2026-03-11,18:32:43,5040,tab
SVP04365,SV100008,SVC0024,2026-03-11,18:33:43,5100,tab
SVP04366,SV100008,SVC0024,2026-03-11,18:34:43,5160,tab
SVP04367,SV100008,SVC0024,2026-03-11,18:35:43,5220,tab
SVP04368,SV100008,SVC0024,2026-03-11,18:37:43,5340,tab
SVP04369,SV100008,SVC0024,2026-03-11,18:38:38,5395,tab
SVP04370,SV100017,SVC0024,2026-03-13,09:50:06,0,browser
SVP04371,SV100017,SVC0024,2026-03-13,09:51:06,60,browser
SVP04372,SV100017,SVC0024,2026-03-13,09:52:06,120,browser
SVP04373,SV100017,SVC0024,2026-03-13,09:53:06,180,browser
SVP04374,SV100017,SVC0024,2026-03-13,09:54:06,240,browser
SVP04375,SV100017,SVC0024,2026-03-13,09:55:06,300,browser
SVP04376,SV100017,SVC0024,2026-03-13,09:56:06,360,browser
SVP04377,SV100017,SVC0024,2026-03-13,09:58:06,480,browser
SVP04378,SV100017,SVC0024,2026-03-13,09:59:06,540,browser
SVP04379,SV100017,SVC0024,2026-03-13,10:00:06,600,browser
SVP04380,SV100017,SVC0024,2026-03-13,10:01:06,660,browser
SVP04381,SV100017,SVC0024,2026-03-13,10:02:06,720,browser
SVP04382,SV100017,SVC0024,2026-03-13,10:04:06,840,browser
SVP04383,SV100017,SVC0024,2026-03-13,10:05:06,900,browser
SVP04384,SV100017,SVC0024,2026-03-13,10:06:06,960,browser
SVP04385,SV100017,SVC0024,2026-03-13,10:07:06,1020,browser
SVP04386,SV100017,SVC0024,2026-03-13,10:08:06,1080,browser
SVP04387,SV100017,SVC0024,2026-03-13,10:09:06,1140,browser
SVP04388,SV100017,SVC0024,2026-03-13,10:10:06,1200,browser
SVP04389,SV100017,SVC0024,2026-03-13,10:11:06,1260,browser
SVP04390,SV100017,SVC0024,2026-03-13,10:12:06,1320,browser
SVP04391,SV100017,SVC0024,2026-03-13,10:12:53,1367,browser
SVP04392,SV100022,SVC0010,2026-03-14,19:23:06,0,browser
SVP04393,SV100022,SVC0010,2026-03-14,19:25:06,120,browser
SVP04394,SV100022,SVC0010,2026-03-14,19:26:06,180,browser
SVP04395,SV100022,SVC0010,2026-03-14,19:27:06,240,browser
SVP04396,SV100022,SVC0010,2026-03-14,19:28:06,300,browser
SVP04397,SV100022,SVC0010,2026-03-14,19:29:06,360,browser
SVP04398,SV100022,SVC0010,2026-03-14,19:30:06,420,browser
SVP04399,SV100022,SVC0010,2026-03-14,19:31:06,480,browser
SVP04400,SV100022,SVC0010,2026-03-14,19:32:06,540,browser
SVP04401,SV100022,SVC0010,2026-03-14,19:33:06,600,browser
SVP04402,SV100022,SVC0010,2026-03-14,19:34:06,660,browser
SVP04403,SV100022,SVC0010,2026-03-14,19:35:06,720,browser
SVP04404,SV100022,SVC0010,2026-03-14,19:36:06,780,browser
SVP04405,SV100022,SVC0010,2026-03-14,19:38:06,900,browser
SVP04406,SV100022,SVC0010,2026-03-14,19:39:06,960,browser
SVP04407,SV100022,SVC0010,2026-03-14,19:40:06,1020,browser
SVP04408,SV100022,SVC0010,2026-03-14,19:41:06,1080,browser
SVP04409,SV100022,SVC0010,2026-03-14,19:42:06,1140,browser
SVP04410,SV100022,SVC0010,2026-03-14,19:43:06,1200,browser
SVP04411,SV100022,SVC0010,2026-03-14,19:44:06,1260,browser
SVP04412,SV100022,SVC0010,2026-03-14,19:46:06,1380,browser
SVP04413,SV100022,SVC0010,2026-03-14,19:47:06,1440,browser
SVP04414,SV100022,SVC0010,2026-03-14,19:48:06,1500,browser
SVP04415,SV100022,SVC0010,2026-03-14,19:49:06,1560,browser
SVP04416,SV100022,SVC0010,2026-03-14,19:50:06,1620,browser
SVP04417,SV100022,SVC0010,2026-03-14,19:51:06,1680,browser
SVP04418,SV100022,SVC0010,2026-03-14,19:52:06,1740,browser
SVP04419,SV100022,SVC0010,2026-03-14,19:53:06,1800,browser
SVP04420,SV100022,SVC0010,2026-03-14,19:54:06,1860,browser
SVP04421,SV100022,SVC0010,2026-03-14,19:56:06,1980,browser
SVP04422,SV100022,SVC0010,2026-03-14,19:58:06,2100,browser
SVP04423,SV100022,SVC0010,2026-03-14,19:59:06,2160,browser
SVP04424,SV100022,SVC0010,2026-03-14,20:00:06,2220,browser
SVP04425,SV100022,SVC0010,2026-03-14,20:01:06,2280,browser
SVP04426,SV100022,SVC0010,2026-03-14,20:02:06,2340,browser
SVP04427,SV100022,SVC0010,2026-03-14,20:03:06,2400,browser
SVP04428,SV100022,SVC0010,2026-03-14,20:04:06,2460,browser
SVP04429,SV100021,SVC0003,2026-03-14,20:04:07,0,browser
SVP04430,SV100022,SVC0010,2026-03-14,20:05:06,2520,browser
SVP04431,SV100021,SVC0003,2026-03-14,20:05:07,60,browser
SVP04432,SV100022,SVC0010,2026-03-14,20:06:06,2580,browser
SVP04433,SV100021,SVC0003,2026-03-14,20:06:07,120,browser
SVP04434,SV100022,SVC0010,2026-03-14,20:07:06,2640,browser
SVP04435,SV100021,SVC0003,2026-03-14,20:07:07,180,browser
SVP04436,SV100022,SVC0010,2026-03-14,20:08:06,2700,browser
SVP04437,SV100021,SVC0003,2026-03-14,20:08:07,240,browser
SVP04438,SV100022,SVC0010,2026-03-14,20:09:06,2760,browser
SVP04439,SV100021,SVC0003,2026-03-14,20:09:07,300,browser
SVP04440,SV100022,SVC0010,2026-03-14,20:10:06,2820,browser
SVP04441,SV100021,SVC0003,2026-03-14,20:10:07,360,browser
SVP04442,SV100022,SVC0010,2026-03-14,20:11:06,2880,browser
SVP04443,SV100021,SVC0003,2026-03-14,20:11:07,420,browser
SVP04444,SV100022,SVC0010,2026-03-14,20:12:06,2940,browser
SVP04445,SV100022,SVC0010,2026-03-14,20:13:06,3000,browser
SVP04446,SV100021,SVC0003,2026-03-14,20:13:07,540,browser
SVP04447,SV100022,SVC0010,2026-03-14,20:14:06,3060,browser
SVP04448,SV100021,SVC0003,2026-03-14,20:14:07,600,browser
SVP04449,SV100022,SVC0010,2026-03-14,20:15:06,3120,browser
SVP04450,SV100021,SVC0003,2026-03-14,20:15:07,660,browser
SVP04451,SV100022,SVC0010,2026-03-14,20:16:06,3180,browser
SVP04452,SV100021,SVC0003,2026-03-14,20:16:07,720,browser
SVP04453,SV100022,SVC0010,2026-03-14,20:16:27,3201,browser
SVP04454,SV100021,SVC0003,2026-03-14,20:17:07,780,browser
SVP04455,SV100021,SVC0003,2026-03-14,20:18:07,840,browser
SVP04456,SV100021,SVC0003,2026-03-14,20:19:07,900,browser
SVP04457,SV100021,SVC0003,2026-03-14,20:20:07,960,browser
SVP04458,SV100021,SVC0003,2026-03-14,20:21:07,1020,browser
SVP04459,SV100021,SVC0003,2026-03-14,20:22:07,1080,browser
SVP04460,SV100021,SVC0003,2026-03-14,20:23:07,1140,browser
SVP04461,SV100021,SVC0003,2026-03-14,20:24:07,1200,browser
SVP04462,SV100021,SVC0003,2026-03-14,20:25:07,1260,browser
SVP04463,SV100021,SVC0003,2026-03-14,20:26:07,1320,browser
SVP04464,SV100021,SVC0003,2026-03-14,20:27:07,1380,browser
SVP04465,SV100021,SVC0003,2026-03-14,20:28:07,1440,browser
SVP04466,SV100021,SVC0003,2026-03-14,20:29:07,1500,browser
SVP04467,SV100021,SVC0003,2026-03-14,20:30:07,1560,browser
SVP04468,SV100021,SVC0003,2026-03-14,20:31:07,1620,browser
SVP04469,SV100021,SVC0003,2026-03-14,20:32:07,1680,browser
SVP04470,SV100021,SVC0003,2026-03-14,20:33:07,1740,browser
SVP04471,SV100021,SVC0003,2026-03-14,20:34:07,1800,browser
SVP04472,SV100021,SVC0003,2026-03-14,20:35:07,1860,browser
SVP04473,SV100021,SVC0003,2026-03-14,20:36:07,1920,browser
SVP04474,SV100021,SVC0003,2026-03-14,20:37:07,1980,browser
SVP04475,SV100021,SVC0003,2026-03-14,20:38:07,2040,browser
SVP04476,SV100021,SVC0003,2026-03-14,20:39:07,2100,browser
SVP04477,SV100021,SVC0003,2026-03-14,20:40:07,2160,browser
SVP04478,SV100021,SVC0003,2026-03-14,20:42:07,2280,browser
SVP04479,SV100021,SVC0003,2026-03-14,20:43:07,2340,browser
SVP04480,SV100021,SVC0003,2026-03-14,20:44:07,2400,browser
SVP04481,SV100021,SVC0003,2026-03-14,20:45:07,2460,browser
SVP04482,SV100021,SVC0003,2026-03-14,20:46:07,2520,browser
SVP04483,SV100021,SVC0003,2026-03-14,20:47:07,2580,browser
SVP04484,SV100021,SVC0003,2026-03-14,20:48:07,2640,browser
SVP04485,SV100021,SVC0003,2026-03-14,20:49:07,2700,browser
SVP04486,SV100021,SVC0003,2026-03-14,20:50:07,2760,browser
SVP04487,SV100021,SVC0003,2026-03-14,20:52:07,2880,browser
SVP04488,SV100021,SVC0003,2026-03-14,20:53:07,2940,browser
SVP04489,SV100021,SVC0003,2026-03-14,20:54:07,3000,browser
SVP04490,SV100021,SVC0003,2026-03-14,20:55:07,3060,browser
SVP04491,SV100021,SVC0003,2026-03-14,20:56:07,3120,browser
SVP04492,SV100021,SVC0003,2026-03-14,20:57:07,3180,browser
SVP04493,SV100021,SVC0003,2026-03-14,20:58:07,3240,browser
SVP04494,SV100021,SVC0003,2026-03-14,20:59:07,3300,browser
SVP04495,SV100021,SVC0003,2026-03-14,21:00:07,3360,browser
SVP04496,SV100021,SVC0003,2026-03-14,21:01:07,3420,browser
SVP04497,SV100021,SVC0003,2026-03-14,21:02:07,3480,browser
SVP04498,SV100021,SVC0003,2026-03-14,21:03:07,3540,browser
SVP04499,SV100021,SVC0003,2026-03-14,21:03:25,3558,browser
SVP04500,SV100019,SVC0011,2026-03-15,00:22:17,0,stb
SVP04501,SV100019,SVC0011,2026-03-15,00:23:17,60,stb
SVP04502,SV100019,SVC0011,2026-03-15,00:24:17,120,stb
SVP04503,SV100019,SVC0011,2026-03-15,00:25:17,180,stb
SVP04504,SV100019,SVC0011,2026-03-15,00:26:17,240,stb
SVP04505,SV100019,SVC0011,2026-03-15,00:27:17,300,stb
SVP04506,SV100019,SVC0011,2026-03-15,00:28:17,360,stb
SVP04507,SV100019,SVC0011,2026-03-15,00:30:17,480,stb
SVP04508,SV100019,SVC0011,2026-03-15,00:31:17,540,stb
SVP04509,SV100019,SVC0011,2026-03-15,00:32:17,600,stb
SVP04510,SV100019,SVC0011,2026-03-15,00:33:17,660,stb
SVP04511,SV100019,SVC0011,2026-03-15,00:34:17,720,stb
SVP04512,SV100019,SVC0011,2026-03-15,00:35:17,780,stb
SVP04513,SV100019,SVC0011,2026-03-15,00:36:17,840,stb
SVP04514,SV100019,SVC0011,2026-03-15,00:37:17,900,stb
SVP04515,SV100019,SVC0011,2026-03-15,00:38:17,960,stb
SVP04516,SV100019,SVC0011,2026-03-15,00:39:17,1020,stb
SVP04517,SV100019,SVC0011,2026-03-15,00:40:17,1080,stb
SVP04518,SV100019,SVC0011,2026-03-15,00:41:17,1140,stb
SVP04519,SV100019,SVC0011,2026-03-15,00:42:17,1200,stb
SVP04520,SV100019,SVC0011,2026-03-15,00:43:17,1260,stb
SVP04521,SV100019,SVC0011,2026-03-15,00:44:17,1320,stb
SVP04522,SV100019,SVC0011,2026-03-15,00:46:17,1440,stb
SVP04523,SV100019,SVC0011,2026-03-15,00:47:17,1500,stb
SVP04524,SV100019,SVC0011,2026-03-15,00:48:17,1560,stb
SVP04525,SV100019,SVC0011,2026-03-15,00:49:17,1620,stb
SVP04526,SV100019,SVC0011,2026-03-15,00:50:17,1680,stb
SVP04527,SV100019,SVC0011,2026-03-15,00:51:17,1740,stb
SVP04528,SV100019,SVC0011,2026-03-15,00:52:17,1800,stb
SVP04529,SV100019,SVC0011,2026-03-15,00:53:17,1860,stb
SVP04530,SV100019,SVC0011,2026-03-15,00:54:17,1920,stb
SVP04531,SV100019,SVC0011,2026-03-15,00:56:17,2040,stb
SVP04532,SV100019,SVC0011,2026-03-15,00:57:17,2100,stb
SVP04533,SV100019,SVC0011,2026-03-15,00:58:17,2160,stb
SVP04534,SV100019,SVC0011,2026-03-15,00:59:17,2220,stb
SVP04535,SV100019,SVC0011,2026-03-15,01:00:17,2280,stb
SVP04536,SV100019,SVC0011,2026-03-15,01:01:17,2340,stb
SVP04537,SV100019,SVC0011,2026-03-15,01:02:17,2400,stb
SVP04538,SV100019,SVC0011,2026-03-15,01:03:17,2460,stb
SVP04539,SV100019,SVC0011,2026-03-15,01:04:17,2520,stb
SVP04540,SV100019,SVC0011,2026-03-15,01:05:17,2580,stb
SVP04541,SV100019,SVC0011,2026-03-15,01:06:17,2640,stb
SVP04542,SV100019,SVC0011,2026-03-15,01:07:17,2700,stb
SVP04543,SV100019,SVC0011,2026-03-15,01:08:17,2760,stb
SVP04544,SV100019,SVC0011,2026-03-15,01:09:17,2820,stb
SVP04545,SV100019,SVC0011,2026-03-15,01:10:17,2880,stb
SVP04546,SV100019,SVC0011,2026-03-15,01:11:17,2940,stb
SVP04547,SV100019,SVC0011,2026-03-15,01:12:17,3000,stb
SVP04548,SV100019,SVC0011,2026-03-15,01:13:17,3060,stb
SVP04549,SV100019,SVC0011,2026-03-15,01:14:17,3120,stb
SVP04550,SV100019,SVC0011,2026-03-15,01:15:17,3180,stb
SVP04551,SV100019,SVC0011,2026-03-15,01:16:17,3240,stb
SVP04552,SV100019,SVC0011,2026-03-15,01:17:17,3300,stb
SVP04553,SV100019,SVC0011,2026-03-15,01:18:17,3360,stb
SVP04554,SV100019,SVC0011,2026-03-15,01:19:17,3420,stb
SVP04555,SV100019,SVC0011,2026-03-15,01:20:17,3480,stb
SVP04556,SV100019,SVC0011,2026-03-15,01:21:17,3540,stb
SVP04557,SV100019,SVC0011,2026-03-15,01:22:17,3600,stb
SVP04558,SV100019,SVC0011,2026-03-15,01:24:17,3720,stb
SVP04559,SV100019,SVC0011,2026-03-15,01:25:17,3780,stb
SVP04560,SV100019,SVC0011,2026-03-15,01:26:17,3840,stb
SVP04561,SV100019,SVC0011,2026-03-15,01:27:17,3900,stb
SVP04562,SV100019,SVC0011,2026-03-15,01:28:17,3960,stb
SVP04563,SV100019,SVC0011,2026-03-15,01:29:17,4020,stb
SVP04564,SV100019,SVC0011,2026-03-15,01:30:17,4080,stb
SVP04565,SV100019,SVC0011,2026-03-15,01:31:17,4140,stb
SVP04566,SV100019,SVC0011,2026-03-15,01:32:17,4200,stb
SVP04567,SV100019,SVC0011,2026-03-15,01:33:17,4260,stb
SVP04568,SV100019,SVC0011,2026-03-15,01:34:17,4320,stb
SVP04569,SV100019,SVC0011,2026-03-15,01:35:17,4380,stb
SVP04570,SV100019,SVC0011,2026-03-15,01:36:17,4440,stb
SVP04571,SV100019,SVC0011,2026-03-15,01:37:17,4500,stb
SVP04572,SV100019,SVC0011,2026-03-15,01:38:17,4560,stb
SVP04573,SV100019,SVC0011,2026-03-15,01:39:17,4620,stb
SVP04574,SV100019,SVC0011,2026-03-15,01:40:17,4680,stb
SVP04575,SV100019,SVC0011,2026-03-15,01:41:17,4740,stb
SVP04576,SV100019,SVC0011,2026-03-15,01:42:17,4800,stb
SVP04577,SV100019,SVC0011,2026-03-15,01:43:17,4860,stb
SVP04578,SV100019,SVC0011,2026-03-15,01:45:17,4980,stb
SVP04579,SV100019,SVC0011,2026-03-15,01:46:17,5040,stb
SVP04580,SV100019,SVC0011,2026-03-15,01:47:17,5100,stb
SVP04581,SV100019,SVC0011,2026-03-15,01:48:17,5160,stb
SVP04582,SV100019,SVC0011,2026-03-15,01:49:17,5220,stb
SVP04583,SV100019,SVC0011,2026-03-15,01:50:17,5280,stb
SVP04584,SV100019,SVC0011,2026-03-15,01:52:17,5400,stb
SVP04585,SV100019,SVC0011,2026-03-15,01:53:17,5460,stb
SVP04586,SV100019,SVC0011,2026-03-15,01:54:17,5520,stb
SVP04587,SV100019,SVC0011,2026-03-15,01:55:17,5580,stb
SVP04588,SV100019,SVC0011,2026-03-15,01:56:17,5640,stb
SVP04589,SV100019,SVC0011,2026-03-15,01:57:17,5700,stb
SVP04590,SV100019,SVC0011,2026-03-15,01:59:17,5820,stb
SVP04591,SV100019,SVC0011,2026-03-15,02:01:17,5940,stb
SVP04592,SV100019,SVC0011,2026-03-15,02:02:17,6000,stb
SVP04593,SV100019,SVC0011,2026-03-15,02:03:17,6060,stb
SVP04594,SV100019,SVC0011,2026-03-15,02:04:17,6120,stb
SVP04595,SV100019,SVC0011,2026-03-15,02:05:17,6180,stb
SVP04596,SV100019,SVC0011,2026-03-15,02:06:17,6240,stb
SVP04597,SV100019,SVC0011,2026-03-15,02:07:17,6300,stb
SVP04598,SV100019,SVC0011,2026-03-15,02:08:17,6360,stb
SVP04599,SV100019,SVC0011,2026-03-15,02:09:17,6420,stb
SVP04600,SV100019,SVC0011,2026-03-15,02:10:17,6480,stb
SVP04601,SV100019,SVC0011,2026-03-15,02:11:17,6540,stb
SVP04602,SV100019,SVC0011,2026-03-15,02:12:17,6600,stb
SVP04603,SV100019,SVC0011,2026-03-15,02:13:17,6660,stb
SVP04604,SV100019,SVC0011,2026-03-15,02:14:17,6720,stb
SVP04605,SV100019,SVC0011,2026-03-15,02:15:17,6780,stb
SVP04606,SV100019,SVC0011,2026-03-15,02:16:17,6840,stb
SVP04607,SV100019,SVC0011,2026-03-15,02:17:17,6900,stb
SVP04608,SV100019,SVC0011,2026-03-15,02:18:17,6960,stb
SVP04609,SV100019,SVC0011,2026-03-15,02:19:17,7020,stb
SVP04610,SV100019,SVC0011,2026-03-15,02:21:17,7140,stb
SVP04611,SV100019,SVC0011,2026-03-15,02:23:17,7260,stb
SVP04612,SV100019,SVC0011,2026-03-15,02:24:17,7320,stb
SVP04613,SV100019,SVC0011,2026-03-15,02:25:17,7380,stb
SVP04614,SV100019,SVC0011,2026-03-15,02:26:17,7440,stb
SVP04615,SV100019,SVC0011,2026-03-15,02:27:17,7500,stb
SVP04616,SV100019,SVC0011,2026-03-15,02:28:17,7560,stb
SVP04617,SV100019,SVC0011,2026-03-15,02:29:17,7620,stb
SVP04618,SV100019,SVC0011,2026-03-15,02:30:17,7680,stb
SVP04619,SV100019,SVC0011,2026-03-15,02:31:17,7740,stb
SVP04620,SV100019,SVC0011,2026-03-15,02:32:17,7800,stb
SVP04621,SV100019,SVC0011,2026-03-15,02:33:17,7860,stb
SVP04622,SV100019,SVC0011,2026-03-15,02:34:17,7920,stb
SVP04623,SV100019,SVC0011,2026-03-15,02:35:17,7980,stb
SVP04624,SV100019,SVC0011,2026-03-15,02:36:17,8040,stb
SVP04625,SV100019,SVC0011,2026-03-15,02:37:17,8100,stb
SVP04626,SV100019,SVC0011,2026-03-15,02:38:17,8160,stb
SVP04627,SV100019,SVC0011,2026-03-15,02:39:17,8220,stb
SVP04628,SV100019,SVC0011,2026-03-15,02:40:17,8280,stb
SVP04629,SV100019,SVC0011,2026-03-15,02:42:17,8400,stb
SVP04630,SV100019,SVC0011,2026-03-15,02:43:17,8460,stb
SVP04631,SV100019,SVC0011,2026-03-15,02:44:17,8520,stb
SVP04632,SV100019,SVC0011,2026-03-15,02:45:17,8580,stb
SVP04633,SV100019,SVC0011,2026-03-15,02:46:17,8640,stb
SVP04634,SV100019,SVC0011,2026-03-15,02:47:17,8700,stb
SVP04635,SV100019,SVC0011,2026-03-15,02:48:17,8760,stb
SVP04636,SV100019,SVC0011,2026-03-15,02:49:17,8820,stb
SVP04637,SV100019,SVC0011,2026-03-15,02:50:17,8880,stb
SVP04638,SV100019,SVC0011,2026-03-15,02:51:17,8940,stb
SVP04639,SV100019,SVC0011,2026-03-15,02:52:17,9000,stb
SVP04640,SV100019,SVC0011,2026-03-15,02:53:17,9060,stb
SVP04641,SV100019,SVC0011,2026-03-15,02:54:17,9120,stb
SVP04642,SV100019,SVC0011,2026-03-15,02:55:17,9180,stb
SVP04643,SV100019,SVC0011,2026-03-15,02:57:17,9300,stb
SVP04644,SV100019,SVC0011,2026-03-15,02:58:17,9360,stb
SVP04645,SV100019,SVC0011,2026-03-15,02:59:17,9420,stb
SVP04646,SV100019,SVC0011,2026-03-15,03:00:17,9480,stb
SVP04647,SV100019,SVC0011,2026-03-15,03:01:17,9540,stb
SVP04648,SV100019,SVC0011,2026-03-15,03:02:17,9600,stb
SVP04649,SV100019,SVC0011,2026-03-15,03:03:17,9660,stb
SVP04650,SV100019,SVC0011,2026-03-15,03:04:17,9720,stb
SVP04651,SV100019,SVC0011,2026-03-15,03:05:17,9780,stb
SVP04652,SV100019,SVC0011,2026-03-15,03:06:17,9840,stb
SVP04653,SV100019,SVC0011,2026-03-15,03:07:17,9900,stb
SVP04654,SV100019,SVC0011,2026-03-15,03:08:17,9960,stb
SVP04655,SV100019,SVC0011,2026-03-15,03:09:17,10020,stb
SVP04656,SV100019,SVC0011,2026-03-15,03:10:17,10080,stb
SVP04657,SV100019,SVC0011,2026-03-15,03:11:17,10140,stb
SVP04658,SV100019,SVC0011,2026-03-15,03:12:17,10200,stb
SVP04659,SV100019,SVC0011,2026-03-15,03:13:17,10260,stb
SVP04660,SV100019,SVC0011,2026-03-15,03:14:17,10320,stb
SVP04661,SV100019,SVC0011,2026-03-15,03:15:17,10380,stb
SVP04662,SV100019,SVC0011,2026-03-15,03:16:17,10440,stb
SVP04663,SV100019,SVC0011,2026-03-15,03:17:17,10500,stb
SVP04664,SV100019,SVC0011,2026-03-15,03:18:17,10560,stb
SVP04665,SV100019,SVC0011,2026-03-15,03:19:17,10620,stb
SVP04666,SV100019,SVC0011,2026-03-15,03:19:47,10650,stb
SVP04667,SV100018,SVC0008,2026-03-15,14:18:02,0,browser
SVP04668,SV100018,SVC0008,2026-03-15,14:19:02,60,browser
SVP04669,SV100018,SVC0008,2026-03-15,14:20:02,120,browser
SVP04670,SV100018,SVC0008,2026-03-15,14:21:02,180,browser
SVP04671,SV100018,SVC0008,2026-03-15,14:22:02,240,browser
SVP04672,SV100018,SVC0008,2026-03-15,14:23:02,300,browser
SVP04673,SV100018,SVC0008,2026-03-15,14:24:02,360,browser
SVP04674,SV100018,SVC0008,2026-03-15,14:25:02,420,browser
SVP04675,SV100018,SVC0008,2026-03-15,14:26:02,480,browser
SVP04676,SV100018,SVC0008,2026-03-15,14:27:02,540,browser
SVP04677,SV100018,SVC0008,2026-03-15,14:28:02,600,browser
SVP04678,SV100018,SVC0008,2026-03-15,14:29:02,660,browser
SVP04679,SV100018,SVC0008,2026-03-15,14:30:02,720,browser
SVP04680,SV100018,SVC0008,2026-03-15,14:31:02,780,browser
SVP04681,SV100018,SVC0008,2026-03-15,14:32:02,840,browser
SVP04682,SV100018,SVC0008,2026-03-15,14:33:02,900,browser
SVP04683,SV100018,SVC0008,2026-03-15,14:34:02,960,browser
SVP04684,SV100018,SVC0008,2026-03-15,14:35:02,1020,browser
SVP04685,SV100018,SVC0008,2026-03-15,14:36:02,1080,browser
SVP04686,SV100018,SVC0008,2026-03-15,14:37:02,1140,browser
SVP04687,SV100018,SVC0008,2026-03-15,14:38:02,1200,browser
SVP04688,SV100018,SVC0008,2026-03-15,14:39:02,1260,browser
SVP04689,SV100018,SVC0008,2026-03-15,14:40:02,1320,browser
SVP04690,SV100018,SVC0008,2026-03-15,14:41:02,1380,browser
SVP04691,SV100018,SVC0008,2026-03-15,14:42:02,1440,browser
SVP04692,SV100018,SVC0008,2026-03-15,14:43:02,1500,browser
SVP04693,SV100018,SVC0008,2026-03-15,14:44:02,1560,browser
SVP04694,SV100018,SVC0008,2026-03-15,14:45:02,1620,browser
SVP04695,SV100018,SVC0008,2026-03-15,14:46:02,1680,browser
SVP04696,SV100018,SVC0008,2026-03-15,14:47:02,1740,browser
SVP04697,SV100018,SVC0008,2026-03-15,14:48:02,1800,browser
SVP04698,SV100018,SVC0008,2026-03-15,14:49:02,1860,browser
SVP04699,SV100018,SVC0008,2026-03-15,14:50:02,1920,browser
SVP04700,SV100018,SVC0008,2026-03-15,14:52:02,2040,browser
SVP04701,SV100018,SVC0008,2026-03-15,14:53:02,2100,browser
SVP04702,SV100018,SVC0008,2026-03-15,14:55:02,2220,browser
SVP04703,SV100018,SVC0008,2026-03-15,14:56:02,2280,browser
SVP04704,SV100018,SVC0008,2026-03-15,14:57:02,2340,browser
SVP04705,SV100018,SVC0008,2026-03-15,14:58:02,2400,browser
SVP04706,SV100018,SVC0008,2026-03-15,14:59:02,2460,browser
SVP04707,SV100018,SVC0008,2026-03-15,15:00:02,2520,browser
SVP04708,SV100018,SVC0008,2026-03-15,15:01:02,2580,browser
SVP04709,SV100018,SVC0008,2026-03-15,15:02:02,2640,browser
SVP04710,SV100018,SVC0008,2026-03-15,15:03:02,2700,browser
SVP04711,SV100018,SVC0008,2026-03-15,15:04:02,2760,browser
SVP04712,SV100018,SVC0008,2026-03-15,15:05:02,2820,browser
SVP04713,SV100018,SVC0008,2026-03-15,15:06:02,2880,browser
SVP04714,SV100018,SVC0008,2026-03-15,15:08:02,3000,browser
SVP04715,SV100018,SVC0008,2026-03-15,15:09:02,3060,browser
SVP04716,SV100018,SVC0008,2026-03-15,15:10:02,3120,browser
SVP04717,SV100018,SVC0008,2026-03-15,15:11:02,3180,browser
SVP04718,SV100018,SVC0008,2026-03-15,15:12:02,3240,browser
SVP04719,SV100018,SVC0008,2026-03-15,15:13:02,3300,browser
SVP04720,SV100018,SVC0008,2026-03-15,15:14:02,3360,browser
SVP04721,SV100018,SVC0008,2026-03-15,15:15:02,3420,browser
SVP04722,SV100018,SVC0008,2026-03-15,15:16:02,3480,browser
SVP04723,SV100018,SVC0008,2026-03-15,15:17:02,3540,browser
SVP04724,SV100018,SVC0008,2026-03-15,15:18:02,3600,browser
SVP04725,SV100018,SVC0008,2026-03-15,15:19:02,3660,browser
SVP04726,SV100018,SVC0008,2026-03-15,15:20:02,3720,browser
SVP04727,SV100018,SVC0008,2026-03-15,15:21:02,3780,browser
SVP04728,SV100018,SVC0008,2026-03-15,15:22:02,3840,browser
SVP04729,SV100018,SVC0008,2026-03-15,15:23:02,3900,browser
SVP04730,SV100018,SVC0008,2026-03-15,15:24:02,3960,browser
SVP04731,SV100018,SVC0008,2026-03-15,15:25:02,4020,browser
SVP04732,SV100018,SVC0008,2026-03-15,15:26:02,4080,browser
SVP04733,SV100018,SVC0008,2026-03-15,15:28:02,4200,browser
SVP04734,SV100018,SVC0008,2026-03-15,15:29:02,4260,browser
SVP04735,SV100018,SVC0008,2026-03-15,15:30:02,4320,browser
SVP04736,SV100018,SVC0008,2026-03-15,15:31:02,4380,browser
SVP04737,SV100018,SVC0008,2026-03-15,15:32:02,4440,browser
SVP04738,SV100018,SVC0008,2026-03-15,15:33:02,4500,browser
SVP04739,SV100018,SVC0008,2026-03-15,15:35:02,4620,browser
SVP04740,SV100018,SVC0008,2026-03-15,15:36:02,4680,browser
SVP04741,SV100018,SVC0008,2026-03-15,15:37:02,4740,browser
SVP04742,SV100018,SVC0008,2026-03-15,15:38:02,4800,browser
SVP04743,SV100018,SVC0008,2026-03-15,15:39:02,4860,browser
SVP04744,SV100018,SVC0008,2026-03-15,15:41:02,4980,browser
SVP04745,SV100018,SVC0008,2026-03-15,15:42:02,5040,browser
SVP04746,SV100018,SVC0008,2026-03-15,15:43:02,5100,browser
SVP04747,SV100018,SVC0008,2026-03-15,15:44:02,5160,browser
SVP04748,SV100018,SVC0008,2026-03-15,15:45:02,5220,browser
SVP04749,SV100018,SVC0008,2026-03-15,15:46:02,5280,browser
SVP04750,SV100018,SVC0008,2026-03-15,15:47:02,5340,browser
SVP04751,SV100018,SVC0008,2026-03-15,15:49:02,5460,browser
SVP04752,SV100018,SVC0008,2026-03-15,15:50:02,5520,browser
SVP04753,SV100018,SVC0008,2026-03-15,15:51:02,5580,browser
SVP04754,SV100018,SVC0008,2026-03-15,15:52:02,5640,browser
SVP04755,SV100018,SVC0008,2026-03-15,15:53:02,5700,browser
SVP04756,SV100018,SVC0008,2026-03-15,15:54:02,5760,browser
SVP04757,SV100018,SVC0008,2026-03-15,15:55:02,5820,browser
SVP04758,SV100018,SVC0008,2026-03-15,15:56:02,5880,browser
SVP04759,SV100018,SVC0008,2026-03-15,15:57:02,5940,browser
SVP04760,SV100018,SVC0008,2026-03-15,15:58:02,6000,browser
SVP04761,SV100018,SVC0008,2026-03-15,15:59:02,6060,browser
SVP04762,SV100018,SVC0008,2026-03-15,16:00:02,6120,browser
SVP04763,SV100018,SVC0008,2026-03-15,16:01:02,6180,browser
SVP04764,SV100018,SVC0008,2026-03-15,16:02:02,6240,browser
SVP04765,SV100018,SVC0008,2026-03-15,16:03:02,6300,browser
SVP04766,SV100018,SVC0008,2026-03-15,16:04:02,6360,browser
SVP04767,SV100018,SVC0008,2026-03-15,16:05:02,6420,browser
SVP04768,SV100018,SVC0008,2026-03-15,16:07:02,6540,browser
SVP04769,SV100018,SVC0008,2026-03-15,16:08:02,6600,browser
SVP04770,SV100018,SVC0008,2026-03-15,16:09:02,6660,browser
SVP04771,SV100018,SVC0008,2026-03-15,16:10:02,6720,browser
SVP04772,SV100018,SVC0008,2026-03-15,16:11:02,6780,browser
SVP04773,SV100018,SVC0008,2026-03-15,16:12:02,6840,browser
SVP04774,SV100018,SVC0008,2026-03-15,16:13:02,6900,browser
SVP04775,SV100018,SVC0008,2026-03-15,16:14:02,6960,browser
SVP04776,SV100018,SVC0008,2026-03-15,16:15:02,7020,browser
SVP04777,SV100018,SVC0008,2026-03-15,16:16:02,7080,browser
SVP04778,SV100018,SVC0008,2026-03-15,16:17:02,7140,browser
SVP04779,SV100018,SVC0008,2026-03-15,16:18:02,7200,browser
SVP04780,SV100018,SVC0008,2026-03-15,16:19:02,7260,browser
SVP04781,SV100018,SVC0008,2026-03-15,16:20:02,7320,browser
SVP04782,SV100018,SVC0008,2026-03-15,16:21:02,7380,browser
SVP04783,SV100018,SVC0008,2026-03-15,16:23:02,7500,browser
SVP04784,SV100018,SVC0008,2026-03-15,16:24:02,7560,browser
SVP04785,SV100018,SVC0008,2026-03-15,16:25:02,7620,browser
SVP04786,SV100018,SVC0008,2026-03-15,16:26:02,7680,browser
SVP04787,SV100018,SVC0008,2026-03-15,16:27:02,7740,browser
SVP04788,SV100018,SVC0008,2026-03-15,16:28:02,7800,browser
SVP04789,SV100018,SVC0008,2026-03-15,16:29:02,7860,browser
SVP04790,SV100018,SVC0008,2026-03-15,16:30:02,7920,browser
SVP04791,SV100018,SVC0008,2026-03-15,16:31:02,7980,browser
SVP04792,SV100018,SVC0008,2026-03-15,16:32:02,8040,browser
SVP04793,SV100018,SVC0008,2026-03-15,16:33:02,8100,browser
SVP04794,SV100018,SVC0008,2026-03-15,16:34:02,8160,browser
SVP04795,SV100018,SVC0008,2026-03-15,16:35:02,8220,browser
SVP04796,SV100018,SVC0008,2026-03-15,16:36:02,8280,browser
SVP04797,SV100018,SVC0008,2026-03-15,16:37:02,8340,browser
SVP04798,SV100018,SVC0008,2026-03-15,16:38:02,8400,browser
SVP04799,SV100018,SVC0008,2026-03-15,16:39:02,8460,browser
SVP04800,SV100018,SVC0008,2026-03-15,16:40:02,8520,browser
SVP04801,SV100018,SVC0008,2026-03-15,16:41:02,8580,browser
SVP04802,SV100018,SVC0008,2026-03-15,16:42:02,8640,browser
SVP04803,SV100018,SVC0008,2026-03-15,16:43:02,8700,browser
SVP04804,SV100018,SVC0008,2026-03-15,16:44:02,8760,browser
SVP04805,SV100018,SVC0008,2026-03-15,16:45:02,8820,browser
SVP04806,SV100018,SVC0008,2026-03-15,16:46:02,8880,browser
SVP04807,SV100018,SVC0008,2026-03-15,16:47:02,8940,browser
SVP04808,SV100018,SVC0008,2026-03-15,16:48:02,9000,browser
SVP04809,SV100018,SVC0008,2026-03-15,16:49:02,9060,browser
SVP04810,SV100018,SVC0008,2026-03-15,16:50:02,9120,browser
SVP04811,SV100018,SVC0008,2026-03-15,16:51:02,9180,browser
SVP04812,SV100018,SVC0008,2026-03-15,16:52:02,9240,browser
SVP04813,SV100018,SVC0008,2026-03-15,16:53:02,9300,browser
SVP04814,SV100018,SVC0008,2026-03-15,16:54:02,9360,browser
SVP04815,SV100018,SVC0008,2026-03-15,16:55:02,9420,browser
SVP04816,SV100018,SVC0008,2026-03-15,16:56:02,9480,browser
SVP04817,SV100018,SVC0008,2026-03-15,16:57:02,9540,browser
SVP04818,SV100018,SVC0008,2026-03-15,16:58:02,9600,browser
SVP04819,SV100018,SVC0008,2026-03-15,16:59:02,9660,browser
SVP04820,SV100018,SVC0008,2026-03-15,17:00:02,9720,browser
SVP04821,SV100018,SVC0008,2026-03-15,17:01:02,9780,browser
SVP04822,SV100018,SVC0008,2026-03-15,17:02:02,9840,browser
SVP04823,SV100018,SVC0008,2026-03-15,17:03:02,9900,browser
SVP04824,SV100018,SVC0008,2026-03-15,17:04:02,9960,browser
SVP04825,SV100018,SVC0008,2026-03-15,17:05:02,10020,browser
SVP04826,SV100018,SVC0008,2026-03-15,17:06:02,10080,browser
SVP04827,SV100018,SVC0008,2026-03-15,17:07:02,10140,browser
SVP04828,SV100018,SVC0008,2026-03-15,17:08:02,10200,browser
SVP04829,SV100018,SVC0008,2026-03-15,17:08:28,10226,browser
SVP04830,SV100019,SVC0015,2026-03-23,13:06:53,0,stb
SVP04831,SV100019,SVC0015,2026-03-23,13:07:53,60,stb
SVP04832,SV100019,SVC0015,2026-03-23,13:08:53,120,stb
SVP04833,SV100019,SVC0015,2026-03-23,13:09:53,180,stb
SVP04834,SV100019,SVC0015,2026-03-23,13:10:53,240,stb
SVP04835,SV100019,SVC0015,2026-03-23,13:11:53,300,stb
SVP04836,SV100019,SVC0015,2026-03-23,13:13:09,376,stb
SVP04837,SV100006,SVC0021,2026-03-23,20:17:55,0,mob
SVP04838,SV100006,SVC0021,2026-03-23,20:18:55,60,mob
SVP04839,SV100006,SVC0021,2026-03-23,20:20:55,180,mob
SVP04840,SV100006,SVC0021,2026-03-23,20:21:55,240,mob
SVP04841,SV100006,SVC0021,2026-03-23,20:22:55,300,mob
SVP04842,SV100006,SVC0021,2026-03-23,20:23:55,360,mob
SVP04843,SV100006,SVC0021,2026-03-23,20:24:55,420,mob
SVP04844,SV100006,SVC0021,2026-03-23,20:26:55,540,mob
SVP04845,SV100006,SVC0021,2026-03-23,20:27:55,600,mob
SVP04846,SV100006,SVC0021,2026-03-23,20:28:55,660,mob
SVP04847,SV100006,SVC0021,2026-03-23,20:29:55,720,mob
SVP04848,SV100006,SVC0021,2026-03-23,20:31:55,840,mob
SVP04849,SV100006,SVC0021,2026-03-23,20:32:55,900,mob
SVP04850,SV100006,SVC0021,2026-03-23,20:33:55,960,mob
SVP04851,SV100006,SVC0021,2026-03-23,20:34:55,1020,mob
SVP04852,SV100006,SVC0021,2026-03-23,20:35:55,1080,mob
SVP04853,SV100006,SVC0021,2026-03-23,20:36:55,1140,mob
SVP04854,SV100006,SVC0021,2026-03-23,20:37:55,1200,mob
SVP04855,SV100006,SVC0021,2026-03-23,20:38:55,1260,mob
SVP04856,SV100006,SVC0021,2026-03-23,20:39:55,1320,mob
SVP04857,SV100006,SVC0021,2026-03-23,20:40:55,1380,mob
SVP04858,SV100006,SVC0021,2026-03-23,20:41:55,1440,mob
SVP04859,SV100006,SVC0021,2026-03-23,20:42:55,1500,mob
SVP04860,SV100006,SVC0021,2026-03-23,20:43:55,1560,mob
SVP04861,SV100006,SVC0021,2026-03-23,20:44:55,1620,mob
SVP04862,SV100006,SVC0021,2026-03-23,20:45:55,1680,mob
SVP04863,SV100006,SVC0021,2026-03-23,20:46:55,1740,mob
SVP04864,SV100006,SVC0021,2026-03-23,20:48:55,1860,mob
SVP04865,SV100006,SVC0021,2026-03-23,20:49:55,1920,mob
SVP04866,SV100006,SVC0021,2026-03-23,20:50:55,1980,mob
SVP04867,SV100006,SVC0021,2026-03-23,20:51:55,2040,mob
SVP04868,SV100006,SVC0021,2026-03-23,20:52:55,2100,mob
SVP04869,SV100006,SVC0021,2026-03-23,20:53:55,2160,mob
SVP04870,SV100006,SVC0021,2026-03-23,20:54:55,2220,mob
SVP04871,SV100006,SVC0021,2026-03-23,20:55:55,2280,mob
SVP04872,SV100006,SVC0021,2026-03-23,20:56:55,2340,mob
SVP04873,SV100006,SVC0021,2026-03-23,20:57:55,2400,mob
SVP04874,SV100006,SVC0021,2026-03-23,20:58:55,2460,mob
SVP04875,SV100006,SVC0021,2026-03-23,20:59:55,2520,mob
SVP04876,SV100006,SVC0021,2026-03-23,21:00:55,2580,mob
SVP04877,SV100006,SVC0021,2026-03-23,21:01:55,2640,mob
SVP04878,SV100006,SVC0021,2026-03-23,21:02:55,2700,mob
SVP04879,SV100006,SVC0021,2026-03-23,21:04:55,2820,mob
SVP04880,SV100006,SVC0021,2026-03-23,21:05:55,2880,mob
SVP04881,SV100006,SVC0021,2026-03-23,21:06:55,2940,mob
SVP04882,SV100006,SVC0021,2026-03-23,21:07:55,3000,mob
SVP04883,SV100006,SVC0021,2026-03-23,21:08:55,3060,mob
SVP04884,SV100006,SVC0021,2026-03-23,21:10:55,3180,mob
SVP04885,SV100006,SVC0021,2026-03-23,21:11:55,3240,mob
SVP04886,SV100006,SVC0021,2026-03-23,21:13:55,3360,mob
SVP04887,SV100006,SVC0021,2026-03-23,21:14:55,3420,mob
SVP04888,SV100006,SVC0021,2026-03-23,21:15:55,3480,mob
SVP04889,SV100006,SVC0021,2026-03-23,21:16:55,3540,mob
SVP04890,SV100006,SVC0021,2026-03-23,21:17:55,3600,mob
SVP04891,SV100006,SVC0021,2026-03-23,21:18:55,3660,mob
SVP04892,SV100006,SVC0021,2026-03-23,21:19:55,3720,mob
SVP04893,SV100006,SVC0021,2026-03-23,21:20:55,3780,mob
SVP04894,SV100006,SVC0021,2026-03-23,21:22:55,3900,mob
SVP04895,SV100006,SVC0021,2026-03-23,21:24:55,4020,mob
SVP04896,SV100006,SVC0021,2026-03-23,21:25:55,4080,mob
SVP04897,SV100006,SVC0021,2026-03-23,21:26:55,4140,mob
SVP04898,SV100006,SVC0021,2026-03-23,21:27:55,4200,mob
SVP04899,SV100006,SVC0021,2026-03-23,21:28:55,4260,mob
SVP04900,SV100006,SVC0021,2026-03-23,21:29:55,4320,mob
SVP04901,SV100006,SVC0021,2026-03-23,21:30:55,4380,mob
SVP04902,SV100006,SVC0021,2026-03-23,21:31:55,4440,mob
SVP04903,SV100006,SVC0021,2026-03-23,21:32:55,4500,mob
SVP04904,SV100006,SVC0021,2026-03-23,21:33:55,4560,mob
SVP04905,SV100006,SVC0021,2026-03-23,21:34:55,4620,mob
SVP04906,SV100006,SVC0021,2026-03-23,21:35:55,4680,mob
SVP04907,SV100006,SVC0021,2026-03-23,21:36:55,4740,mob
SVP04908,SV100006,SVC0021,2026-03-23,21:37:55,4800,mob
SVP04909,SV100006,SVC0021,2026-03-23,21:38:55,4860,mob
SVP04910,SV100006,SVC0021,2026-03-23,21:39:55,4920,mob
SVP04911,SV100006,SVC0021,2026-03-23,21:40:55,4980,mob
SVP04912,SV100006,SVC0021,2026-03-23,21:41:55,5040,mob
SVP04913,SV100006,SVC0021,2026-03-23,21:42:55,5100,mob
SVP04914,SV100006,SVC0021,2026-03-23,21:43:55,5160,mob
SVP04915,SV100006,SVC0021,2026-03-23,21:44:55,5220,mob
SVP04916,SV100006,SVC0021,2026-03-23,21:45:55,5280,mob
SVP04917,SV100006,SVC0021,2026-03-23,21:46:39,5324,mob
SVP04918,SV100023,SVC0004,2026-03-23,21:58:33,0,mob
SVP04919,SV100023,SVC0004,2026-03-23,21:59:33,60,mob
SVP04920,SV100023,SVC0004,2026-03-23,22:00:33,120,mob
SVP04921,SV100023,SVC0004,2026-03-23,22:01:33,180,mob
SVP04922,SV100023,SVC0004,2026-03-23,22:02:33,240,mob
SVP04923,SV100023,SVC0004,2026-03-23,22:03:33,300,mob
SVP04924,SV100023,SVC0004,2026-03-23,22:05:33,420,mob
SVP04925,SV100023,SVC0004,2026-03-23,22:06:33,480,mob
SVP04926,SV100023,SVC0004,2026-03-23,22:08:33,600,mob
SVP04927,SV100023,SVC0004,2026-03-23,22:09:33,660,mob
SVP04928,SV100023,SVC0004,2026-03-23,22:11:33,780,mob
SVP04929,SV100023,SVC0004,2026-03-23,22:12:33,840,mob
SVP04930,SV100023,SVC0004,2026-03-23,22:13:33,900,mob
SVP04931,SV100023,SVC0004,2026-03-23,22:14:33,960,mob
SVP04932,SV100023,SVC0004,2026-03-23,22:16:33,1080,mob
SVP04933,SV100023,SVC0004,2026-03-23,22:17:33,1140,mob
SVP04934,SV100023,SVC0004,2026-03-23,22:18:33,1200,mob
SVP04935,SV100023,SVC0004,2026-03-23,22:19:33,1260,mob
SVP04936,SV100023,SVC0004,2026-03-23,22:20:33,1320,mob
SVP04937,SV100023,SVC0004,2026-03-23,22:21:33,1380,mob
SVP04938,SV100023,SVC0004,2026-03-23,22:22:33,1440,mob
SVP04939,SV100023,SVC0004,2026-03-23,22:23:33,1500,mob
SVP04940,SV100023,SVC0004,2026-03-23,22:24:33,1560,mob
SVP04941,SV100023,SVC0004,2026-03-23,22:25:33,1620,mob
SVP04942,SV100023,SVC0004,2026-03-23,22:26:33,1680,mob
SVP04943,SV100023,SVC0004,2026-03-23,22:27:33,1740,mob
SVP04944,SV100023,SVC0004,2026-03-23,22:28:33,1800,mob
SVP04945,SV100023,SVC0004,2026-03-23,22:29:33,1860,mob
SVP04946,SV100023,SVC0004,2026-03-23,22:30:33,1920,mob
SVP04947,SV100023,SVC0004,2026-03-23,22:31:33,1980,mob
SVP04948,SV100023,SVC0004,2026-03-23,22:32:33,2040,mob
SVP04949,SV100023,SVC0004,2026-03-23,22:33:33,2100,mob
SVP04950,SV100023,SVC0004,2026-03-23,22:34:33,2160,mob
SVP04951,SV100023,SVC0004,2026-03-23,22:35:33,2220,mob
SVP04952,SV100023,SVC0004,2026-03-23,22:36:33,2280,mob
SVP04953,SV100023,SVC0004,2026-03-23,22:37:33,2340,mob
SVP04954,SV100023,SVC0004,2026-03-23,22:38:33,2400,mob
SVP04955,SV100023,SVC0004,2026-03-23,22:39:33,2460,mob
SVP04956,SV100023,SVC0004,2026-03-23,22:40:33,2520,mob
SVP04957,SV100023,SVC0004,2026-03-23,22:41:33,2580,mob
SVP04958,SV100023,SVC0004,2026-03-23,22:42:33,2640,mob
SVP04959,SV100023,SVC0004,2026-03-23,22:43:27,2694,mob
SVP04960,SV100007,SVC0009,2026-03-24,14:50:58,0,mob
SVP04961,SV100007,SVC0009,2026-03-24,14:51:58,60,mob
SVP04962,SV100007,SVC0009,2026-03-24,14:52:58,120,mob
SVP04963,SV100007,SVC0009,2026-03-24,14:53:58,180,mob
SVP04964,SV100007,SVC0009,2026-03-24,14:54:58,240,mob
SVP04965,SV100007,SVC0009,2026-03-24,14:55:58,300,mob
SVP04966,SV100007,SVC0009,2026-03-24,14:56:58,360,mob
SVP04967,SV100007,SVC0009,2026-03-24,14:57:58,420,mob
SVP04968,SV100007,SVC0009,2026-03-24,14:58:58,480,mob
SVP04969,SV100007,SVC0009,2026-03-24,14:59:58,540,mob
SVP04970,SV100007,SVC0009,2026-03-24,15:01:58,660,mob
SVP04971,SV100007,SVC0009,2026-03-24,15:02:58,720,mob
SVP04972,SV100007,SVC0009,2026-03-24,15:03:58,780,mob
SVP04973,SV100007,SVC0009,2026-03-24,15:04:58,840,mob
SVP04974,SV100007,SVC0009,2026-03-24,15:05:58,900,mob
SVP04975,SV100007,SVC0009,2026-03-24,15:06:58,960,mob
SVP04976,SV100007,SVC0009,2026-03-24,15:08:58,1080,mob
SVP04977,SV100007,SVC0009,2026-03-24,15:09:58,1140,mob
SVP04978,SV100007,SVC0009,2026-03-24,15:10:58,1200,mob
SVP04979,SV100007,SVC0009,2026-03-24,15:11:58,1260,mob
SVP04980,SV100007,SVC0009,2026-03-24,15:12:58,1320,mob
SVP04981,SV100007,SVC0009,2026-03-24,15:13:58,1380,mob
SVP04982,SV100007,SVC0009,2026-03-24,15:15:58,1500,mob
SVP04983,SV100007,SVC0009,2026-03-24,15:16:58,1560,mob
SVP04984,SV100007,SVC0009,2026-03-24,15:17:58,1620,mob
SVP04985,SV100007,SVC0009,2026-03-24,15:18:58,1680,mob
SVP04986,SV100007,SVC0009,2026-03-24,15:19:58,1740,mob
SVP04987,SV100007,SVC0009,2026-03-24,15:20:58,1800,mob
SVP04988,SV100007,SVC0009,2026-03-24,15:21:58,1860,mob
SVP04989,SV100007,SVC0009,2026-03-24,15:22:58,1920,mob
SVP04990,SV100007,SVC0009,2026-03-24,15:23:58,1980,mob
SVP04991,SV100007,SVC0009,2026-03-24,15:24:58,2040,mob
SVP04992,SV100007,SVC0009,2026-03-24,15:25:58,2100,mob
SVP04993,SV100007,SVC0009,2026-03-24,15:26:58,2160,mob
SVP04994,SV100007,SVC0009,2026-03-24,15:27:58,2220,mob
SVP04995,SV100007,SVC0009,2026-03-24,15:28:58,2280,mob
SVP04996,SV100007,SVC0009,2026-03-24,15:29:58,2340,mob
SVP04997,SV100007,SVC0009,2026-03-24,15:30:58,2400,mob
SVP04998,SV100007,SVC0009,2026-03-24,15:31:58,2460,mob
SVP04999,SV100007,SVC0009,2026-03-24,15:32:58,2520,mob
SVP05000,SV100007,SVC0009,2026-03-24,15:33:58,2580,mob
SVP05001,SV100007,SVC0009,2026-03-24,15:34:58,2640,mob
SVP05002,SV100007,SVC0009,2026-03-24,15:35:58,2700,mob
SVP05003,SV100007,SVC0009,2026-03-24,15:36:58,2760,mob
SVP05004,SV100007,SVC0009,2026-03-24,15:37:58,2820,mob
SVP05005,SV100007,SVC0009,2026-03-24,15:38:58,2880,mob
SVP05006,SV100007,SVC0009,2026-03-24,15:39:58,2940,mob
SVP05007,SV100007,SVC0009,2026-03-24,15:41:58,3060,mob
SVP05008,SV100007,SVC0009,2026-03-24,15:42:58,3120,mob
SVP05009,SV100007,SVC0009,2026-03-24,15:43:58,3180,mob
SVP05010,SV100007,SVC0009,2026-03-24,15:44:58,3240,mob
SVP05011,SV100007,SVC0009,2026-03-24,15:45:58,3300,mob
SVP05012,SV100007,SVC0009,2026-03-24,15:46:58,3360,mob
SVP05013,SV100007,SVC0009,2026-03-24,15:47:58,3420,mob
SVP05014,SV100007,SVC0009,2026-03-24,15:48:58,3480,mob
SVP05015,SV100007,SVC0009,2026-03-24,15:49:58,3540,mob
SVP05016,SV100007,SVC0009,2026-03-24,15:50:58,3600,mob
SVP05017,SV100007,SVC0009,2026-03-24,15:51:58,3660,mob
SVP05018,SV100007,SVC0009,2026-03-24,15:52:58,3720,mob
SVP05019,SV100007,SVC0009,2026-03-24,15:53:58,3780,mob
SVP05020,SV100007,SVC0009,2026-03-24,15:54:58,3840,mob
SVP05021,SV100007,SVC0009,2026-03-24,15:55:58,3900,mob
SVP05022,SV100007,SVC0009,2026-03-24,15:57:58,4020,mob
SVP05023,SV100007,SVC0009,2026-03-24,15:58:58,4080,mob
SVP05024,SV100007,SVC0009,2026-03-24,15:59:58,4140,mob
SVP05025,SV100007,SVC0009,2026-03-24,16:00:58,4200,mob
SVP05026,SV100007,SVC0009,2026-03-24,16:01:58,4260,mob
SVP05027,SV100007,SVC0009,2026-03-24,16:02:58,4320,mob
SVP05028,SV100007,SVC0009,2026-03-24,16:03:58,4380,mob
SVP05029,SV100007,SVC0009,2026-03-24,16:05:58,4500,mob
SVP05030,SV100007,SVC0009,2026-03-24,16:06:58,4560,mob
SVP05031,SV100007,SVC0009,2026-03-24,16:07:58,4620,mob
SVP05032,SV100007,SVC0009,2026-03-24,16:08:58,4680,mob
SVP05033,SV100007,SVC0009,2026-03-24,16:09:58,4740,mob
SVP05034,SV100007,SVC0009,2026-03-24,16:11:58,4860,mob
SVP05035,SV100007,SVC0009,2026-03-24,16:12:58,4920,mob
SVP05036,SV100007,SVC0009,2026-03-24,16:13:58,4980,mob
SVP05037,SV100007,SVC0009,2026-03-24,16:15:58,5100,mob
SVP05038,SV100007,SVC0009,2026-03-24,16:17:58,5220,mob
SVP05039,SV100007,SVC0009,2026-03-24,16:18:58,5280,mob
SVP05040,SV100007,SVC0009,2026-03-24,16:19:58,5340,mob
SVP05041,SV100007,SVC0009,2026-03-24,16:20:58,5400,mob
SVP05042,SV100007,SVC0009,2026-03-24,16:21:58,5460,mob
SVP05043,SV100007,SVC0009,2026-03-24,16:22:58,5520,mob
SVP05044,SV100007,SVC0009,2026-03-24,16:23:58,5580,mob
SVP05045,SV100007,SVC0009,2026-03-24,16:24:58,5640,mob
SVP05046,SV100007,SVC0009,2026-03-24,16:25:58,5700,mob
SVP05047,SV100007,SVC0009,2026-03-24,16:26:58,5760,mob
SVP05048,SV100007,SVC0009,2026-03-24,16:27:58,5820,mob
SVP05049,SV100007,SVC0009,2026-03-24,16:28:58,5880,mob
SVP05050,SV100007,SVC0009,2026-03-24,16:29:58,5940,mob
SVP05051,SV100007,SVC0009,2026-03-24,16:30:58,6000,mob
SVP05052,SV100007,SVC0009,2026-03-24,16:31:58,6060,mob
SVP05053,SV100007,SVC0009,2026-03-24,16:32:58,6120,mob
SVP05054,SV100007,SVC0009,2026-03-24,16:33:58,6180,mob
SVP05055,SV100007,SVC0009,2026-03-24,16:34:58,6240,mob
SVP05056,SV100007,SVC0009,2026-03-24,16:35:58,6300,mob
SVP05057,SV100007,SVC0009,2026-03-24,16:36:58,6360,mob
SVP05058,SV100007,SVC0009,2026-03-24,16:37:58,6420,mob
SVP05059,SV100007,SVC0009,2026-03-24,16:38:58,6480,mob
SVP05060,SV100007,SVC0009,2026-03-24,16:39:58,6540,mob
SVP05061,SV100007,SVC0009,2026-03-24,16:40:58,6600,mob
SVP05062,SV100007,SVC0009,2026-03-24,16:41:58,6660,mob
SVP05063,SV100007,SVC0009,2026-03-24,16:42:58,6720,mob
SVP05064,SV100007,SVC0009,2026-03-24,16:43:58,6780,mob
SVP05065,SV100007,SVC0009,2026-03-24,16:44:58,6840,mob
SVP05066,SV100007,SVC0009,2026-03-24,16:45:58,6900,mob
SVP05067,SV100007,SVC0009,2026-03-24,16:46:58,6960,mob
SVP05068,SV100007,SVC0009,2026-03-24,16:47:58,7020,mob
SVP05069,SV100007,SVC0009,2026-03-24,16:48:58,7080,mob
SVP05070,SV100007,SVC0009,2026-03-24,16:49:58,7140,mob
SVP05071,SV100007,SVC0009,2026-03-24,16:51:58,7260,mob
SVP05072,SV100007,SVC0009,2026-03-24,16:52:58,7320,mob
SVP05073,SV100007,SVC0009,2026-03-24,16:53:58,7380,mob
SVP05074,SV100007,SVC0009,2026-03-24,16:55:58,7500,mob
SVP05075,SV100007,SVC0009,2026-03-24,16:56:58,7560,mob
SVP05076,SV100007,SVC0009,2026-03-24,16:57:58,7620,mob
SVP05077,SV100007,SVC0009,2026-03-24,16:58:58,7680,mob
SVP05078,SV100007,SVC0009,2026-03-24,16:59:58,7740,mob
SVP05079,SV100007,SVC0009,2026-03-24,17:00:58,7800,mob
SVP05080,SV100007,SVC0009,2026-03-24,17:01:58,7860,mob
SVP05081,SV100007,SVC0009,2026-03-24,17:02:58,7920,mob
SVP05082,SV100007,SVC0009,2026-03-24,17:03:26,7948,mob
SVP05083,SV100015,SVC0011,2026-03-24,17:25:20,0,stb
SVP05084,SV100015,SVC0011,2026-03-24,17:26:20,60,stb
SVP05085,SV100015,SVC0011,2026-03-24,17:27:20,120,stb
SVP05086,SV100015,SVC0011,2026-03-24,17:28:20,180,stb
SVP05087,SV100015,SVC0011,2026-03-24,17:29:20,240,stb
SVP05088,SV100015,SVC0011,2026-03-24,17:30:20,300,stb
SVP05089,SV100015,SVC0011,2026-03-24,17:31:20,360,stb
SVP05090,SV100015,SVC0011,2026-03-24,17:32:20,420,stb
SVP05091,SV100015,SVC0011,2026-03-24,17:33:20,480,stb
SVP05092,SV100015,SVC0011,2026-03-24,17:34:20,540,stb
SVP05093,SV100015,SVC0011,2026-03-24,17:35:20,600,stb
SVP05094,SV100015,SVC0011,2026-03-24,17:36:20,660,stb
SVP05095,SV100015,SVC0011,2026-03-24,17:37:20,720,stb
SVP05096,SV100015,SVC0011,2026-03-24,17:38:20,780,stb
SVP05097,SV100015,SVC0011,2026-03-24,17:39:20,840,stb
SVP05098,SV100015,SVC0011,2026-03-24,17:40:20,900,stb
SVP05099,SV100015,SVC0011,2026-03-24,17:41:20,960,stb
SVP05100,SV100015,SVC0011,2026-03-24,17:42:20,1020,stb
SVP05101,SV100015,SVC0011,2026-03-24,17:44:20,1140,stb
SVP05102,SV100015,SVC0011,2026-03-24,17:45:20,1200,stb
SVP05103,SV100015,SVC0011,2026-03-24,17:47:20,1320,stb
SVP05104,SV100015,SVC0011,2026-03-24,17:49:20,1440,stb
SVP05105,SV100015,SVC0011,2026-03-24,17:50:20,1500,stb
SVP05106,SV100015,SVC0011,2026-03-24,17:51:20,1560,stb
SVP05107,SV100015,SVC0011,2026-03-24,17:53:20,1680,stb
SVP05108,SV100015,SVC0011,2026-03-24,17:54:20,1740,stb
SVP05109,SV100015,SVC0011,2026-03-24,17:55:20,1800,stb
SVP05110,SV100015,SVC0011,2026-03-24,17:56:20,1860,stb
SVP05111,SV100015,SVC0011,2026-03-24,17:58:20,1980,stb
SVP05112,SV100015,SVC0011,2026-03-24,17:59:20,2040,stb
SVP05113,SV100015,SVC0011,2026-03-24,18:00:20,2100,stb
SVP05114,SV100015,SVC0011,2026-03-24,18:01:20,2160,stb
SVP05115,SV100015,SVC0011,2026-03-24,18:02:20,2220,stb
SVP05116,SV100015,SVC0011,2026-03-24,18:04:20,2340,stb
SVP05117,SV100015,SVC0011,2026-03-24,18:05:20,2400,stb
SVP05118,SV100015,SVC0011,2026-03-24,18:06:20,2460,stb
SVP05119,SV100015,SVC0011,2026-03-24,18:08:20,2580,stb
SVP05120,SV100015,SVC0011,2026-03-24,18:09:20,2640,stb
SVP05121,SV100015,SVC0011,2026-03-24,18:10:20,2700,stb
SVP05122,SV100015,SVC0011,2026-03-24,18:10:26,2706,stb
SVP05123,SV100022,SVC0001,2026-03-28,18:53:08,0,mob
SVP05124,SV100022,SVC0001,2026-03-28,18:54:08,60,mob
SVP05125,SV100022,SVC0001,2026-03-28,18:55:08,120,mob
SVP05126,SV100022,SVC0001,2026-03-28,18:56:08,180,mob
SVP05127,SV100022,SVC0001,2026-03-28,18:57:08,240,mob
SVP05128,SV100022,SVC0001,2026-03-28,18:58:08,300,mob
SVP05129,SV100022,SVC0001,2026-03-28,18:59:08,360,mob
SVP05130,SV100022,SVC0001,2026-03-28,19:00:08,420,mob
SVP05131,SV100022,SVC0001,2026-03-28,19:01:08,480,mob
SVP05132,SV100022,SVC0001,2026-03-28,19:02:08,540,mob
SVP05133,SV100022,SVC0001,2026-03-28,19:03:08,600,mob
SVP05134,SV100022,SVC0001,2026-03-28,19:04:08,660,mob
SVP05135,SV100022,SVC0001,2026-03-28,19:05:08,720,mob
SVP05136,SV100022,SVC0001,2026-03-28,19:06:08,780,mob
SVP05137,SV100022,SVC0001,2026-03-28,19:07:08,840,mob
SVP05138,SV100022,SVC0001,2026-03-28,19:08:08,900,mob
SVP05139,SV100022,SVC0001,2026-03-28,19:09:08,960,mob
SVP05140,SV100022,SVC0001,2026-03-28,19:10:08,1020,mob
SVP05141,SV100022,SVC0001,2026-03-28,19:11:08,1080,mob
SVP05142,SV100022,SVC0001,2026-03-28,19:12:08,1140,mob
SVP05143,SV100022,SVC0001,2026-03-28,19:13:08,1200,mob
SVP05144,SV100022,SVC0001,2026-03-28,19:14:08,1260,mob
SVP05145,SV100022,SVC0001,2026-03-28,19:15:08,1320,mob
SVP05146,SV100022,SVC0001,2026-03-28,19:16:08,1380,mob
SVP05147,SV100022,SVC0001,2026-03-28,19:17:08,1440,mob
SVP05148,SV100022,SVC0001,2026-03-28,19:19:08,1560,mob
SVP05149,SV100022,SVC0001,2026-03-28,19:20:29,1641,mob
SVP05150,SV100018,SVC0009,2026-03-29,13:28:43,0,stb
SVP05151,SV100018,SVC0009,2026-03-29,13:29:43,60,stb
SVP05152,SV100018,SVC0009,2026-03-29,13:30:43,120,stb
SVP05153,SV100018,SVC0009,2026-03-29,13:31:43,180,stb
SVP05154,SV100018,SVC0009,2026-03-29,13:32:43,240,stb
SVP05155,SV100018,SVC0009,2026-03-29,13:33:43,300,stb
SVP05156,SV100018,SVC0009,2026-03-29,13:34:43,360,stb
SVP05157,SV100018,SVC0009,2026-03-29,13:35:43,420,stb
SVP05158,SV100018,SVC0009,2026-03-29,13:36:42,479,stb
SVP05159,SV100017,SVC0003,2026-03-30,14:49:54,0,mob
SVP05160,SV100017,SVC0003,2026-03-30,14:50:54,60,mob
SVP05161,SV100017,SVC0003,2026-03-30,14:51:54,120,mob
SVP05162,SV100017,SVC0003,2026-03-30,14:53:54,240,mob
SVP05163,SV100017,SVC0003,2026-03-30,14:55:54,360,mob
SVP05164,SV100017,SVC0003,2026-03-30,14:56:54,420,mob
SVP05165,SV100017,SVC0003,2026-03-30,14:57:54,480,mob
SVP05166,SV100017,SVC0003,2026-03-30,14:58:54,540,mob
SVP05167,SV100017,SVC0003,2026-03-30,15:00:54,660,mob
SVP05168,SV100017,SVC0003,2026-03-30,15:01:54,720,mob
SVP05169,SV100017,SVC0003,2026-03-30,15:02:54,780,mob
SVP05170,SV100017,SVC0003,2026-03-30,15:03:54,840,mob
SVP05171,SV100017,SVC0003,2026-03-30,15:04:54,900,mob
SVP05172,SV100017,SVC0003,2026-03-30,15:05:54,960,mob
SVP05173,SV100017,SVC0003,2026-03-30,15:06:54,1020,mob
SVP05174,SV100017,SVC0003,2026-03-30,15:07:54,1080,mob
SVP05175,SV100017,SVC0003,2026-03-30,15:09:54,1200,mob
SVP05176,SV100017,SVC0003,2026-03-30,15:10:54,1260,mob
SVP05177,SV100017,SVC0003,2026-03-30,15:11:54,1320,mob
SVP05178,SV100017,SVC0003,2026-03-30,15:12:54,1380,mob
SVP05179,SV100017,SVC0003,2026-03-30,15:13:54,1440,mob
SVP05180,SV100017,SVC0003,2026-03-30,15:14:54,1500,mob
SVP05181,SV100017,SVC0003,2026-03-30,15:15:54,1560,mob
SVP05182,SV100017,SVC0003,2026-03-30,15:16:54,1620,mob
SVP05183,SV100017,SVC0003,2026-03-30,15:17:54,1680,mob
SVP05184,SV100017,SVC0003,2026-03-30,15:18:43,1729,mob
SVP05185,SV100022,SVC0015,2026-03-31,13:14:05,0,tab
SVP05186,SV100022,SVC0015,2026-03-31,13:15:05,60,tab
SVP05187,SV100022,SVC0015,2026-03-31,13:16:05,120,tab
SVP05188,SV100022,SVC0015,2026-03-31,13:18:05,240,tab
SVP05189,SV100022,SVC0015,2026-03-31,13:19:05,300,tab
SVP05190,SV100022,SVC0015,2026-03-31,13:20:05,360,tab
SVP05191,SV100022,SVC0015,2026-03-31,13:21:05,420,tab
SVP05192,SV100022,SVC0015,2026-03-31,13:22:05,480,tab
SVP05193,SV100022,SVC0015,2026-03-31,13:22:38,513,tab
SVP05194,SV100019,SVC0005,2026-03-31,13:48:41,0,tab
SVP05195,SV100019,SVC0005,2026-03-31,13:50:41,120,tab
SVP05196,SV100019,SVC0005,2026-03-31,13:51:41,180,tab
SVP05197,SV100019,SVC0005,2026-03-31,13:52:41,240,tab
SVP05198,SV100019,SVC0005,2026-03-31,13:53:41,300,tab
SVP05199,SV100019,SVC0005,2026-03-31,13:54:41,360,tab
SVP05200,SV100019,SVC0005,2026-03-31,13:55:41,420,tab
SVP05201,SV100019,SVC0005,2026-03-31,13:56:41,480,tab
SVP05202,SV100019,SVC0005,2026-03-31,13:57:41,540,tab
SVP05203,SV100019,SVC0005,2026-03-31,13:58:41,600,tab
SVP05204,SV100019,SVC0005,2026-03-31,13:59:41,660,tab
SVP05205,SV100019,SVC0005,2026-03-31,14:00:41,720,tab
SVP05206,SV100019,SVC0005,2026-03-31,14:01:41,780,tab
SVP05207,SV100019,SVC0005,2026-03-31,14:02:41,840,tab
SVP05208,SV100019,SVC0005,2026-03-31,14:03:41,900,tab
SVP05209,SV100019,SVC0005,2026-03-31,14:04:41,960,tab
SVP05210,SV100019,SVC0005,2026-03-31,14:05:41,1020,tab
SVP05211,SV100019,SVC0005,2026-03-31,14:06:41,1080,tab
SVP05212,SV100019,SVC0005,2026-03-31,14:07:41,1140,tab
SVP05213,SV100019,SVC0005,2026-03-31,14:08:41,1200,tab
SVP05214,SV100019,SVC0005,2026-03-31,14:09:41,1260,tab
SVP05215,SV100019,SVC0005,2026-03-31,14:11:41,1380,tab
SVP05216,SV100019,SVC0005,2026-03-31,14:12:41,1440,tab
SVP05217,SV100019,SVC0005,2026-03-31,14:13:41,1500,tab
SVP05218,SV100019,SVC0005,2026-03-31,14:14:41,1560,tab
SVP05219,SV100019,SVC0005,2026-03-31,14:15:41,1620,tab
SVP05220,SV100019,SVC0005,2026-03-31,14:16:41,1680,tab
SVP05221,SV100019,SVC0005,2026-03-31,14:17:41,1740,tab
SVP05222,SV100019,SVC0005,2026-03-31,14:18:41,1800,tab
SVP05223,SV100019,SVC0005,2026-03-31,14:19:41,1860,tab
SVP05224,SV100019,SVC0005,2026-03-31,14:21:41,1980,tab
SVP05225,SV100019,SVC0005,2026-03-31,14:22:41,2040,tab
SVP05226,SV100019,SVC0005,2026-03-31,14:23:41,2100,tab
SVP05227,SV100019,SVC0005,2026-03-31,14:24:41,2160,tab
SVP05228,SV100019,SVC0005,2026-03-31,14:25:41,2220,tab
SVP05229,SV100019,SVC0005,2026-03-31,14:26:41,2280,tab
SVP05230,SV100019,SVC0005,2026-03-31,14:27:41,2340,tab
SVP05231,SV100019,SVC0005,2026-03-31,14:28:41,2400,tab
SVP05232,SV100019,SVC0005,2026-03-31,14:29:41,2460,tab
SVP05233,SV100019,SVC0005,2026-03-31,14:30:41,2520,tab
SVP05234,SV100019,SVC0005,2026-03-31,14:31:41,2580,tab
SVP05235,SV100019,SVC0005,2026-03-31,14:32:41,2640,tab
SVP05236,SV100019,SVC0005,2026-03-31,14:33:41,2700,tab
SVP05237,SV100019,SVC0005,2026-03-31,14:34:41,2760,tab
SVP05238,SV100019,SVC0005,2026-03-31,14:35:41,2820,tab
SVP05239,SV100019,SVC0005,2026-03-31,14:36:41,2880,tab
SVP05240,SV100019,SVC0005,2026-03-31,14:37:41,2940,tab
SVP05241,SV100019,SVC0005,2026-03-31,14:38:41,3000,tab
SVP05242,SV100019,SVC0005,2026-03-31,14:40:41,3120,tab
SVP05243,SV100019,SVC0005,2026-03-31,14:41:41,3180,tab
SVP05244,SV100019,SVC0005,2026-03-31,14:42:41,3240,tab
SVP05245,SV100019,SVC0005,2026-03-31,14:43:41,3300,tab
SVP05246,SV100019,SVC0005,2026-03-31,14:45:41,3420,tab
SVP05247,SV100019,SVC0005,2026-03-31,14:46:41,3480,tab
SVP05248,SV100019,SVC0005,2026-03-31,14:47:41,3540,tab
SVP05249,SV100019,SVC0005,2026-03-31,14:48:41,3600,tab
SVP05250,SV100019,SVC0005,2026-03-31,14:49:41,3660,tab
SVP05251,SV100019,SVC0005,2026-03-31,14:50:41,3720,tab
SVP05252,SV100019,SVC0005,2026-03-31,14:51:41,3780,tab
SVP05253,SV100019,SVC0005,2026-03-31,14:52:41,3840,tab
SVP05254,SV100019,SVC0005,2026-03-31,14:53:41,3900,tab
SVP05255,SV100019,SVC0005,2026-03-31,14:54:41,3960,tab
SVP05256,SV100019,SVC0005,2026-03-31,14:55:41,4020,tab
SVP05257,SV100019,SVC0005,2026-03-31,14:56:41,4080,tab
SVP05258,SV100019,SVC0005,2026-03-31,14:57:41,4140,tab
SVP05259,SV100019,SVC0005,2026-03-31,14:58:41,4200,tab
SVP05260,SV100019,SVC0005,2026-03-31,14:59:41,4260,tab
SVP05261,SV100019,SVC0005,2026-03-31,15:00:41,4320,tab
SVP05262,SV100019,SVC0005,2026-03-31,15:01:41,4380,tab
SVP05263,SV100019,SVC0005,2026-03-31,15:02:41,4440,tab
SVP05264,SV100019,SVC0005,2026-03-31,15:03:41,4500,tab
SVP05265,SV100019,SVC0005,2026-03-31,15:04:41,4560,tab
SVP05266,SV100019,SVC0005,2026-03-31,15:05:41,4620,tab
SVP05267,SV100019,SVC0005,2026-03-31,15:06:41,4680,tab
SVP05268,SV100019,SVC0005,2026-03-31,15:07:41,4740,tab
SVP05269,SV100019,SVC0005,2026-03-31,15:08:41,4800,tab
SVP05270,SV100019,SVC0005,2026-03-31,15:09:41,4860,tab
SVP05271,SV100019,SVC0005,2026-03-31,15:10:41,4920,tab
SVP05272,SV100019,SVC0005,2026-03-31,15:11:41,4980,tab
SVP05273,SV100019,SVC0005,2026-03-31,15:12:41,5040,tab
SVP05274,SV100019,SVC0005,2026-03-31,15:13:41,5100,tab
SVP05275,SV100019,SVC0005,2026-03-31,15:14:41,5160,tab
SVP05276,SV100019,SVC0005,2026-03-31,15:15:41,5220,tab
SVP05277,SV100019,SVC0005,2026-03-31,15:16:41,5280,tab
SVP05278,SV100019,SVC0005,2026-03-31,15:17:41,5340,tab
SVP05279,SV100019,SVC0005,2026-03-31,15:18:41,5400,tab
SVP05280,SV100019,SVC0005,2026-03-31,15:19:41,5460,tab
SVP05281,SV100019,SVC0005,2026-03-31,15:20:41,5520,tab
SVP05282,SV100019,SVC0005,2026-03-31,15:21:41,5580,tab
SVP05283,SV100019,SVC0005,2026-03-31,15:22:41,5640,tab
SVP05284,SV100019,SVC0005,2026-03-31,15:23:41,5700,tab
SVP05285,SV100019,SVC0005,2026-03-31,15:24:41,5760,tab
SVP05286,SV100019,SVC0005,2026-03-31,15:25:41,5820,tab
SVP05287,SV100019,SVC0005,2026-03-31,15:26:41,5880,tab
SVP05288,SV100019,SVC0005,2026-03-31,15:27:41,5940,tab
SVP05289,SV100019,SVC0005,2026-03-31,15:28:41,6000,tab
SVP05290,SV100019,SVC0005,2026-03-31,15:29:41,6060,tab
SVP05291,SV100019,SVC0005,2026-03-31,15:30:41,6120,tab
SVP05292,SV100019,SVC0005,2026-03-31,15:31:41,6180,tab
SVP05293,SV100019,SVC0005,2026-03-31,15:32:41,6240,tab
SVP05294,SV100019,SVC0005,2026-03-31,15:33:41,6300,tab
SVP05295,SV100019,SVC0005,2026-03-31,15:34:41,6360,tab
SVP05296,SV100019,SVC0005,2026-03-31,15:35:41,6420,tab
SVP05297,SV100019,SVC0005,2026-03-31,15:36:41,6480,tab
SVP05298,SV100019,SVC0005,2026-03-31,15:37:41,6540,tab
SVP05299,SV100019,SVC0005,2026-03-31,15:39:41,6660,tab
SVP05300,SV100019,SVC0005,2026-03-31,15:40:41,6720,tab
SVP05301,SV100019,SVC0005,2026-03-31,15:41:41,6780,tab
SVP05302,SV100019,SVC0005,2026-03-31,15:42:41,6840,tab
SVP05303,SV100019,SVC0005,2026-03-31,15:43:41,6900,tab
SVP05304,SV100019,SVC0005,2026-03-31,15:44:41,6960,tab
SVP05305,SV100019,SVC0005,2026-03-31,15:45:41,7020,tab
SVP05306,SV100019,SVC0005,2026-03-31,15:46:41,7080,tab
SVP05307,SV100019,SVC0005,2026-03-31,15:47:41,7140,tab
SVP05308,SV100019,SVC0005,2026-03-31,15:48:41,7200,tab
SVP05309,SV100019,SVC0005,2026-03-31,15:49:41,7260,tab
SVP05310,SV100019,SVC0005,2026-03-31,15:50:41,7320,tab
SVP05311,SV100019,SVC0005,2026-03-31,15:51:41,7380,tab
SVP05312,SV100019,SVC0005,2026-03-31,15:52:41,7440,tab
SVP05313,SV100019,SVC0005,2026-03-31,15:53:41,7500,tab
SVP05314,SV100019,SVC0005,2026-03-31,15:54:41,7560,tab
SVP05315,SV100019,SVC0005,2026-03-31,15:55:41,7620,tab
SVP05316,SV100019,SVC0005,2026-03-31,15:56:41,7680,tab
SVP05317,SV100019,SVC0005,2026-03-31,15:58:41,7800,tab
SVP05318,SV100019,SVC0005,2026-03-31,15:59:41,7860,tab
SVP05319,SV100019,SVC0005,2026-03-31,16:00:41,7920,tab
SVP05320,SV100019,SVC0005,2026-03-31,16:01:41,7980,tab
SVP05321,SV100019,SVC0005,2026-03-31,16:02:41,8040,tab
SVP05322,SV100019,SVC0005,2026-03-31,16:03:41,8100,tab
SVP05323,SV100019,SVC0005,2026-03-31,16:04:41,8160,tab
SVP05324,SV100019,SVC0005,2026-03-31,16:05:47,8226,tab
SVP05325,SV100016,SVC0004,2026-04-01,23:08:06,0,stb
SVP05326,SV100016,SVC0004,2026-04-01,23:09:06,60,stb
SVP05327,SV100016,SVC0004,2026-04-01,23:10:06,120,stb
SVP05328,SV100016,SVC0004,2026-04-01,23:11:06,180,stb
SVP05329,SV100016,SVC0004,2026-04-01,23:12:06,240,stb
SVP05330,SV100016,SVC0004,2026-04-01,23:13:06,300,stb
SVP05331,SV100016,SVC0004,2026-04-01,23:14:06,360,stb
SVP05332,SV100016,SVC0004,2026-04-01,23:15:06,420,stb
SVP05333,SV100016,SVC0004,2026-04-01,23:16:06,480,stb
SVP05334,SV100016,SVC0004,2026-04-01,23:17:06,540,stb
SVP05335,SV100016,SVC0004,2026-04-01,23:18:06,600,stb
SVP05336,SV100016,SVC0004,2026-04-01,23:20:06,720,stb
SVP05337,SV100016,SVC0004,2026-04-01,23:21:06,780,stb
SVP05338,SV100016,SVC0004,2026-04-01,23:22:06,840,stb
SVP05339,SV100016,SVC0004,2026-04-01,23:23:06,900,stb
SVP05340,SV100016,SVC0004,2026-04-01,23:24:06,960,stb
SVP05341,SV100016,SVC0004,2026-04-01,23:25:06,1020,stb
SVP05342,SV100016,SVC0004,2026-04-01,23:26:06,1080,stb
SVP05343,SV100016,SVC0004,2026-04-01,23:27:06,1140,stb
SVP05344,SV100016,SVC0004,2026-04-01,23:28:06,1200,stb
SVP05345,SV100016,SVC0004,2026-04-01,23:29:06,1260,stb
SVP05346,SV100016,SVC0004,2026-04-01,23:30:06,1320,stb
SVP05347,SV100016,SVC0004,2026-04-01,23:31:06,1380,stb
SVP05348,SV100016,SVC0004,2026-04-01,23:32:06,1440,stb
SVP05349,SV100016,SVC0004,2026-04-01,23:33:06,1500,stb
SVP05350,SV100016,SVC0004,2026-04-01,23:34:06,1560,stb
SVP05351,SV100016,SVC0004,2026-04-01,23:35:06,1620,stb
SVP05352,SV100016,SVC0004,2026-04-01,23:36:06,1680,stb
SVP05353,SV100016,SVC0004,2026-04-01,23:36:45,1719,stb
SVP05354,SV100025,SVC0015,2026-04-04,22:31:37,0,mob
SVP05355,SV100025,SVC0015,2026-04-04,22:32:37,60,mob
SVP05356,SV100025,SVC0015,2026-04-04,22:33:37,120,mob
SVP05357,SV100025,SVC0015,2026-04-04,22:34:37,180,mob
SVP05358,SV100025,SVC0015,2026-04-04,22:35:37,240,mob
SVP05359,SV100025,SVC0015,2026-04-04,22:36:37,300,mob
SVP05360,SV100025,SVC0015,2026-04-04,22:37:37,360,mob
SVP05361,SV100025,SVC0015,2026-04-04,22:38:37,420,mob
SVP05362,SV100025,SVC0015,2026-04-04,22:39:37,480,mob
SVP05363,SV100025,SVC0015,2026-04-04,22:40:37,540,mob
SVP05364,SV100025,SVC0015,2026-04-04,22:41:37,600,mob
SVP05365,SV100025,SVC0015,2026-04-04,22:42:37,660,mob
SVP05366,SV100025,SVC0015,2026-04-04,22:43:37,720,mob
SVP05367,SV100025,SVC0015,2026-04-04,22:44:37,780,mob
SVP05368,SV100025,SVC0015,2026-04-04,22:45:37,840,mob
SVP05369,SV100025,SVC0015,2026-04-04,22:47:37,960,mob
SVP05370,SV100025,SVC0015,2026-04-04,22:48:37,1020,mob
SVP05371,SV100025,SVC0015,2026-04-04,22:49:37,1080,mob
SVP05372,SV100025,SVC0015,2026-04-04,22:50:37,1140,mob
SVP05373,SV100025,SVC0015,2026-04-04,22:51:37,1200,mob
SVP05374,SV100025,SVC0015,2026-04-04,22:52:37,1260,mob
SVP05375,SV100025,SVC0015,2026-04-04,22:53:37,1320,mob
SVP05376,SV100025,SVC0015,2026-04-04,22:54:37,1380,mob
SVP05377,SV100025,SVC0015,2026-04-04,22:55:37,1440,mob
SVP05378,SV100025,SVC0015,2026-04-04,22:57:37,1560,mob
SVP05379,SV100025,SVC0015,2026-04-04,22:57:47,1570,mob
SVP05380,SV100017,SVC0015,2026-04-05,00:48:43,0,mob
SVP05381,SV100017,SVC0015,2026-04-05,00:49:43,60,mob
SVP05382,SV100017,SVC0015,2026-04-05,00:50:43,120,mob
SVP05383,SV100017,SVC0015,2026-04-05,00:51:43,180,mob
SVP05384,SV100017,SVC0015,2026-04-05,00:52:43,240,mob
SVP05385,SV100017,SVC0015,2026-04-05,00:53:43,300,mob
SVP05386,SV100017,SVC0015,2026-04-05,00:54:43,360,mob
SVP05387,SV100017,SVC0015,2026-04-05,00:55:43,420,mob
SVP05388,SV100017,SVC0015,2026-04-05,00:56:43,480,mob
SVP05389,SV100017,SVC0015,2026-04-05,00:57:43,540,mob
SVP05390,SV100017,SVC0015,2026-04-05,00:58:43,600,mob
SVP05391,SV100017,SVC0015,2026-04-05,00:59:43,660,mob
SVP05392,SV100017,SVC0015,2026-04-05,01:00:43,720,mob
SVP05393,SV100017,SVC0015,2026-04-05,01:01:43,780,mob
SVP05394,SV100017,SVC0015,2026-04-05,01:02:43,840,mob
SVP05395,SV100017,SVC0015,2026-04-05,01:03:43,900,mob
SVP05396,SV100017,SVC0015,2026-04-05,01:04:43,960,mob
SVP05397,SV100017,SVC0015,2026-04-05,01:05:43,1020,mob
SVP05398,SV100017,SVC0015,2026-04-05,01:06:43,1080,mob
SVP05399,SV100017,SVC0015,2026-04-05,01:07:43,1140,mob
SVP05400,SV100017,SVC0015,2026-04-05,01:08:43,1200,mob
SVP05401,SV100017,SVC0015,2026-04-05,01:09:43,1260,mob
SVP05402,SV100017,SVC0015,2026-04-05,01:10:43,1320,mob
SVP05403,SV100017,SVC0015,2026-04-05,01:11:43,1380,mob
SVP05404,SV100017,SVC0015,2026-04-05,01:12:43,1440,mob
SVP05405,SV100017,SVC0015,2026-04-05,01:13:43,1500,mob
SVP05406,SV100017,SVC0015,2026-04-05,01:14:43,1560,mob
SVP05407,SV100017,SVC0015,2026-04-05,01:15:43,1620,mob
SVP05408,SV100017,SVC0015,2026-04-05,01:16:43,1680,mob
SVP05409,SV100017,SVC0015,2026-04-05,01:17:43,1740,mob
SVP05410,SV100017,SVC0015,2026-04-05,01:18:43,1800,mob
SVP05411,SV100017,SVC0015,2026-04-05,01:19:43,1860,mob
SVP05412,SV100017,SVC0015,2026-04-05,01:20:43,1920,mob
SVP05413,SV100017,SVC0015,2026-04-05,01:21:43,1980,mob
SVP05414,SV100017,SVC0015,2026-04-05,01:22:43,2040,mob
SVP05415,SV100017,SVC0015,2026-04-05,01:23:03,2060,mob
SVP05416,SV100023,SVC0020,2026-04-05,08:15:10,0,stb
SVP05417,SV100023,SVC0020,2026-04-05,08:16:10,60,stb
SVP05418,SV100023,SVC0020,2026-04-05,08:17:10,120,stb
SVP05419,SV100023,SVC0020,2026-04-05,08:18:10,180,stb
SVP05420,SV100023,SVC0020,2026-04-05,08:19:10,240,stb
SVP05421,SV100023,SVC0020,2026-04-05,08:21:10,360,stb
SVP05422,SV100023,SVC0020,2026-04-05,08:22:10,420,stb
SVP05423,SV100023,SVC0020,2026-04-05,08:23:10,480,stb
SVP05424,SV100023,SVC0020,2026-04-05,08:24:10,540,stb
SVP05425,SV100023,SVC0020,2026-04-05,08:25:10,600,stb
SVP05426,SV100023,SVC0020,2026-04-05,08:26:10,660,stb
SVP05427,SV100023,SVC0020,2026-04-05,08:27:10,720,stb
SVP05428,SV100023,SVC0020,2026-04-05,08:28:10,780,stb
SVP05429,SV100023,SVC0020,2026-04-05,08:29:10,840,stb
SVP05430,SV100023,SVC0020,2026-04-05,08:30:10,900,stb
SVP05431,SV100023,SVC0020,2026-04-05,08:31:10,960,stb
SVP05432,SV100023,SVC0020,2026-04-05,08:32:10,1020,stb
SVP05433,SV100023,SVC0020,2026-04-05,08:33:10,1080,stb
SVP05434,SV100023,SVC0020,2026-04-05,08:34:10,1140,stb
SVP05435,SV100023,SVC0020,2026-04-05,08:35:10,1200,stb
SVP05436,SV100023,SVC0020,2026-04-05,08:36:10,1260,stb
SVP05437,SV100023,SVC0020,2026-04-05,08:37:10,1320,stb
SVP05438,SV100023,SVC0020,2026-04-05,08:38:10,1380,stb
SVP05439,SV100023,SVC0020,2026-04-05,08:39:10,1440,stb
SVP05440,SV100023,SVC0020,2026-04-05,08:40:10,1500,stb
SVP05441,SV100023,SVC0020,2026-04-05,08:40:34,1524,stb
SVP05442,SV100007,SVC0019,2026-04-11,13:10:45,0,tab
SVP05443,SV100007,SVC0019,2026-04-11,13:11:45,60,tab
SVP05444,SV100007,SVC0019,2026-04-11,13:12:45,120,tab
SVP05445,SV100007,SVC0019,2026-04-11,13:14:45,240,tab
SVP05446,SV100007,SVC0019,2026-04-11,13:15:45,300,tab
SVP05447,SV100007,SVC0019,2026-04-11,13:16:45,360,tab
SVP05448,SV100007,SVC0019,2026-04-11,13:17:45,420,tab
SVP05449,SV100007,SVC0019,2026-04-11,13:18:45,480,tab
SVP05450,SV100007,SVC0019,2026-04-11,13:19:45,540,tab
SVP05451,SV100007,SVC0019,2026-04-11,13:20:45,600,tab
SVP05452,SV100007,SVC0019,2026-04-11,13:21:45,660,tab
SVP05453,SV100007,SVC0019,2026-04-11,13:22:45,720,tab
SVP05454,SV100007,SVC0019,2026-04-11,13:23:45,780,tab
SVP05455,SV100007,SVC0019,2026-04-11,13:24:45,840,tab
SVP05456,SV100007,SVC0019,2026-04-11,13:26:45,960,tab
SVP05457,SV100007,SVC0019,2026-04-11,13:27:45,1020,tab
SVP05458,SV100007,SVC0019,2026-04-11,13:28:45,1080,tab
SVP05459,SV100007,SVC0019,2026-04-11,13:29:45,1140,tab
SVP05460,SV100007,SVC0019,2026-04-11,13:30:45,1200,tab
SVP05461,SV100007,SVC0019,2026-04-11,13:31:45,1260,tab
SVP05462,SV100007,SVC0019,2026-04-11,13:32:45,1320,tab
SVP05463,SV100007,SVC0019,2026-04-11,13:33:45,1380,tab
SVP05464,SV100007,SVC0019,2026-04-11,13:34:45,1440,tab
SVP05465,SV100007,SVC0019,2026-04-11,13:35:45,1500,tab
SVP05466,SV100007,SVC0019,2026-04-11,13:37:45,1620,tab
SVP05467,SV100007,SVC0019,2026-04-11,13:38:45,1680,tab
SVP05468,SV100007,SVC0019,2026-04-11,13:39:45,1740,tab
SVP05469,SV100007,SVC0019,2026-04-11,13:40:45,1800,tab
SVP05470,SV100007,SVC0019,2026-04-11,13:41:45,1860,tab
SVP05471,SV100007,SVC0019,2026-04-11,13:43:45,1980,tab
SVP05472,SV100007,SVC0019,2026-04-11,13:44:45,2040,tab
SVP05473,SV100007,SVC0019,2026-04-11,13:46:45,2160,tab
SVP05474,SV100007,SVC0019,2026-04-11,13:47:45,2220,tab
SVP05475,SV100007,SVC0019,2026-04-11,13:48:45,2280,tab
SVP05476,SV100007,SVC0019,2026-04-11,13:49:45,2340,tab
SVP05477,SV100007,SVC0019,2026-04-11,13:50:45,2400,tab
SVP05478,SV100007,SVC0019,2026-04-11,13:51:45,2460,tab
SVP05479,SV100007,SVC0019,2026-04-11,13:52:45,2520,tab
SVP05480,SV100007,SVC0019,2026-04-11,13:54:45,2640,tab
SVP05481,SV100007,SVC0019,2026-04-11,13:55:45,2700,tab
SVP05482,SV100007,SVC0019,2026-04-11,13:56:45,2760,tab
SVP05483,SV100007,SVC0019,2026-04-11,13:57:45,2820,tab
SVP05484,SV100007,SVC0019,2026-04-11,13:58:45,2880,tab
SVP05485,SV100007,SVC0019,2026-04-11,13:59:45,2940,tab
SVP05486,SV100007,SVC0019,2026-04-11,14:00:45,3000,tab
SVP05487,SV100007,SVC0019,2026-04-11,14:01:45,3060,tab
SVP05488,SV100007,SVC0019,2026-04-11,14:02:45,3120,tab
SVP05489,SV100007,SVC0019,2026-04-11,14:03:45,3180,tab
SVP05490,SV100007,SVC0019,2026-04-11,14:04:45,3240,tab
SVP05491,SV100007,SVC0019,2026-04-11,14:06:45,3360,tab
SVP05492,SV100007,SVC0019,2026-04-11,14:07:21,3396,tab
SVP05493,SV100017,SVC0003,2026-04-11,16:27:20,0,stb
SVP05494,SV100017,SVC0003,2026-04-11,16:28:20,60,stb
SVP05495,SV100017,SVC0003,2026-04-11,16:29:20,120,stb
SVP05496,SV100017,SVC0003,2026-04-11,16:30:20,180,stb
SVP05497,SV100017,SVC0003,2026-04-11,16:31:20,240,stb
SVP05498,SV100017,SVC0003,2026-04-11,16:32:20,300,stb
SVP05499,SV100017,SVC0003,2026-04-11,16:33:20,360,stb
SVP05500,SV100017,SVC0003,2026-04-11,16:34:20,420,stb
SVP05501,SV100017,SVC0003,2026-04-11,16:35:20,480,stb
SVP05502,SV100017,SVC0003,2026-04-11,16:36:20,540,stb
SVP05503,SV100017,SVC0003,2026-04-11,16:37:20,600,stb
SVP05504,SV100017,SVC0003,2026-04-11,16:38:20,660,stb
SVP05505,SV100017,SVC0003,2026-04-11,16:39:20,720,stb
SVP05506,SV100017,SVC0003,2026-04-11,16:40:20,780,stb
SVP05507,SV100017,SVC0003,2026-04-11,16:41:20,840,stb
SVP05508,SV100017,SVC0003,2026-04-11,16:42:20,900,stb
SVP05509,SV100017,SVC0003,2026-04-11,16:43:20,960,stb
SVP05510,SV100017,SVC0003,2026-04-11,16:45:20,1080,stb
SVP05511,SV100017,SVC0003,2026-04-11,16:46:20,1140,stb
SVP05512,SV100017,SVC0003,2026-04-11,16:47:20,1200,stb
SVP05513,SV100017,SVC0003,2026-04-11,16:48:20,1260,stb
SVP05514,SV100017,SVC0003,2026-04-11,16:49:20,1320,stb
SVP05515,SV100017,SVC0003,2026-04-11,16:50:20,1380,stb
SVP05516,SV100017,SVC0003,2026-04-11,16:51:20,1440,stb
SVP05517,SV100017,SVC0003,2026-04-11,16:52:20,1500,stb
SVP05518,SV100017,SVC0003,2026-04-11,16:53:20,1560,stb
SVP05519,SV100017,SVC0003,2026-04-11,16:54:20,1620,stb
SVP05520,SV100017,SVC0003,2026-04-11,16:55:20,1680,stb
SVP05521,SV100017,SVC0003,2026-04-11,16:56:20,1740,stb
SVP05522,SV100017,SVC0003,2026-04-11,16:57:20,1800,stb
SVP05523,SV100017,SVC0003,2026-04-11,16:58:20,1860,stb
SVP05524,SV100017,SVC0003,2026-04-11,16:59:20,1920,stb
SVP05525,SV100017,SVC0003,2026-04-11,17:00:20,1980,stb
SVP05526,SV100017,SVC0003,2026-04-11,17:01:20,2040,stb
SVP05527,SV100017,SVC0003,2026-04-11,17:02:20,2100,stb
SVP05528,SV100017,SVC0003,2026-04-11,17:03:20,2160,stb
SVP05529,SV100017,SVC0003,2026-04-11,17:04:20,2220,stb
SVP05530,SV100017,SVC0003,2026-04-11,17:05:20,2280,stb
SVP05531,SV100017,SVC0003,2026-04-11,17:06:20,2340,stb
SVP05532,SV100017,SVC0003,2026-04-11,17:08:20,2460,stb
SVP05533,SV100017,SVC0003,2026-04-11,17:09:20,2520,stb
SVP05534,SV100017,SVC0003,2026-04-11,17:10:20,2580,stb
SVP05535,SV100017,SVC0003,2026-04-11,17:11:20,2640,stb
SVP05536,SV100017,SVC0003,2026-04-11,17:12:20,2700,stb
SVP05537,SV100017,SVC0003,2026-04-11,17:13:20,2760,stb
SVP05538,SV100017,SVC0003,2026-04-11,17:14:20,2820,stb
SVP05539,SV100017,SVC0003,2026-04-11,17:15:20,2880,stb
SVP05540,SV100017,SVC0003,2026-04-11,17:16:20,2940,stb
SVP05541,SV100017,SVC0003,2026-04-11,17:17:20,3000,stb
SVP05542,SV100017,SVC0003,2026-04-11,17:18:20,3060,stb
SVP05543,SV100017,SVC0003,2026-04-11,17:19:20,3120,stb
SVP05544,SV100017,SVC0003,2026-04-11,17:20:20,3180,stb
SVP05545,SV100017,SVC0003,2026-04-11,17:21:20,3240,stb
SVP05546,SV100017,SVC0003,2026-04-11,17:22:20,3300,stb
SVP05547,SV100017,SVC0003,2026-04-11,17:23:20,3360,stb
SVP05548,SV100017,SVC0003,2026-04-11,17:24:20,3420,stb
SVP05549,SV100017,SVC0003,2026-04-11,17:25:04,3464,stb
SVP05550,SV100018,SVC0008,2026-04-11,19:34:16,0,browser
SVP05551,SV100018,SVC0008,2026-04-11,19:35:16,60,browser
SVP05552,SV100018,SVC0008,2026-04-11,19:36:16,120,browser
SVP05553,SV100018,SVC0008,2026-04-11,19:37:16,180,browser
SVP05554,SV100018,SVC0008,2026-04-11,19:38:16,240,browser
SVP05555,SV100018,SVC0008,2026-04-11,19:39:16,300,browser
SVP05556,SV100018,SVC0008,2026-04-11,19:40:16,360,browser
SVP05557,SV100018,SVC0008,2026-04-11,19:41:16,420,browser
SVP05558,SV100018,SVC0008,2026-04-11,19:42:16,480,browser
SVP05559,SV100018,SVC0008,2026-04-11,19:43:16,540,browser
SVP05560,SV100018,SVC0008,2026-04-11,19:44:16,600,browser
SVP05561,SV100018,SVC0008,2026-04-11,19:45:16,660,browser
SVP05562,SV100018,SVC0008,2026-04-11,19:46:16,720,browser
SVP05563,SV100018,SVC0008,2026-04-11,19:48:16,840,browser
SVP05564,SV100018,SVC0008,2026-04-11,19:49:16,900,browser
SVP05565,SV100018,SVC0008,2026-04-11,19:50:16,960,browser
SVP05566,SV100018,SVC0008,2026-04-11,19:51:16,1020,browser
SVP05567,SV100018,SVC0008,2026-04-11,19:52:16,1080,browser
SVP05568,SV100018,SVC0008,2026-04-11,19:53:16,1140,browser
SVP05569,SV100018,SVC0008,2026-04-11,19:54:16,1200,browser
SVP05570,SV100018,SVC0008,2026-04-11,19:55:16,1260,browser
SVP05571,SV100018,SVC0008,2026-04-11,19:56:16,1320,browser
SVP05572,SV100018,SVC0008,2026-04-11,19:57:16,1380,browser
SVP05573,SV100018,SVC0008,2026-04-11,19:58:14,1438,browser
SVP05574,SV100025,SVC0018,2026-04-15,15:28:47,0,tab
SVP05575,SV100025,SVC0018,2026-04-15,15:29:47,60,tab
SVP05576,SV100025,SVC0018,2026-04-15,15:30:47,120,tab
SVP05577,SV100025,SVC0018,2026-04-15,15:31:47,180,tab
SVP05578,SV100025,SVC0018,2026-04-15,15:32:47,240,tab
SVP05579,SV100025,SVC0018,2026-04-15,15:33:47,300,tab
SVP05580,SV100025,SVC0018,2026-04-15,15:34:47,360,tab
SVP05581,SV100025,SVC0018,2026-04-15,15:35:47,420,tab
SVP05582,SV100025,SVC0018,2026-04-15,15:36:47,480,tab
SVP05583,SV100025,SVC0018,2026-04-15,15:37:47,540,tab
SVP05584,SV100025,SVC0018,2026-04-15,15:38:47,600,tab
SVP05585,SV100025,SVC0018,2026-04-15,15:39:47,660,tab
SVP05586,SV100025,SVC0018,2026-04-15,15:40:47,720,tab
SVP05587,SV100025,SVC0018,2026-04-15,15:41:47,780,tab
SVP05588,SV100025,SVC0018,2026-04-15,15:42:47,840,tab
SVP05589,SV100025,SVC0018,2026-04-15,15:43:47,900,tab
SVP05590,SV100025,SVC0018,2026-04-15,15:44:47,960,tab
SVP05591,SV100025,SVC0018,2026-04-15,15:45:47,1020,tab
SVP05592,SV100025,SVC0018,2026-04-15,15:46:47,1080,tab
SVP05593,SV100025,SVC0018,2026-04-15,15:47:47,1140,tab
SVP05594,SV100025,SVC0018,2026-04-15,15:48:47,1200,tab
SVP05595,SV100025,SVC0018,2026-04-15,15:49:47,1260,tab
SVP05596,SV100025,SVC0018,2026-04-15,15:50:47,1320,tab
SVP05597,SV100025,SVC0018,2026-04-15,15:51:47,1380,tab
SVP05598,SV100025,SVC0018,2026-04-15,15:53:47,1500,tab
SVP05599,SV100025,SVC0018,2026-04-15,15:54:47,1560,tab
SVP05600,SV100025,SVC0018,2026-04-15,15:56:47,1680,tab
SVP05601,SV100025,SVC0018,2026-04-15,15:57:47,1740,tab
SVP05602,SV100025,SVC0018,2026-04-15,15:58:47,1800,tab
SVP05603,SV100025,SVC0018,2026-04-15,15:59:47,1860,tab
SVP05604,SV100025,SVC0018,2026-04-15,16:00:47,1920,tab
SVP05605,SV100025,SVC0018,2026-04-15,16:01:47,1980,tab
SVP05606,SV100025,SVC0018,2026-04-15,16:03:47,2100,tab
SVP05607,SV100025,SVC0018,2026-04-15,16:04:47,2160,tab
SVP05608,SV100025,SVC0018,2026-04-15,16:05:47,2220,tab
SVP05609,SV100025,SVC0018,2026-04-15,16:06:47,2280,tab
SVP05610,SV100025,SVC0018,2026-04-15,16:07:47,2340,tab
SVP05611,SV100025,SVC0018,2026-04-15,16:08:47,2400,tab
SVP05612,SV100025,SVC0018,2026-04-15,16:09:47,2460,tab
SVP05613,SV100025,SVC0018,2026-04-15,16:10:47,2520,tab
SVP05614,SV100025,SVC0018,2026-04-15,16:11:47,2580,tab
SVP05615,SV100025,SVC0018,2026-04-15,16:13:47,2700,tab
SVP05616,SV100025,SVC0018,2026-04-15,16:14:47,2760,tab
SVP05617,SV100025,SVC0018,2026-04-15,16:15:47,2820,tab
SVP05618,SV100025,SVC0018,2026-04-15,16:16:47,2880,tab
SVP05619,SV100025,SVC0018,2026-04-15,16:17:47,2940,tab
SVP05620,SV100025,SVC0018,2026-04-15,16:18:47,3000,tab
SVP05621,SV100025,SVC0018,2026-04-15,16:19:47,3060,tab
SVP05622,SV100025,SVC0018,2026-04-15,16:20:47,3120,tab
SVP05623,SV100025,SVC0018,2026-04-15,16:21:47,3180,tab
SVP05624,SV100025,SVC0018,2026-04-15,16:22:47,3240,tab
SVP05625,SV100025,SVC0018,2026-04-15,16:23:47,3300,tab
SVP05626,SV100025,SVC0018,2026-04-15,16:24:47,3360,tab
SVP05627,SV100025,SVC0018,2026-04-15,16:25:47,3420,tab
SVP05628,SV100025,SVC0018,2026-04-15,16:27:47,3540,tab
SVP05629,SV100025,SVC0018,2026-04-15,16:28:47,3600,tab
SVP05630,SV100025,SVC0018,2026-04-15,16:29:47,3660,tab
SVP05631,SV100025,SVC0018,2026-04-15,16:30:47,3720,tab
SVP05632,SV100025,SVC0018,2026-04-15,16:31:47,3780,tab
SVP05633,SV100025,SVC0018,2026-04-15,16:32:47,3840,tab
SVP05634,SV100025,SVC0018,2026-04-15,16:33:47,3900,tab
SVP05635,SV100025,SVC0018,2026-04-15,16:34:47,3960,tab
SVP05636,SV100025,SVC0018,2026-04-15,16:36:47,4080,tab
SVP05637,SV100025,SVC0018,2026-04-15,16:37:47,4140,tab
SVP05638,SV100025,SVC0018,2026-04-15,16:38:47,4200,tab
SVP05639,SV100025,SVC0018,2026-04-15,16:39:47,4260,tab
SVP05640,SV100025,SVC0018,2026-04-15,16:40:47,4320,tab
SVP05641,SV100025,SVC0018,2026-04-15,16:41:47,4380,tab
SVP05642,SV100025,SVC0018,2026-04-15,16:42:47,4440,tab
SVP05643,SV100025,SVC0018,2026-04-15,16:43:47,4500,tab
SVP05644,SV100025,SVC0018,2026-04-15,16:45:47,4620,tab
SVP05645,SV100025,SVC0018,2026-04-15,16:46:47,4680,tab
SVP05646,SV100025,SVC0018,2026-04-15,16:47:47,4740,tab
SVP05647,SV100025,SVC0018,2026-04-15,16:48:47,4800,tab
SVP05648,SV100025,SVC0018,2026-04-15,16:49:47,4860,tab
SVP05649,SV100025,SVC0018,2026-04-15,16:50:47,4920,tab
SVP05650,SV100025,SVC0018,2026-04-15,16:51:47,4980,tab
SVP05651,SV100025,SVC0018,2026-04-15,16:52:47,5040,tab
SVP05652,SV100025,SVC0018,2026-04-15,16:53:47,5100,tab
SVP05653,SV100025,SVC0018,2026-04-15,16:54:47,5160,tab
SVP05654,SV100025,SVC0018,2026-04-15,16:55:47,5220,tab
SVP05655,SV100025,SVC0018,2026-04-15,16:56:47,5280,tab
SVP05656,SV100025,SVC0018,2026-04-15,16:57:47,5340,tab
SVP05657,SV100025,SVC0018,2026-04-15,16:58:47,5400,tab
SVP05658,SV100025,SVC0018,2026-04-15,16:59:47,5460,tab
SVP05659,SV100025,SVC0018,2026-04-15,17:00:47,5520,tab
SVP05660,SV100025,SVC0018,2026-04-15,17:01:47,5580,tab
SVP05661,SV100025,SVC0018,2026-04-15,17:02:47,5640,tab
SVP05662,SV100025,SVC0018,2026-04-15,17:03:47,5700,tab
SVP05663,SV100025,SVC0018,2026-04-15,17:04:47,5760,tab
SVP05664,SV100025,SVC0018,2026-04-15,17:05:47,5820,tab
SVP05665,SV100025,SVC0018,2026-04-15,17:06:47,5880,tab
SVP05666,SV100025,SVC0018,2026-04-15,17:07:47,5940,tab
SVP05667,SV100025,SVC0018,2026-04-15,17:08:47,6000,tab
SVP05668,SV100025,SVC0018,2026-04-15,17:09:47,6060,tab
SVP05669,SV100025,SVC0018,2026-04-15,17:10:47,6120,tab
SVP05670,SV100025,SVC0018,2026-04-15,17:11:47,6180,tab
SVP05671,SV100025,SVC0018,2026-04-15,17:12:47,6240,tab
SVP05672,SV100025,SVC0018,2026-04-15,17:13:47,6300,tab
SVP05673,SV100025,SVC0018,2026-04-15,17:14:47,6360,tab
SVP05674,SV100025,SVC0018,2026-04-15,17:15:47,6420,tab
SVP05675,SV100025,SVC0018,2026-04-15,17:16:47,6480,tab
SVP05676,SV100025,SVC0018,2026-04-15,17:17:47,6540,tab
SVP05677,SV100025,SVC0018,2026-04-15,17:18:47,6600,tab
SVP05678,SV100025,SVC0018,2026-04-15,17:19:47,6660,tab
SVP05679,SV100025,SVC0018,2026-04-15,17:20:47,6720,tab
SVP05680,SV100025,SVC0018,2026-04-15,17:21:47,6780,tab
SVP05681,SV100025,SVC0018,2026-04-15,17:22:47,6840,tab
SVP05682,SV100025,SVC0018,2026-04-15,17:23:47,6900,tab
SVP05683,SV100025,SVC0018,2026-04-15,17:24:47,6960,tab
SVP05684,SV100025,SVC0018,2026-04-15,17:25:47,7020,tab
SVP05685,SV100025,SVC0018,2026-04-15,17:26:47,7080,tab
SVP05686,SV100025,SVC0018,2026-04-15,17:27:47,7140,tab
SVP05687,SV100025,SVC0018,2026-04-15,17:28:47,7200,tab
SVP05688,SV100025,SVC0018,2026-04-15,17:29:47,7260,tab
SVP05689,SV100025,SVC0018,2026-04-15,17:30:47,7320,tab
SVP05690,SV100025,SVC0018,2026-04-15,17:31:47,7380,tab
SVP05691,SV100025,SVC0018,2026-04-15,17:32:47,7440,tab
SVP05692,SV100025,SVC0018,2026-04-15,17:33:47,7500,tab
SVP05693,SV100025,SVC0018,2026-04-15,17:34:47,7560,tab
SVP05694,SV100025,SVC0018,2026-04-15,17:35:47,7620,tab
SVP05695,SV100025,SVC0018,2026-04-15,17:36:47,7680,tab
SVP05696,SV100025,SVC0018,2026-04-15,17:37:47,7740,tab
SVP05697,SV100025,SVC0018,2026-04-15,17:38:47,7800,tab
SVP05698,SV100025,SVC0018,2026-04-15,17:39:47,7860,tab
SVP05699,SV100025,SVC0018,2026-04-15,17:41:47,7980,tab
SVP05700,SV100025,SVC0018,2026-04-15,17:42:47,8040,tab
SVP05701,SV100025,SVC0018,2026-04-15,17:43:47,8100,tab
SVP05702,SV100025,SVC0018,2026-04-15,17:44:47,8160,tab
SVP05703,SV100025,SVC0018,2026-04-15,17:45:47,8220,tab
SVP05704,SV100025,SVC0018,2026-04-15,17:46:47,8280,tab
SVP05705,SV100025,SVC0018,2026-04-15,17:48:47,8400,tab
SVP05706,SV100025,SVC0018,2026-04-15,17:49:47,8460,tab
SVP05707,SV100025,SVC0018,2026-04-15,17:50:47,8520,tab
SVP05708,SV100025,SVC0018,2026-04-15,17:51:47,8580,tab
SVP05709,SV100025,SVC0018,2026-04-15,17:52:47,8640,tab
SVP05710,SV100025,SVC0018,2026-04-15,17:53:47,8700,tab
SVP05711,SV100025,SVC0018,2026-04-15,17:54:47,8760,tab
SVP05712,SV100025,SVC0018,2026-04-15,17:56:47,8880,tab
SVP05713,SV100025,SVC0018,2026-04-15,17:57:47,8940,tab
SVP05714,SV100025,SVC0018,2026-04-15,17:58:47,9000,tab
SVP05715,SV100025,SVC0018,2026-04-15,18:00:47,9120,tab
SVP05716,SV100025,SVC0018,2026-04-15,18:01:47,9180,tab
SVP05717,SV100025,SVC0018,2026-04-15,18:02:47,9240,tab
SVP05718,SV100025,SVC0018,2026-04-15,18:03:47,9300,tab
SVP05719,SV100025,SVC0018,2026-04-15,18:04:47,9360,tab
SVP05720,SV100025,SVC0018,2026-04-15,18:05:47,9420,tab
SVP05721,SV100025,SVC0018,2026-04-15,18:07:47,9540,tab
SVP05722,SV100025,SVC0018,2026-04-15,18:08:47,9600,tab
SVP05723,SV100025,SVC0018,2026-04-15,18:09:47,9660,tab
SVP05724,SV100025,SVC0018,2026-04-15,18:10:47,9720,tab
SVP05725,SV100025,SVC0018,2026-04-15,18:11:47,9780,tab
SVP05726,SV100025,SVC0018,2026-04-15,18:12:47,9840,tab
SVP05727,SV100025,SVC0018,2026-04-15,18:13:47,9900,tab
SVP05728,SV100025,SVC0018,2026-04-15,18:14:47,9960,tab
SVP05729,SV100025,SVC0018,2026-04-15,18:15:47,10020,tab
SVP05730,SV100025,SVC0018,2026-04-15,18:16:47,10080,tab
SVP05731,SV100025,SVC0018,2026-04-15,18:17:47,10140,tab
SVP05732,SV100025,SVC0018,2026-04-15,18:18:47,10200,tab
SVP05733,SV100025,SVC0018,2026-04-15,18:19:47,10260,tab
SVP05734,SV100025,SVC0018,2026-04-15,18:20:47,10320,tab
SVP05735,SV100025,SVC0018,2026-04-15,18:21:47,10380,tab
SVP05736,SV100025,SVC0018,2026-04-15,18:22:47,10440,tab
SVP05737,SV100025,SVC0018,2026-04-15,18:24:47,10560,tab
SVP05738,SV100025,SVC0018,2026-04-15,18:25:44,10617,tab
SVP05739,SV100025,SVC0015,2026-04-16,16:49:41,0,mob
SVP05740,SV100025,SVC0015,2026-04-16,16:50:41,60,mob
SVP05741,SV100025,SVC0015,2026-04-16,16:51:41,120,mob
SVP05742,SV100025,SVC0015,2026-04-16,16:53:41,240,mob
SVP05743,SV100025,SVC0015,2026-04-16,16:54:41,300,mob
SVP05744,SV100025,SVC0015,2026-04-16,16:55:41,360,mob
SVP05745,SV100025,SVC0015,2026-04-16,16:56:41,420,mob
SVP05746,SV100025,SVC0015,2026-04-16,16:57:41,480,mob
SVP05747,SV100025,SVC0015,2026-04-16,16:58:41,540,mob
SVP05748,SV100025,SVC0015,2026-04-16,16:59:41,600,mob
SVP05749,SV100025,SVC0015,2026-04-16,17:00:41,660,mob
SVP05750,SV100025,SVC0015,2026-04-16,17:01:41,720,mob
SVP05751,SV100025,SVC0015,2026-04-16,17:02:41,780,mob
SVP05752,SV100025,SVC0015,2026-04-16,17:03:41,840,mob
SVP05753,SV100025,SVC0015,2026-04-16,17:04:41,900,mob
SVP05754,SV100025,SVC0015,2026-04-16,17:05:41,960,mob
SVP05755,SV100025,SVC0015,2026-04-16,17:06:41,1020,mob
SVP05756,SV100025,SVC0015,2026-04-16,17:07:41,1080,mob
SVP05757,SV100025,SVC0015,2026-04-16,17:08:41,1140,mob
SVP05758,SV100025,SVC0015,2026-04-16,17:09:41,1200,mob
SVP05759,SV100025,SVC0015,2026-04-16,17:10:41,1260,mob
SVP05760,SV100025,SVC0015,2026-04-16,17:11:41,1320,mob
SVP05761,SV100025,SVC0015,2026-04-16,17:12:41,1380,mob
SVP05762,SV100025,SVC0015,2026-04-16,17:13:41,1440,mob
SVP05763,SV100025,SVC0015,2026-04-16,17:14:41,1500,mob
SVP05764,SV100025,SVC0015,2026-04-16,17:15:41,1560,mob
SVP05765,SV100025,SVC0015,2026-04-16,17:16:41,1620,mob
SVP05766,SV100025,SVC0015,2026-04-16,17:17:41,1680,mob
SVP05767,SV100025,SVC0015,2026-04-16,17:18:41,1740,mob
SVP05768,SV100025,SVC0015,2026-04-16,17:19:41,1800,mob
SVP05769,SV100025,SVC0015,2026-04-16,17:20:41,1860,mob
SVP05770,SV100025,SVC0015,2026-04-16,17:21:41,1920,mob
SVP05771,SV100025,SVC0015,2026-04-16,17:22:41,1980,mob
SVP05772,SV100025,SVC0015,2026-04-16,17:24:41,2100,mob
SVP05773,SV100025,SVC0015,2026-04-16,17:25:41,2160,mob
SVP05774,SV100025,SVC0015,2026-04-16,17:26:41,2220,mob
SVP05775,SV100025,SVC0015,2026-04-16,17:28:41,2340,mob
SVP05776,SV100025,SVC0015,2026-04-16,17:29:41,2400,mob
SVP05777,SV100025,SVC0015,2026-04-16,17:30:41,2460,mob
SVP05778,SV100025,SVC0015,2026-04-16,17:31:41,2520,mob
SVP05779,SV100025,SVC0015,2026-04-16,17:32:41,2580,mob
SVP05780,SV100025,SVC0015,2026-04-16,17:33:41,2640,mob
SVP05781,SV100025,SVC0015,2026-04-16,17:34:41,2700,mob
SVP05782,SV100025,SVC0015,2026-04-16,17:35:41,2760,mob
SVP05783,SV100025,SVC0015,2026-04-16,17:36:41,2820,mob
SVP05784,SV100025,SVC0015,2026-04-16,17:37:41,2880,mob
SVP05785,SV100025,SVC0015,2026-04-16,17:38:41,2940,mob
SVP05786,SV100025,SVC0015,2026-04-16,17:39:41,3000,mob
SVP05787,SV100025,SVC0015,2026-04-16,17:40:41,3060,mob
SVP05788,SV100025,SVC0015,2026-04-16,17:41:41,3120,mob
SVP05789,SV100025,SVC0015,2026-04-16,17:42:41,3180,mob
SVP05790,SV100025,SVC0015,2026-04-16,17:43:41,3240,mob
SVP05791,SV100025,SVC0015,2026-04-16,17:44:41,3300,mob
SVP05792,SV100025,SVC0015,2026-04-16,17:46:41,3420,mob
SVP05793,SV100025,SVC0015,2026-04-16,17:47:41,3480,mob
SVP05794,SV100025,SVC0015,2026-04-16,17:48:41,3540,mob
SVP05795,SV100025,SVC0015,2026-04-16,17:49:41,3600,mob
SVP05796,SV100025,SVC0015,2026-04-16,17:50:41,3660,mob
SVP05797,SV100025,SVC0015,2026-04-16,17:51:41,3720,mob
SVP05798,SV100025,SVC0015,2026-04-16,17:52:41,3780,mob
SVP05799,SV100025,SVC0015,2026-04-16,17:53:41,3840,mob
SVP05800,SV100025,SVC0015,2026-04-16,17:55:41,3960,mob
SVP05801,SV100025,SVC0015,2026-04-16,17:56:41,4020,mob
SVP05802,SV100025,SVC0015,2026-04-16,17:57:41,4080,mob
SVP05803,SV100025,SVC0015,2026-04-16,17:58:41,4140,mob
SVP05804,SV100025,SVC0015,2026-04-16,18:00:41,4260,mob
SVP05805,SV100025,SVC0015,2026-04-16,18:01:41,4320,mob
SVP05806,SV100025,SVC0015,2026-04-16,18:02:41,4380,mob
SVP05807,SV100007,SVC0007,2026-04-16,18:03:36,0,mob
SVP05808,SV100025,SVC0015,2026-04-16,18:03:41,4440,mob
SVP05809,SV100025,SVC0015,2026-04-16,18:04:41,4500,mob
SVP05810,SV100007,SVC0007,2026-04-16,18:05:36,120,mob
SVP05811,SV100025,SVC0015,2026-04-16,18:05:41,4560,mob
SVP05812,SV100007,SVC0007,2026-04-16,18:06:36,180,mob
SVP05813,SV100025,SVC0015,2026-04-16,18:06:41,4620,mob
SVP05814,SV100007,SVC0007,2026-04-16,18:07:36,240,mob
SVP05815,SV100025,SVC0015,2026-04-16,18:07:41,4680,mob
SVP05816,SV100007,SVC0007,2026-04-16,18:08:36,300,mob
SVP05817,SV100025,SVC0015,2026-04-16,18:08:41,4740,mob
SVP05818,SV100007,SVC0007,2026-04-16,18:09:36,360,mob
SVP05819,SV100025,SVC0015,2026-04-16,18:09:41,4800,mob
SVP05820,SV100007,SVC0007,2026-04-16,18:10:36,420,mob
SVP05821,SV100025,SVC0015,2026-04-16,18:10:41,4860,mob
SVP05822,SV100007,SVC0007,2026-04-16,18:11:36,480,mob
SVP05823,SV100025,SVC0015,2026-04-16,18:11:41,4920,mob
SVP05824,SV100007,SVC0007,2026-04-16,18:12:36,540,mob
SVP05825,SV100025,SVC0015,2026-04-16,18:12:41,4980,mob
SVP05826,SV100007,SVC0007,2026-04-16,18:13:36,600,mob
SVP05827,SV100025,SVC0015,2026-04-16,18:13:41,5040,mob
SVP05828,SV100007,SVC0007,2026-04-16,18:14:36,660,mob
SVP05829,SV100025,SVC0015,2026-04-16,18:14:41,5100,mob
SVP05830,SV100007,SVC0007,2026-04-16,18:15:36,720,mob
SVP05831,SV100025,SVC0015,2026-04-16,18:15:41,5160,mob
SVP05832,SV100007,SVC0007,2026-04-16,18:16:36,780,mob
SVP05833,SV100025,SVC0015,2026-04-16,18:16:41,5220,mob
SVP05834,SV100007,SVC0007,2026-04-16,18:17:23,827,mob
SVP05835,SV100025,SVC0015,2026-04-16,18:18:41,5340,mob
SVP05836,SV100025,SVC0015,2026-04-16,18:19:41,5400,mob
SVP05837,SV100025,SVC0015,2026-04-16,18:20:41,5460,mob
SVP05838,SV100025,SVC0015,2026-04-16,18:21:41,5520,mob
SVP05839,SV100025,SVC0015,2026-04-16,18:22:41,5580,mob
SVP05840,SV100025,SVC0015,2026-04-16,18:23:41,5640,mob
SVP05841,SV100025,SVC0015,2026-04-16,18:24:41,5700,mob
SVP05842,SV100025,SVC0015,2026-04-16,18:25:41,5760,mob
SVP05843,SV100025,SVC0015,2026-04-16,18:26:41,5820,mob
SVP05844,SV100025,SVC0015,2026-04-16,18:27:41,5880,mob
SVP05845,SV100025,SVC0015,2026-04-16,18:28:41,5940,mob
SVP05846,SV100025,SVC0015,2026-04-16,18:29:41,6000,mob
SVP05847,SV100025,SVC0015,2026-04-16,18:30:41,6060,mob
SVP05848,SV100025,SVC0015,2026-04-16,18:31:41,6120,mob
SVP05849,SV100025,SVC0015,2026-04-16,18:32:41,6180,mob
SVP05850,SV100025,SVC0015,2026-04-16,18:33:41,6240,mob
SVP05851,SV100025,SVC0015,2026-04-16,18:34:41,6300,mob
SVP05852,SV100025,SVC0015,2026-04-16,18:35:41,6360,mob
SVP05853,SV100025,SVC0015,2026-04-16,18:36:41,6420,mob
SVP05854,SV100025,SVC0015,2026-04-16,18:37:41,6480,mob
SVP05855,SV100025,SVC0015,2026-04-16,18:38:41,6540,mob
SVP05856,SV100025,SVC0015,2026-04-16,18:39:41,6600,mob
SVP05857,SV100025,SVC0015,2026-04-16,18:40:41,6660,mob
SVP05858,SV100025,SVC0015,2026-04-16,18:41:41,6720,mob
SVP05859,SV100025,SVC0015,2026-04-16,18:42:41,6780,mob
SVP05860,SV100025,SVC0015,2026-04-16,18:44:41,6900,mob
SVP05861,SV100025,SVC0015,2026-04-16,18:45:41,6960,mob
SVP05862,SV100025,SVC0015,2026-04-16,18:46:41,7020,mob
SVP05863,SV100025,SVC0015,2026-04-16,18:47:41,7080,mob
SVP05864,SV100025,SVC0015,2026-04-16,18:48:41,7140,mob
SVP05865,SV100025,SVC0015,2026-04-16,18:49:41,7200,mob
SVP05866,SV100025,SVC0015,2026-04-16,18:50:41,7260,mob
SVP05867,SV100025,SVC0015,2026-04-16,18:51:41,7320,mob
SVP05868,SV100025,SVC0015,2026-04-16,18:52:41,7380,mob
SVP05869,SV100025,SVC0015,2026-04-16,18:53:41,7440,mob
SVP05870,SV100025,SVC0015,2026-04-16,18:54:41,7500,mob
SVP05871,SV100025,SVC0015,2026-04-16,18:55:41,7560,mob
SVP05872,SV100025,SVC0015,2026-04-16,18:56:41,7620,mob
SVP05873,SV100025,SVC0015,2026-04-16,18:57:41,7680,mob
SVP05874,SV100025,SVC0015,2026-04-16,18:59:41,7800,mob
SVP05875,SV100025,SVC0015,2026-04-16,19:00:41,7860,mob
SVP05876,SV100025,SVC0015,2026-04-16,19:02:41,7980,mob
SVP05877,SV100025,SVC0015,2026-04-16,19:03:41,8040,mob
SVP05878,SV100025,SVC0015,2026-04-16,19:04:41,8100,mob
SVP05879,SV100025,SVC0015,2026-04-16,19:05:41,8160,mob
SVP05880,SV100025,SVC0015,2026-04-16,19:06:41,8220,mob
SVP05881,SV100025,SVC0015,2026-04-16,19:07:41,8280,mob
SVP05882,SV100025,SVC0015,2026-04-16,19:08:41,8340,mob
SVP05883,SV100025,SVC0015,2026-04-16,19:09:41,8400,mob
SVP05884,SV100025,SVC0015,2026-04-16,19:10:41,8460,mob
SVP05885,SV100025,SVC0015,2026-04-16,19:11:41,8520,mob
SVP05886,SV100025,SVC0015,2026-04-16,19:13:41,8640,mob
SVP05887,SV100025,SVC0015,2026-04-16,19:14:41,8700,mob
SVP05888,SV100025,SVC0015,2026-04-16,19:16:41,8820,mob
SVP05889,SV100025,SVC0015,2026-04-16,19:17:41,8880,mob
SVP05890,SV100025,SVC0015,2026-04-16,19:18:41,8940,mob
SVP05891,SV100025,SVC0015,2026-04-16,19:19:41,9000,mob
SVP05892,SV100025,SVC0015,2026-04-16,19:20:41,9060,mob
SVP05893,SV100025,SVC0015,2026-04-16,19:21:41,9120,mob
SVP05894,SV100025,SVC0015,2026-04-16,19:22:41,9180,mob
SVP05895,SV100025,SVC0015,2026-04-16,19:23:41,9240,mob
SVP05896,SV100025,SVC0015,2026-04-16,19:24:41,9300,mob
SVP05897,SV100025,SVC0015,2026-04-16,19:25:41,9360,mob
SVP05898,SV100025,SVC0015,2026-04-16,19:26:41,9420,mob
SVP05899,SV100025,SVC0015,2026-04-16,19:27:41,9480,mob
SVP05900,SV100025,SVC0015,2026-04-16,19:28:41,9540,mob
SVP05901,SV100025,SVC0015,2026-04-16,19:29:41,9600,mob
SVP05902,SV100025,SVC0015,2026-04-16,19:31:41,9720,mob
SVP05903,SV100025,SVC0015,2026-04-16,19:32:41,9780,mob
SVP05904,SV100025,SVC0015,2026-04-16,19:33:41,9840,mob
SVP05905,SV100025,SVC0015,2026-04-16,19:34:41,9900,mob
SVP05906,SV100025,SVC0015,2026-04-16,19:35:41,9960,mob
SVP05907,SV100025,SVC0015,2026-04-16,19:36:41,10020,mob
SVP05908,SV100025,SVC0015,2026-04-16,19:37:41,10080,mob
SVP05909,SV100025,SVC0015,2026-04-16,19:38:41,10140,mob
SVP05910,SV100025,SVC0015,2026-04-16,19:39:41,10200,mob
SVP05911,SV100025,SVC0015,2026-04-16,19:40:41,10260,mob
SVP05912,SV100025,SVC0015,2026-04-16,19:40:51,10270,mob
SVP05913,SV100016,SVC0022,2026-04-17,17:51:18,0,mob
SVP05914,SV100016,SVC0022,2026-04-17,17:52:18,60,mob
SVP05915,SV100016,SVC0022,2026-04-17,17:53:18,120,mob
SVP05916,SV100016,SVC0022,2026-04-17,17:54:18,180,mob
SVP05917,SV100016,SVC0022,2026-04-17,17:54:30,192,mob
SVP05918,SV100012,SVC0017,2026-04-21,14:21:39,0,stb
SVP05919,SV100012,SVC0017,2026-04-21,14:22:39,60,stb
SVP05920,SV100012,SVC0017,2026-04-21,14:23:39,120,stb
SVP05921,SV100012,SVC0017,2026-04-21,14:25:39,240,stb
SVP05922,SV100012,SVC0017,2026-04-21,14:26:39,300,stb
SVP05923,SV100012,SVC0017,2026-04-21,14:27:39,360,stb
SVP05924,SV100012,SVC0017,2026-04-21,14:29:39,480,stb
SVP05925,SV100012,SVC0017,2026-04-21,14:30:39,540,stb
SVP05926,SV100012,SVC0017,2026-04-21,14:32:39,660,stb
SVP05927,SV100012,SVC0017,2026-04-21,14:33:39,720,stb
SVP05928,SV100012,SVC0017,2026-04-21,14:34:39,780,stb
SVP05929,SV100012,SVC0017,2026-04-21,14:35:39,840,stb
SVP05930,SV100012,SVC0017,2026-04-21,14:36:39,900,stb
SVP05931,SV100012,SVC0017,2026-04-21,14:37:39,960,stb
SVP05932,SV100012,SVC0017,2026-04-21,14:38:39,1020,stb
SVP05933,SV100012,SVC0017,2026-04-21,14:39:39,1080,stb
SVP05934,SV100012,SVC0017,2026-04-21,14:40:39,1140,stb
SVP05935,SV100012,SVC0017,2026-04-21,14:41:39,1200,stb
SVP05936,SV100012,SVC0017,2026-04-21,14:42:39,1260,stb
SVP05937,SV100012,SVC0017,2026-04-21,14:43:39,1320,stb
SVP05938,SV100012,SVC0017,2026-04-21,14:44:39,1380,stb
SVP05939,SV100012,SVC0017,2026-04-21,14:45:39,1440,stb
SVP05940,SV100012,SVC0017,2026-04-21,14:47:39,1560,stb
SVP05941,SV100012,SVC0017,2026-04-21,14:48:39,1620,stb
SVP05942,SV100012,SVC0017,2026-04-21,14:50:39,1740,stb
SVP05943,SV100012,SVC0017,2026-04-21,14:51:39,1800,stb
SVP05944,SV100012,SVC0017,2026-04-21,14:52:39,1860,stb
SVP05945,SV100012,SVC0017,2026-04-21,14:53:39,1920,stb
SVP05946,SV100012,SVC0017,2026-04-21,14:54:39,1980,stb
SVP05947,SV100012,SVC0017,2026-04-21,14:55:39,2040,stb
SVP05948,SV100012,SVC0017,2026-04-21,14:56:39,2100,stb
SVP05949,SV100012,SVC0017,2026-04-21,14:57:39,2160,stb
SVP05950,SV100012,SVC0017,2026-04-21,14:58:39,2220,stb
SVP05951,SV100012,SVC0017,2026-04-21,14:59:39,2280,stb
SVP05952,SV100012,SVC0017,2026-04-21,15:00:39,2340,stb
SVP05953,SV100012,SVC0017,2026-04-21,15:02:39,2460,stb
SVP05954,SV100012,SVC0017,2026-04-21,15:03:39,2520,stb
SVP05955,SV100012,SVC0017,2026-04-21,15:04:39,2580,stb
SVP05956,SV100012,SVC0017,2026-04-21,15:05:39,2640,stb
SVP05957,SV100012,SVC0017,2026-04-21,15:06:39,2700,stb
SVP05958,SV100012,SVC0017,2026-04-21,15:07:39,2760,stb
SVP05959,SV100012,SVC0017,2026-04-21,15:08:39,2820,stb
SVP05960,SV100012,SVC0017,2026-04-21,15:09:39,2880,stb
SVP05961,SV100012,SVC0017,2026-04-21,15:10:39,2940,stb
SVP05962,SV100012,SVC0017,2026-04-21,15:11:39,3000,stb
SVP05963,SV100012,SVC0017,2026-04-21,15:12:39,3060,stb
SVP05964,SV100012,SVC0017,2026-04-21,15:13:39,3120,stb
SVP05965,SV100012,SVC0017,2026-04-21,15:14:39,3180,stb
SVP05966,SV100012,SVC0017,2026-04-21,15:15:39,3240,stb
SVP05967,SV100012,SVC0017,2026-04-21,15:16:39,3300,stb
SVP05968,SV100012,SVC0017,2026-04-21,15:17:39,3360,stb
SVP05969,SV100012,SVC0017,2026-04-21,15:18:39,3420,stb
SVP05970,SV100012,SVC0017,2026-04-21,15:19:39,3480,stb
SVP05971,SV100012,SVC0017,2026-04-21,15:20:39,3540,stb
SVP05972,SV100012,SVC0017,2026-04-21,15:21:39,3600,stb
SVP05973,SV100012,SVC0017,2026-04-21,15:22:39,3660,stb
SVP05974,SV100012,SVC0017,2026-04-21,15:23:39,3720,stb
SVP05975,SV100012,SVC0017,2026-04-21,15:25:39,3840,stb
SVP05976,SV100012,SVC0017,2026-04-21,15:26:39,3900,stb
SVP05977,SV100012,SVC0017,2026-04-21,15:27:39,3960,stb
SVP05978,SV100012,SVC0017,2026-04-21,15:28:39,4020,stb
SVP05979,SV100012,SVC0017,2026-04-21,15:29:39,4080,stb
SVP05980,SV100012,SVC0017,2026-04-21,15:30:39,4140,stb
SVP05981,SV100012,SVC0017,2026-04-21,15:31:39,4200,stb
SVP05982,SV100012,SVC0017,2026-04-21,15:32:39,4260,stb
SVP05983,SV100012,SVC0017,2026-04-21,15:33:39,4320,stb
SVP05984,SV100012,SVC0017,2026-04-21,15:34:39,4380,stb
SVP05985,SV100012,SVC0017,2026-04-21,15:35:39,4440,stb
SVP05986,SV100012,SVC0017,2026-04-21,15:37:39,4560,stb
SVP05987,SV100012,SVC0017,2026-04-21,15:38:39,4620,stb
SVP05988,SV100012,SVC0017,2026-04-21,15:39:39,4680,stb
SVP05989,SV100012,SVC0017,2026-04-21,15:40:39,4740,stb
SVP05990,SV100012,SVC0017,2026-04-21,15:41:39,4800,stb
SVP05991,SV100012,SVC0017,2026-04-21,15:42:39,4860,stb
SVP05992,SV100012,SVC0017,2026-04-21,15:43:25,4906,stb
SVP05993,SV100023,SVC0016,2026-04-23,13:47:02,0,tab
SVP05994,SV100023,SVC0016,2026-04-23,13:48:02,60,tab
SVP05995,SV100023,SVC0016,2026-04-23,13:49:02,120,tab
SVP05996,SV100023,SVC0016,2026-04-23,13:50:02,180,tab
SVP05997,SV100023,SVC0016,2026-04-23,13:51:02,240,tab
SVP05998,SV100023,SVC0016,2026-04-23,13:52:02,300,tab
SVP05999,SV100023,SVC0016,2026-04-23,13:53:02,360,tab
SVP06000,SV100023,SVC0016,2026-04-23,13:54:02,420,tab
SVP06001,SV100023,SVC0016,2026-04-23,13:55:02,480,tab
SVP06002,SV100023,SVC0016,2026-04-23,13:57:02,600,tab
SVP06003,SV100023,SVC0016,2026-04-23,13:58:02,660,tab
SVP06004,SV100023,SVC0016,2026-04-23,13:59:02,720,tab
SVP06005,SV100023,SVC0016,2026-04-23,14:00:02,780,tab
SVP06006,SV100023,SVC0016,2026-04-23,14:01:02,840,tab
SVP06007,SV100023,SVC0016,2026-04-23,14:02:02,900,tab
SVP06008,SV100023,SVC0016,2026-04-23,14:03:02,960,tab
SVP06009,SV100023,SVC0016,2026-04-23,14:04:02,1020,tab
SVP06010,SV100023,SVC0016,2026-04-23,14:05:02,1080,tab
SVP06011,SV100023,SVC0016,2026-04-23,14:06:02,1140,tab
SVP06012,SV100023,SVC0016,2026-04-23,14:07:02,1200,tab
SVP06013,SV100023,SVC0016,2026-04-23,14:08:02,1260,tab
SVP06014,SV100023,SVC0016,2026-04-23,14:09:02,1320,tab
SVP06015,SV100023,SVC0016,2026-04-23,14:10:02,1380,tab
SVP06016,SV100023,SVC0016,2026-04-23,14:11:02,1440,tab
SVP06017,SV100023,SVC0016,2026-04-23,14:12:02,1500,tab
SVP06018,SV100023,SVC0016,2026-04-23,14:14:02,1620,tab
SVP06019,SV100023,SVC0016,2026-04-23,14:14:07,1625,tab
SVP06020,SV100024,SVC0016,2026-04-24,11:43:04,0,mob
SVP06021,SV100024,SVC0016,2026-04-24,11:44:04,60,mob
SVP06022,SV100024,SVC0016,2026-04-24,11:45:04,120,mob
SVP06023,SV100024,SVC0016,2026-04-24,11:47:04,240,mob
SVP06024,SV100024,SVC0016,2026-04-24,11:48:04,300,mob
SVP06025,SV100024,SVC0016,2026-04-24,11:49:04,360,mob
SVP06026,SV100024,SVC0016,2026-04-24,11:50:04,420,mob
SVP06027,SV100024,SVC0016,2026-04-24,11:50:59,475,mob
SVP06028,SV100014,SVC0012,2026-04-24,18:43:20,0,mob
SVP06029,SV100014,SVC0012,2026-04-24,18:44:20,60,mob
SVP06030,SV100014,SVC0012,2026-04-24,18:45:20,120,mob
SVP06031,SV100014,SVC0012,2026-04-24,18:46:20,180,mob
SVP06032,SV100014,SVC0012,2026-04-24,18:47:20,240,mob
SVP06033,SV100014,SVC0012,2026-04-24,18:48:20,300,mob
SVP06034,SV100014,SVC0012,2026-04-24,18:49:20,360,mob
SVP06035,SV100014,SVC0012,2026-04-24,18:50:20,420,mob
SVP06036,SV100014,SVC0012,2026-04-24,18:51:20,480,mob
SVP06037,SV100014,SVC0012,2026-04-24,18:52:20,540,mob
SVP06038,SV100014,SVC0012,2026-04-24,18:53:20,600,mob
SVP06039,SV100014,SVC0012,2026-04-24,18:54:20,660,mob
SVP06040,SV100014,SVC0012,2026-04-24,18:55:20,720,mob
SVP06041,SV100014,SVC0012,2026-04-24,18:56:20,780,mob
SVP06042,SV100014,SVC0012,2026-04-24,18:57:20,840,mob
SVP06043,SV100014,SVC0012,2026-04-24,18:58:20,900,mob
SVP06044,SV100014,SVC0012,2026-04-24,18:59:20,960,mob
SVP06045,SV100014,SVC0012,2026-04-24,19:00:20,1020,mob
SVP06046,SV100014,SVC0012,2026-04-24,19:01:20,1080,mob
SVP06047,SV100014,SVC0012,2026-04-24,19:02:20,1140,mob
SVP06048,SV100014,SVC0012,2026-04-24,19:03:20,1200,mob
SVP06049,SV100014,SVC0012,2026-04-24,19:05:20,1320,mob
SVP06050,SV100014,SVC0012,2026-04-24,19:07:20,1440,mob
SVP06051,SV100014,SVC0012,2026-04-24,19:09:20,1560,mob
SVP06052,SV100014,SVC0012,2026-04-24,19:10:20,1620,mob
SVP06053,SV100014,SVC0012,2026-04-24,19:11:20,1680,mob
SVP06054,SV100014,SVC0012,2026-04-24,19:12:20,1740,mob
SVP06055,SV100014,SVC0012,2026-04-24,19:13:20,1800,mob
SVP06056,SV100014,SVC0012,2026-04-24,19:14:20,1860,mob
SVP06057,SV100014,SVC0012,2026-04-24,19:15:20,1920,mob
SVP06058,SV100014,SVC0012,2026-04-24,19:17:20,2040,mob
SVP06059,SV100014,SVC0012,2026-04-24,19:18:20,2100,mob
SVP06060,SV100014,SVC0012,2026-04-24,19:20:20,2220,mob
SVP06061,SV100014,SVC0012,2026-04-24,19:21:20,2280,mob
SVP06062,SV100014,SVC0012,2026-04-24,19:22:20,2340,mob
SVP06063,SV100014,SVC0012,2026-04-24,19:23:20,2400,mob
SVP06064,SV100014,SVC0012,2026-04-24,19:24:20,2460,mob
SVP06065,SV100014,SVC0012,2026-04-24,19:25:20,2520,mob
SVP06066,SV100014,SVC0012,2026-04-24,19:26:20,2580,mob
SVP06067,SV100014,SVC0012,2026-04-24,19:27:20,2640,mob
SVP06068,SV100014,SVC0012,2026-04-24,19:28:20,2700,mob
SVP06069,SV100014,SVC0012,2026-04-24,19:29:20,2760,mob
SVP06070,SV100014,SVC0012,2026-04-24,19:30:20,2820,mob
SVP06071,SV100014,SVC0012,2026-04-24,19:31:20,2880,mob
SVP06072,SV100014,SVC0012,2026-04-24,19:32:20,2940,mob
SVP06073,SV100014,SVC0012,2026-04-24,19:33:20,3000,mob
SVP06074,SV100014,SVC0012,2026-04-24,19:34:20,3060,mob
SVP06075,SV100014,SVC0012,2026-04-24,19:35:20,3120,mob
SVP06076,SV100014,SVC0012,2026-04-24,19:36:20,3180,mob
SVP06077,SV100014,SVC0012,2026-04-24,19:37:20,3240,mob
SVP06078,SV100014,SVC0012,2026-04-24,19:39:20,3360,mob
SVP06079,SV100014,SVC0012,2026-04-24,19:40:20,3420,mob
SVP06080,SV100014,SVC0012,2026-04-24,19:41:20,3480,mob
SVP06081,SV100014,SVC0012,2026-04-24,19:42:20,3540,mob
SVP06082,SV100014,SVC0012,2026-04-24,19:43:20,3600,mob
SVP06083,SV100014,SVC0012,2026-04-24,19:44:20,3660,mob
SVP06084,SV100014,SVC0012,2026-04-24,19:45:20,3720,mob
SVP06085,SV100014,SVC0012,2026-04-24,19:46:20,3780,mob
SVP06086,SV100014,SVC0012,2026-04-24,19:47:20,3840,mob
SVP06087,SV100014,SVC0012,2026-04-24,19:48:20,3900,mob
SVP06088,SV100014,SVC0012,2026-04-24,19:50:20,4020,mob
SVP06089,SV100014,SVC0012,2026-04-24,19:51:20,4080,mob
SVP06090,SV100014,SVC0012,2026-04-24,19:52:20,4140,mob
SVP06091,SV100014,SVC0012,2026-04-24,19:53:20,4200,mob
SVP06092,SV100014,SVC0012,2026-04-24,19:54:20,4260,mob
SVP06093,SV100014,SVC0012,2026-04-24,19:55:20,4320,mob
SVP06094,SV100014,SVC0012,2026-04-24,19:57:20,4440,mob
SVP06095,SV100014,SVC0012,2026-04-24,19:58:20,4500,mob
SVP06096,SV100014,SVC0012,2026-04-24,19:59:20,4560,mob
SVP06097,SV100014,SVC0012,2026-04-24,20:00:20,4620,mob
SVP06098,SV100014,SVC0012,2026-04-24,20:01:20,4680,mob
SVP06099,SV100014,SVC0012,2026-04-24,20:02:20,4740,mob
SVP06100,SV100014,SVC0012,2026-04-24,20:03:20,4800,mob
SVP06101,SV100014,SVC0012,2026-04-24,20:04:20,4860,mob
SVP06102,SV100014,SVC0012,2026-04-24,20:05:20,4920,mob
SVP06103,SV100014,SVC0012,2026-04-24,20:06:20,4980,mob
SVP06104,SV100014,SVC0012,2026-04-24,20:07:20,5040,mob
SVP06105,SV100014,SVC0012,2026-04-24,20:08:20,5100,mob
SVP06106,SV100014,SVC0012,2026-04-24,20:10:20,5220,mob
SVP06107,SV100014,SVC0012,2026-04-24,20:12:20,5340,mob
SVP06108,SV100014,SVC0012,2026-04-24,20:13:20,5400,mob
SVP06109,SV100014,SVC0012,2026-04-24,20:14:20,5460,mob
SVP06110,SV100014,SVC0012,2026-04-24,20:16:20,5580,mob
SVP06111,SV100014,SVC0012,2026-04-24,20:17:20,5640,mob
SVP06112,SV100014,SVC0012,2026-04-24,20:18:20,5700,mob
SVP06113,SV100014,SVC0012,2026-04-24,20:18:56,5736,mob
SVP06114,SV100009,SVC0023,2026-04-26,15:16:29,0,stb
SVP06115,SV100009,SVC0023,2026-04-26,15:17:29,60,stb
SVP06116,SV100009,SVC0023,2026-04-26,15:19:29,180,stb
SVP06117,SV100009,SVC0023,2026-04-26,15:20:29,240,stb
SVP06118,SV100009,SVC0023,2026-04-26,15:21:29,300,stb
SVP06119,SV100009,SVC0023,2026-04-26,15:22:29,360,stb
SVP06120,SV100009,SVC0023,2026-04-26,15:23:29,420,stb
SVP06121,SV100009,SVC0023,2026-04-26,15:24:29,480,stb
SVP06122,SV100009,SVC0023,2026-04-26,15:25:29,540,stb
SVP06123,SV100009,SVC0023,2026-04-26,15:27:29,660,stb
SVP06124,SV100009,SVC0023,2026-04-26,15:28:29,720,stb
SVP06125,SV100009,SVC0023,2026-04-26,15:29:29,780,stb
SVP06126,SV100009,SVC0023,2026-04-26,15:30:29,840,stb
SVP06127,SV100009,SVC0023,2026-04-26,15:31:29,900,stb
SVP06128,SV100009,SVC0023,2026-04-26,15:32:29,960,stb
SVP06129,SV100009,SVC0023,2026-04-26,15:33:29,1020,stb
SVP06130,SV100009,SVC0023,2026-04-26,15:34:29,1080,stb
SVP06131,SV100009,SVC0023,2026-04-26,15:35:29,1140,stb
SVP06132,SV100009,SVC0023,2026-04-26,15:36:29,1200,stb
SVP06133,SV100009,SVC0023,2026-04-26,15:37:29,1260,stb
SVP06134,SV100009,SVC0023,2026-04-26,15:38:29,1320,stb
SVP06135,SV100009,SVC0023,2026-04-26,15:39:29,1380,stb
SVP06136,SV100009,SVC0023,2026-04-26,15:40:29,1440,stb
SVP06137,SV100009,SVC0023,2026-04-26,15:41:29,1500,stb
SVP06138,SV100009,SVC0023,2026-04-26,15:42:29,1560,stb
SVP06139,SV100009,SVC0023,2026-04-26,15:43:29,1620,stb
SVP06140,SV100023,SVC0020,2026-04-26,15:43:41,0,browser
SVP06141,SV100009,SVC0023,2026-04-26,15:44:29,1680,stb
SVP06142,SV100023,SVC0020,2026-04-26,15:44:41,60,browser
SVP06143,SV100009,SVC0023,2026-04-26,15:45:29,1740,stb
SVP06144,SV100023,SVC0020,2026-04-26,15:45:41,120,browser
SVP06145,SV100009,SVC0023,2026-04-26,15:46:14,1785,stb
SVP06146,SV100023,SVC0020,2026-04-26,15:46:41,180,browser
SVP06147,SV100023,SVC0020,2026-04-26,15:47:41,240,browser
SVP06148,SV100023,SVC0020,2026-04-26,15:48:41,300,browser
SVP06149,SV100023,SVC0020,2026-04-26,15:49:41,360,browser
SVP06150,SV100023,SVC0020,2026-04-26,15:50:41,420,browser
SVP06151,SV100023,SVC0020,2026-04-26,15:51:41,480,browser
SVP06152,SV100023,SVC0020,2026-04-26,15:52:41,540,browser
SVP06153,SV100023,SVC0020,2026-04-26,15:53:41,600,browser
SVP06154,SV100023,SVC0020,2026-04-26,15:54:41,660,browser
SVP06155,SV100023,SVC0020,2026-04-26,15:55:41,720,browser
SVP06156,SV100023,SVC0020,2026-04-26,15:57:41,840,browser
SVP06157,SV100023,SVC0020,2026-04-26,15:58:41,900,browser
SVP06158,SV100023,SVC0020,2026-04-26,15:59:41,960,browser
SVP06159,SV100023,SVC0020,2026-04-26,16:00:41,1020,browser
SVP06160,SV100023,SVC0020,2026-04-26,16:01:41,1080,browser
SVP06161,SV100023,SVC0020,2026-04-26,16:02:41,1140,browser
SVP06162,SV100023,SVC0020,2026-04-26,16:03:41,1200,browser
SVP06163,SV100023,SVC0020,2026-04-26,16:04:41,1260,browser
SVP06164,SV100023,SVC0020,2026-04-26,16:05:41,1320,browser
SVP06165,SV100023,SVC0020,2026-04-26,16:06:41,1380,browser
SVP06166,SV100023,SVC0020,2026-04-26,16:07:41,1440,browser
SVP06167,SV100023,SVC0020,2026-04-26,16:08:41,1500,browser
SVP06168,SV100023,SVC0020,2026-04-26,16:10:41,1620,browser
SVP06169,SV100023,SVC0020,2026-04-26,16:11:41,1680,browser
SVP06170,SV100023,SVC0020,2026-04-26,16:12:41,1740,browser
SVP06171,SV100023,SVC0020,2026-04-26,16:13:41,1800,browser
SVP06172,SV100023,SVC0020,2026-04-26,16:14:41,1860,browser
SVP06173,SV100023,SVC0020,2026-04-26,16:15:41,1920,browser
SVP06174,SV100023,SVC0020,2026-04-26,16:16:41,1980,browser
SVP06175,SV100023,SVC0020,2026-04-26,16:17:41,2040,browser
SVP06176,SV100023,SVC0020,2026-04-26,16:19:41,2160,browser
SVP06177,SV100023,SVC0020,2026-04-26,16:20:41,2220,browser
SVP06178,SV100023,SVC0020,2026-04-26,16:21:41,2280,browser
SVP06179,SV100023,SVC0020,2026-04-26,16:22:41,2340,browser
SVP06180,SV100023,SVC0020,2026-04-26,16:23:41,2400,browser
SVP06181,SV100023,SVC0020,2026-04-26,16:24:41,2460,browser
SVP06182,SV100023,SVC0020,2026-04-26,16:25:41,2520,browser
SVP06183,SV100023,SVC0020,2026-04-26,16:26:41,2580,browser
SVP06184,SV100023,SVC0020,2026-04-26,16:27:41,2640,browser
SVP06185,SV100023,SVC0020,2026-04-26,16:28:41,2700,browser
SVP06186,SV100023,SVC0020,2026-04-26,16:29:41,2760,browser
SVP06187,SV100023,SVC0020,2026-04-26,16:30:41,2820,browser
SVP06188,SV100023,SVC0020,2026-04-26,16:31:41,2880,browser
SVP06189,SV100023,SVC0020,2026-04-26,16:32:41,2940,browser
SVP06190,SV100023,SVC0020,2026-04-26,16:33:41,3000,browser
SVP06191,SV100023,SVC0020,2026-04-26,16:34:41,3060,browser
SVP06192,SV100023,SVC0020,2026-04-26,16:35:41,3120,browser
SVP06193,SV100023,SVC0020,2026-04-26,16:36:41,3180,browser
SVP06194,SV100023,SVC0020,2026-04-26,16:37:41,3240,browser
SVP06195,SV100023,SVC0020,2026-04-26,16:38:41,3300,browser
SVP06196,SV100023,SVC0020,2026-04-26,16:39:41,3360,browser
SVP06197,SV100023,SVC0020,2026-04-26,16:40:41,3420,browser
SVP06198,SV100023,SVC0020,2026-04-26,16:41:41,3480,browser
SVP06199,SV100023,SVC0020,2026-04-26,16:42:41,3540,browser
SVP06200,SV100023,SVC0020,2026-04-26,16:43:41,3600,browser
SVP06201,SV100023,SVC0020,2026-04-26,16:44:41,3660,browser
SVP06202,SV100023,SVC0020,2026-04-26,16:45:27,3706,browser
SVP06203,SV100021,SVC0010,2026-04-26,21:27:13,0,tab
SVP06204,SV100021,SVC0010,2026-04-26,21:28:13,60,tab
SVP06205,SV100021,SVC0010,2026-04-26,21:29:13,120,tab
SVP06206,SV100021,SVC0010,2026-04-26,21:30:13,180,tab
SVP06207,SV100021,SVC0010,2026-04-26,21:31:13,240,tab
SVP06208,SV100021,SVC0010,2026-04-26,21:32:13,300,tab
SVP06209,SV100021,SVC0010,2026-04-26,21:33:13,360,tab
SVP06210,SV100021,SVC0010,2026-04-26,21:34:13,420,tab
SVP06211,SV100021,SVC0010,2026-04-26,21:35:13,480,tab
SVP06212,SV100021,SVC0010,2026-04-26,21:37:13,600,tab
SVP06213,SV100021,SVC0010,2026-04-26,21:38:13,660,tab
SVP06214,SV100021,SVC0010,2026-04-26,21:39:13,720,tab
SVP06215,SV100021,SVC0010,2026-04-26,21:41:13,840,tab
SVP06216,SV100021,SVC0010,2026-04-26,21:42:13,900,tab
SVP06217,SV100021,SVC0010,2026-04-26,21:43:13,960,tab
SVP06218,SV100021,SVC0010,2026-04-26,21:45:13,1080,tab
SVP06219,SV100021,SVC0010,2026-04-26,21:46:13,1140,tab
SVP06220,SV100021,SVC0010,2026-04-26,21:47:13,1200,tab
SVP06221,SV100021,SVC0010,2026-04-26,21:48:13,1260,tab
SVP06222,SV100021,SVC0010,2026-04-26,21:49:13,1320,tab
SVP06223,SV100021,SVC0010,2026-04-26,21:50:13,1380,tab
SVP06224,SV100021,SVC0010,2026-04-26,21:51:13,1440,tab
SVP06225,SV100021,SVC0010,2026-04-26,21:51:24,1451,tab
SVP06226,SV100016,SVC0015,2026-04-28,16:47:26,0,stb
SVP06227,SV100016,SVC0015,2026-04-28,16:48:26,60,stb
SVP06228,SV100016,SVC0015,2026-04-28,16:49:26,120,stb
SVP06229,SV100016,SVC0015,2026-04-28,16:50:26,180,stb
SVP06230,SV100016,SVC0015,2026-04-28,16:52:26,300,stb
SVP06231,SV100016,SVC0015,2026-04-28,16:53:26,360,stb
SVP06232,SV100016,SVC0015,2026-04-28,16:54:26,420,stb
SVP06233,SV100016,SVC0015,2026-04-28,16:55:26,480,stb
SVP06234,SV100016,SVC0015,2026-04-28,16:56:26,540,stb
SVP06235,SV100016,SVC0015,2026-04-28,16:57:26,600,stb
SVP06236,SV100016,SVC0015,2026-04-28,16:58:26,660,stb
SVP06237,SV100016,SVC0015,2026-04-28,16:59:26,720,stb
SVP06238,SV100016,SVC0015,2026-04-28,17:00:26,780,stb
SVP06239,SV100016,SVC0015,2026-04-28,17:01:26,840,stb
SVP06240,SV100016,SVC0015,2026-04-28,17:02:26,900,stb
SVP06241,SV100016,SVC0015,2026-04-28,17:03:26,960,stb
SVP06242,SV100016,SVC0015,2026-04-28,17:04:26,1020,stb
SVP06243,SV100016,SVC0015,2026-04-28,17:05:26,1080,stb
SVP06244,SV100016,SVC0015,2026-04-28,17:06:26,1140,stb
SVP06245,SV100016,SVC0015,2026-04-28,17:07:26,1200,stb
SVP06246,SV100016,SVC0015,2026-04-28,17:09:26,1320,stb
SVP06247,SV100016,SVC0015,2026-04-28,17:10:26,1380,stb
SVP06248,SV100016,SVC0015,2026-04-28,17:11:26,1440,stb
SVP06249,SV100016,SVC0015,2026-04-28,17:12:26,1500,stb
SVP06250,SV100016,SVC0015,2026-04-28,17:13:26,1560,stb
SVP06251,SV100016,SVC0015,2026-04-28,17:14:26,1620,stb
SVP06252,SV100016,SVC0015,2026-04-28,17:15:26,1680,stb
SVP06253,SV100016,SVC0015,2026-04-28,17:16:26,1740,stb
SVP06254,SV100016,SVC0015,2026-04-28,17:18:26,1860,stb
SVP06255,SV100016,SVC0015,2026-04-28,17:19:26,1920,stb
SVP06256,SV100016,SVC0015,2026-04-28,17:20:26,1980,stb
SVP06257,SV100016,SVC0015,2026-04-28,17:21:26,2040,stb
SVP06258,SV100016,SVC0015,2026-04-28,17:21:45,2059,stb
SVP06259,SV100020,SVC0017,2026-04-29,06:04:24,0,browser
SVP06260,SV100020,SVC0017,2026-04-29,06:05:24,60,browser
SVP06261,SV100020,SVC0017,2026-04-29,06:06:24,120,browser
SVP06262,SV100020,SVC0017,2026-04-29,06:07:24,180,browser
SVP06263,SV100020,SVC0017,2026-04-29,06:09:24,300,browser
SVP06264,SV100020,SVC0017,2026-04-29,06:10:24,360,browser
SVP06265,SV100020,SVC0017,2026-04-29,06:11:24,420,browser
SVP06266,SV100020,SVC0017,2026-04-29,06:12:24,480,browser
SVP06267,SV100020,SVC0017,2026-04-29,06:13:24,540,browser
SVP06268,SV100020,SVC0017,2026-04-29,06:14:24,600,browser
SVP06269,SV100020,SVC0017,2026-04-29,06:15:24,660,browser
SVP06270,SV100020,SVC0017,2026-04-29,06:16:24,720,browser
SVP06271,SV100020,SVC0017,2026-04-29,06:17:24,780,browser
SVP06272,SV100020,SVC0017,2026-04-29,06:18:24,840,browser
SVP06273,SV100020,SVC0017,2026-04-29,06:19:24,900,browser
SVP06274,SV100020,SVC0017,2026-04-29,06:20:24,960,browser
SVP06275,SV100020,SVC0017,2026-04-29,06:21:24,1020,browser
SVP06276,SV100020,SVC0017,2026-04-29,06:22:24,1080,browser
SVP06277,SV100020,SVC0017,2026-04-29,06:24:24,1200,browser
SVP06278,SV100020,SVC0017,2026-04-29,06:25:24,1260,browser
SVP06279,SV100020,SVC0017,2026-04-29,06:26:24,1320,browser
SVP06280,SV100020,SVC0017,2026-04-29,06:27:24,1380,browser
SVP06281,SV100020,SVC0017,2026-04-29,06:28:24,1440,browser
SVP06282,SV100020,SVC0017,2026-04-29,06:29:24,1500,browser
SVP06283,SV100020,SVC0017,2026-04-29,06:30:24,1560,browser
SVP06284,SV100020,SVC0017,2026-04-29,06:31:24,1620,browser
SVP06285,SV100020,SVC0017,2026-04-29,06:32:24,1680,browser
SVP06286,SV100020,SVC0017,2026-04-29,06:33:24,1740,browser
SVP06287,SV100020,SVC0017,2026-04-29,06:34:24,1800,browser
SVP06288,SV100020,SVC0017,2026-04-29,06:35:24,1860,browser
SVP06289,SV100020,SVC0017,2026-04-29,06:36:24,1920,browser
SVP06290,SV100020,SVC0017,2026-04-29,06:37:24,1980,browser
SVP06291,SV100020,SVC0017,2026-04-29,06:38:24,2040,browser
SVP06292,SV100020,SVC0017,2026-04-29,06:39:24,2100,browser
SVP06293,SV100020,SVC0017,2026-04-29,06:40:24,2160,browser
SVP06294,SV100020,SVC0017,2026-04-29,06:42:24,2280,browser
SVP06295,SV100020,SVC0017,2026-04-29,06:43:24,2340,browser
SVP06296,SV100020,SVC0017,2026-04-29,06:44:24,2400,browser
SVP06297,SV100020,SVC0017,2026-04-29,06:45:24,2460,browser
SVP06298,SV100020,SVC0017,2026-04-29,06:46:24,2520,browser
SVP06299,SV100020,SVC0017,2026-04-29,06:47:24,2580,browser
SVP06300,SV100020,SVC0017,2026-04-29,06:48:24,2640,browser
SVP06301,SV100020,SVC0017,2026-04-29,06:49:24,2700,browser
SVP06302,SV100020,SVC0017,2026-04-29,06:50:24,2760,browser
SVP06303,SV100020,SVC0017,2026-04-29,06:51:24,2820,browser
SVP06304,SV100020,SVC0017,2026-04-29,06:52:24,2880,browser
SVP06305,SV100020,SVC0017,2026-04-29,06:53:24,2940,browser
SVP06306,SV100020,SVC0017,2026-04-29,06:54:24,3000,browser
SVP06307,SV100020,SVC0017,2026-04-29,06:55:24,3060,browser
SVP06308,SV100020,SVC0017,2026-04-29,06:56:24,3120,browser
SVP06309,SV100020,SVC0017,2026-04-29,06:57:24,3180,browser
SVP06310,SV100020,SVC0017,2026-04-29,06:58:24,3240,browser
SVP06311,SV100020,SVC0017,2026-04-29,06:59:24,3300,browser
SVP06312,SV100020,SVC0017,2026-04-29,07:00:24,3360,browser
SVP06313,SV100020,SVC0017,2026-04-29,07:01:24,3420,browser
SVP06314,SV100020,SVC0017,2026-04-29,07:02:24,3480,browser
SVP06315,SV100020,SVC0017,2026-04-29,07:03:24,3540,browser
SVP06316,SV100020,SVC0017,2026-04-29,07:04:24,3600,browser
SVP06317,SV100020,SVC0017,2026-04-29,07:05:24,3660,browser
SVP06318,SV100020,SVC0017,2026-04-29,07:06:24,3720,browser
SVP06319,SV100020,SVC0017,2026-04-29,07:07:24,3780,browser
SVP06320,SV100020,SVC0017,2026-04-29,07:08:24,3840,browser
SVP06321,SV100020,SVC0017,2026-04-29,07:09:24,3900,browser
SVP06322,SV100020,SVC0017,2026-04-29,07:10:24,3960,browser
SVP06323,SV100020,SVC0017,2026-04-29,07:11:24,4020,browser
SVP06324,SV100020,SVC0017,2026-04-29,07:12:24,4080,browser
SVP06325,SV100020,SVC0017,2026-04-29,07:13:24,4140,browser
SVP06326,SV100020,SVC0017,2026-04-29,07:14:24,4200,browser
SVP06327,SV100020,SVC0017,2026-04-29,07:15:24,4260,browser
SVP06328,SV100020,SVC0017,2026-04-29,07:16:24,4320,browser
SVP06329,SV100020,SVC0017,2026-04-29,07:17:24,4380,browser
SVP06330,SV100020,SVC0017,2026-04-29,07:18:24,4440,browser
SVP06331,SV100020,SVC0017,2026-04-29,07:19:24,4500,browser
SVP06332,SV100020,SVC0017,2026-04-29,07:19:39,4515,browser
SVP06333,SV100002,SVC0014,2026-04-30,07:06:24,0,browser
SVP06334,SV100002,SVC0014,2026-04-30,07:07:24,60,browser
SVP06335,SV100002,SVC0014,2026-04-30,07:08:24,120,browser
SVP06336,SV100002,SVC0014,2026-04-30,07:09:24,180,browser
SVP06337,SV100002,SVC0014,2026-04-30,07:10:24,240,browser
SVP06338,SV100002,SVC0014,2026-04-30,07:11:24,300,browser
SVP06339,SV100002,SVC0014,2026-04-30,07:12:24,360,browser
SVP06340,SV100002,SVC0014,2026-04-30,07:13:24,420,browser
SVP06341,SV100002,SVC0014,2026-04-30,07:14:24,480,browser
SVP06342,SV100002,SVC0014,2026-04-30,07:15:24,540,browser
SVP06343,SV100002,SVC0014,2026-04-30,07:16:24,600,browser
SVP06344,SV100002,SVC0014,2026-04-30,07:17:24,660,browser
SVP06345,SV100002,SVC0014,2026-04-30,07:19:24,780,browser
SVP06346,SV100002,SVC0014,2026-04-30,07:20:24,840,browser
SVP06347,SV100002,SVC0014,2026-04-30,07:21:24,900,browser
SVP06348,SV100002,SVC0014,2026-04-30,07:22:24,960,browser
SVP06349,SV100002,SVC0014,2026-04-30,07:22:57,993,browser
SVP06350,SV100018,SVC0013,2026-04-30,10:07:44,0,mob
SVP06351,SV100018,SVC0013,2026-04-30,10:08:44,60,mob
SVP06352,SV100018,SVC0013,2026-04-30,10:09:44,120,mob
SVP06353,SV100018,SVC0013,2026-04-30,10:10:44,180,mob
SVP06354,SV100018,SVC0013,2026-04-30,10:11:44,240,mob
SVP06355,SV100018,SVC0013,2026-04-30,10:12:44,300,mob
SVP06356,SV100018,SVC0013,2026-04-30,10:13:44,360,mob
SVP06357,SV100018,SVC0013,2026-04-30,10:14:44,420,mob
SVP06358,SV100018,SVC0013,2026-04-30,10:15:44,480,mob
SVP06359,SV100018,SVC0013,2026-04-30,10:16:44,540,mob
SVP06360,SV100018,SVC0013,2026-04-30,10:17:44,600,mob
SVP06361,SV100018,SVC0013,2026-04-30,10:18:44,660,mob
SVP06362,SV100018,SVC0013,2026-04-30,10:19:44,720,mob
SVP06363,SV100018,SVC0013,2026-04-30,10:20:44,780,mob
SVP06364,SV100018,SVC0013,2026-04-30,10:21:44,840,mob
SVP06365,SV100018,SVC0013,2026-04-30,10:22:44,900,mob
SVP06366,SV100018,SVC0013,2026-04-30,10:23:44,960,mob
SVP06367,SV100018,SVC0013,2026-04-30,10:24:44,1020,mob
SVP06368,SV100018,SVC0013,2026-04-30,10:25:44,1080,mob
SVP06369,SV100018,SVC0013,2026-04-30,10:26:44,1140,mob
SVP06370,SV100018,SVC0013,2026-04-30,10:27:44,1200,mob
SVP06371,SV100018,SVC0013,2026-04-30,10:28:44,1260,mob
SVP06372,SV100018,SVC0013,2026-04-30,10:29:44,1320,mob
SVP06373,SV100018,SVC0013,2026-04-30,10:30:44,1380,mob
SVP06374,SV100018,SVC0013,2026-04-30,10:31:44,1440,mob
SVP06375,SV100018,SVC0013,2026-04-30,10:32:44,1500,mob
SVP06376,SV100018,SVC0013,2026-04-30,10:33:44,1560,mob
SVP06377,SV100018,SVC0013,2026-04-30,10:34:44,1620,mob
SVP06378,SV100018,SVC0013,2026-04-30,10:36:44,1740,mob
SVP06379,SV100018,SVC0013,2026-04-30,10:38:44,1860,mob
SVP06380,SV100018,SVC0013,2026-04-30,10:39:44,1920,mob
SVP06381,SV100018,SVC0013,2026-04-30,10:40:44,1980,mob
SVP06382,SV100018,SVC0013,2026-04-30,10:41:44,2040,mob
SVP06383,SV100018,SVC0013,2026-04-30,10:42:44,2100,mob
SVP06384,SV100018,SVC0013,2026-04-30,10:43:44,2160,mob
SVP06385,SV100018,SVC0013,2026-04-30,10:44:44,2220,mob
SVP06386,SV100018,SVC0013,2026-04-30,10:45:44,2280,mob
SVP06387,SV100018,SVC0013,2026-04-30,10:46:44,2340,mob
SVP06388,SV100018,SVC0013,2026-04-30,10:47:44,2400,mob
SVP06389,SV100018,SVC0013,2026-04-30,10:49:44,2520,mob
SVP06390,SV100018,SVC0013,2026-04-30,10:50:44,2580,mob
SVP06391,SV100018,SVC0013,2026-04-30,10:51:44,2640,mob
SVP06392,SV100018,SVC0013,2026-04-30,10:52:44,2700,mob
SVP06393,SV100018,SVC0013,2026-04-30,10:53:44,2760,mob
SVP06394,SV100018,SVC0013,2026-04-30,10:54:44,2820,mob
SVP06395,SV100018,SVC0013,2026-04-30,10:55:44,2880,mob
SVP06396,SV100018,SVC0013,2026-04-30,10:57:44,3000,mob
SVP06397,SV100018,SVC0013,2026-04-30,10:58:44,3060,mob
SVP06398,SV100018,SVC0013,2026-04-30,10:59:44,3120,mob
SVP06399,SV100018,SVC0013,2026-04-30,11:00:44,3180,mob
SVP06400,SV100018,SVC0013,2026-04-30,11:01:44,3240,mob
SVP06401,SV100018,SVC0013,2026-04-30,11:03:44,3360,mob
SVP06402,SV100018,SVC0013,2026-04-30,11:04:44,3420,mob
SVP06403,SV100018,SVC0013,2026-04-30,11:05:44,3480,mob
SVP06404,SV100018,SVC0013,2026-04-30,11:06:44,3540,mob
SVP06405,SV100018,SVC0013,2026-04-30,11:07:44,3600,mob
SVP06406,SV100018,SVC0013,2026-04-30,11:08:44,3660,mob
SVP06407,SV100018,SVC0013,2026-04-30,11:09:44,3720,mob
SVP06408,SV100018,SVC0013,2026-04-30,11:10:44,3780,mob
SVP06409,SV100018,SVC0013,2026-04-30,11:11:44,3840,mob
SVP06410,SV100018,SVC0013,2026-04-30,11:12:44,3900,mob
SVP06411,SV100018,SVC0013,2026-04-30,11:13:44,3960,mob
SVP06412,SV100018,SVC0013,2026-04-30,11:14:44,4020,mob
SVP06413,SV100018,SVC0013,2026-04-30,11:15:44,4080,mob
SVP06414,SV100018,SVC0013,2026-04-30,11:16:44,4140,mob
SVP06415,SV100018,SVC0013,2026-04-30,11:17:44,4200,mob
SVP06416,SV100018,SVC0013,2026-04-30,11:18:44,4260,mob
SVP06417,SV100018,SVC0013,2026-04-30,11:19:44,4320,mob
SVP06418,SV100018,SVC0013,2026-04-30,11:20:44,4380,mob
SVP06419,SV100018,SVC0013,2026-04-30,11:21:44,4440,mob
SVP06420,SV100018,SVC0013,2026-04-30,11:22:44,4500,mob
SVP06421,SV100018,SVC0013,2026-04-30,11:23:44,4560,mob
SVP06422,SV100018,SVC0013,2026-04-30,11:24:44,4620,mob
SVP06423,SV100018,SVC0013,2026-04-30,11:25:44,4680,mob
SVP06424,SV100018,SVC0013,2026-04-30,11:26:44,4740,mob
SVP06425,SV100018,SVC0013,2026-04-30,11:27:44,4800,mob
SVP06426,SV100018,SVC0013,2026-04-30,11:28:44,4860,mob
SVP06427,SV100018,SVC0013,2026-04-30,11:29:44,4920,mob
SVP06428,SV100018,SVC0013,2026-04-30,11:30:44,4980,mob
SVP06429,SV100018,SVC0013,2026-04-30,11:32:44,5100,mob
SVP06430,SV100018,SVC0013,2026-04-30,11:33:44,5160,mob
SVP06431,SV100018,SVC0013,2026-04-30,11:34:44,5220,mob
SVP06432,SV100018,SVC0013,2026-04-30,11:35:44,5280,mob
SVP06433,SV100018,SVC0013,2026-04-30,11:36:44,5340,mob
SVP06434,SV100018,SVC0013,2026-04-30,11:37:44,5400,mob
SVP06435,SV100018,SVC0013,2026-04-30,11:38:44,5460,mob
SVP06436,SV100018,SVC0013,2026-04-30,11:39:44,5520,mob
SVP06437,SV100018,SVC0013,2026-04-30,11:40:44,5580,mob
SVP06438,SV100018,SVC0013,2026-04-30,11:41:44,5640,mob
SVP06439,SV100018,SVC0013,2026-04-30,11:42:44,5700,mob
SVP06440,SV100018,SVC0013,2026-04-30,11:44:44,5820,mob
SVP06441,SV100018,SVC0013,2026-04-30,11:45:44,5880,mob
SVP06442,SV100018,SVC0013,2026-04-30,11:46:44,5940,mob
SVP06443,SV100018,SVC0013,2026-04-30,11:47:44,6000,mob
SVP06444,SV100018,SVC0013,2026-04-30,11:48:44,6060,mob
SVP06445,SV100018,SVC0013,2026-04-30,11:49:44,6120,mob
SVP06446,SV100018,SVC0013,2026-04-30,11:50:44,6180,mob
SVP06447,SV100018,SVC0013,2026-04-30,11:51:44,6240,mob
SVP06448,SV100018,SVC0013,2026-04-30,11:52:44,6300,mob
SVP06449,SV100018,SVC0013,2026-04-30,11:53:44,6360,mob
SVP06450,SV100018,SVC0013,2026-04-30,11:54:44,6420,mob
SVP06451,SV100018,SVC0013,2026-04-30,11:55:44,6480,mob
SVP06452,SV100018,SVC0013,2026-04-30,11:56:44,6540,mob
SVP06453,SV100018,SVC0013,2026-04-30,11:58:44,6660,mob
SVP06454,SV100018,SVC0013,2026-04-30,11:59:44,6720,mob
SVP06455,SV100018,SVC0013,2026-04-30,12:00:44,6780,mob
SVP06456,SV100018,SVC0013,2026-04-30,12:01:44,6840,mob
SVP06457,SV100018,SVC0013,2026-04-30,12:02:44,6900,mob
SVP06458,SV100018,SVC0013,2026-04-30,12:03:44,6960,mob
SVP06459,SV100018,SVC0013,2026-04-30,12:04:44,7020,mob
SVP06460,SV100018,SVC0013,2026-04-30,12:05:44,7080,mob
SVP06461,SV100018,SVC0013,2026-04-30,12:06:44,7140,mob
SVP06462,SV100018,SVC0013,2026-04-30,12:07:44,7200,mob
SVP06463,SV100018,SVC0013,2026-04-30,12:08:44,7260,mob
SVP06464,SV100018,SVC0013,2026-04-30,12:09:44,7320,mob
SVP06465,SV100018,SVC0013,2026-04-30,12:10:44,7380,mob
SVP06466,SV100018,SVC0013,2026-04-30,12:11:44,7440,mob
SVP06467,SV100018,SVC0013,2026-04-30,12:12:44,7500,mob
SVP06468,SV100018,SVC0013,2026-04-30,12:13:44,7560,mob
SVP06469,SV100018,SVC0013,2026-04-30,12:14:44,7620,mob
SVP06470,SV100018,SVC0013,2026-04-30,12:15:44,7680,mob
SVP06471,SV100018,SVC0013,2026-04-30,12:17:44,7800,mob
SVP06472,SV100018,SVC0013,2026-04-30,12:18:44,7860,mob
SVP06473,SV100018,SVC0013,2026-04-30,12:19:44,7920,mob
SVP06474,SV100018,SVC0013,2026-04-30,12:20:44,7980,mob
SVP06475,SV100018,SVC0013,2026-04-30,12:21:44,8040,mob
SVP06476,SV100018,SVC0013,2026-04-30,12:22:40,8096,mob
SVP06477,SV100010,SVC0019,2026-05-01,17:26:28,0,stb
SVP06478,SV100010,SVC0019,2026-05-01,17:27:28,60,stb
SVP06479,SV100010,SVC0019,2026-05-01,17:29:28,180,stb
SVP06480,SV100010,SVC0019,2026-05-01,17:30:28,240,stb
SVP06481,SV100010,SVC0019,2026-05-01,17:31:28,300,stb
SVP06482,SV100010,SVC0019,2026-05-01,17:32:28,360,stb
SVP06483,SV100010,SVC0019,2026-05-01,17:33:28,420,stb
SVP06484,SV100010,SVC0019,2026-05-01,17:34:28,480,stb
SVP06485,SV100010,SVC0019,2026-05-01,17:35:28,540,stb
SVP06486,SV100010,SVC0019,2026-05-01,17:36:28,600,stb
SVP06487,SV100010,SVC0019,2026-05-01,17:37:28,660,stb
SVP06488,SV100010,SVC0019,2026-05-01,17:38:28,720,stb
SVP06489,SV100010,SVC0019,2026-05-01,17:39:28,780,stb
SVP06490,SV100010,SVC0019,2026-05-01,17:40:28,840,stb
SVP06491,SV100010,SVC0019,2026-05-01,17:41:28,900,stb
SVP06492,SV100010,SVC0019,2026-05-01,17:42:28,960,stb
SVP06493,SV100010,SVC0019,2026-05-01,17:43:28,1020,stb
SVP06494,SV100010,SVC0019,2026-05-01,17:44:28,1080,stb
SVP06495,SV100010,SVC0019,2026-05-01,17:45:28,1140,stb
SVP06496,SV100010,SVC0019,2026-05-01,17:46:28,1200,stb
SVP06497,SV100010,SVC0019,2026-05-01,17:47:28,1260,stb
SVP06498,SV100010,SVC0019,2026-05-01,17:48:28,1320,stb
SVP06499,SV100010,SVC0019,2026-05-01,17:49:28,1380,stb
SVP06500,SV100010,SVC0019,2026-05-01,17:51:28,1500,stb
SVP06501,SV100010,SVC0019,2026-05-01,17:52:28,1560,stb
SVP06502,SV100010,SVC0019,2026-05-01,17:53:28,1620,stb
SVP06503,SV100010,SVC0019,2026-05-01,17:54:28,1680,stb
SVP06504,SV100010,SVC0019,2026-05-01,17:55:28,1740,stb
SVP06505,SV100010,SVC0019,2026-05-01,17:56:28,1800,stb
SVP06506,SV100010,SVC0019,2026-05-01,17:57:28,1860,stb
SVP06507,SV100010,SVC0019,2026-05-01,17:57:55,1887,stb
SVP06508,SV100020,SVC0015,2026-05-02,22:50:21,0,mob
SVP06509,SV100020,SVC0015,2026-05-02,22:52:21,120,mob
SVP06510,SV100020,SVC0015,2026-05-02,22:53:21,180,mob
SVP06511,SV100020,SVC0015,2026-05-02,22:54:21,240,mob
SVP06512,SV100020,SVC0015,2026-05-02,22:55:21,300,mob
SVP06513,SV100020,SVC0015,2026-05-02,22:56:21,360,mob
SVP06514,SV100020,SVC0015,2026-05-02,22:57:21,420,mob
SVP06515,SV100020,SVC0015,2026-05-02,22:58:21,480,mob
SVP06516,SV100020,SVC0015,2026-05-02,22:59:21,540,mob
SVP06517,SV100020,SVC0015,2026-05-02,23:00:21,600,mob
SVP06518,SV100020,SVC0015,2026-05-02,23:01:21,660,mob
SVP06519,SV100020,SVC0015,2026-05-02,23:02:21,720,mob
SVP06520,SV100020,SVC0015,2026-05-02,23:03:21,780,mob
SVP06521,SV100020,SVC0015,2026-05-02,23:04:21,840,mob
SVP06522,SV100020,SVC0015,2026-05-02,23:06:21,960,mob
SVP06523,SV100020,SVC0015,2026-05-02,23:07:21,1020,mob
SVP06524,SV100020,SVC0015,2026-05-02,23:08:21,1080,mob
SVP06525,SV100020,SVC0015,2026-05-02,23:09:21,1140,mob
SVP06526,SV100020,SVC0015,2026-05-02,23:10:21,1200,mob
SVP06527,SV100020,SVC0015,2026-05-02,23:11:21,1260,mob
SVP06528,SV100020,SVC0015,2026-05-02,23:12:21,1320,mob
SVP06529,SV100020,SVC0015,2026-05-02,23:14:21,1440,mob
SVP06530,SV100020,SVC0015,2026-05-02,23:15:21,1500,mob
SVP06531,SV100020,SVC0015,2026-05-02,23:16:21,1560,mob
SVP06532,SV100020,SVC0015,2026-05-02,23:17:21,1620,mob
SVP06533,SV100020,SVC0015,2026-05-02,23:18:21,1680,mob
SVP06534,SV100020,SVC0015,2026-05-02,23:19:21,1740,mob
SVP06535,SV100020,SVC0015,2026-05-02,23:20:21,1800,mob
SVP06536,SV100020,SVC0015,2026-05-02,23:21:21,1860,mob
SVP06537,SV100020,SVC0015,2026-05-02,23:23:21,1980,mob
SVP06538,SV100020,SVC0015,2026-05-02,23:24:21,2040,mob
SVP06539,SV100020,SVC0015,2026-05-02,23:25:21,2100,mob
SVP06540,SV100020,SVC0015,2026-05-02,23:26:21,2160,mob
SVP06541,SV100020,SVC0015,2026-05-02,23:27:21,2220,mob
SVP06542,SV100020,SVC0015,2026-05-02,23:28:21,2280,mob
SVP06543,SV100020,SVC0015,2026-05-02,23:29:21,2340,mob
SVP06544,SV100020,SVC0015,2026-05-02,23:30:21,2400,mob
SVP06545,SV100020,SVC0015,2026-05-02,23:31:21,2460,mob
SVP06546,SV100020,SVC0015,2026-05-02,23:32:21,2520,mob
SVP06547,SV100020,SVC0015,2026-05-02,23:33:21,2580,mob
SVP06548,SV100020,SVC0015,2026-05-02,23:34:21,2640,mob
SVP06549,SV100020,SVC0015,2026-05-02,23:35:21,2700,mob
SVP06550,SV100020,SVC0015,2026-05-02,23:36:21,2760,mob
SVP06551,SV100020,SVC0015,2026-05-02,23:38:21,2880,mob
SVP06552,SV100020,SVC0015,2026-05-02,23:39:21,2940,mob
SVP06553,SV100020,SVC0015,2026-05-02,23:40:21,3000,mob
SVP06554,SV100020,SVC0015,2026-05-02,23:41:21,3060,mob
SVP06555,SV100020,SVC0015,2026-05-02,23:42:21,3120,mob
SVP06556,SV100020,SVC0015,2026-05-02,23:43:19,3178,mob
SVP06557,SV100023,SVC0009,2026-05-03,23:10:20,0,tab
SVP06558,SV100023,SVC0009,2026-05-03,23:11:20,60,tab
SVP06559,SV100023,SVC0009,2026-05-03,23:12:20,120,tab
SVP06560,SV100023,SVC0009,2026-05-03,23:13:20,180,tab
SVP06561,SV100023,SVC0009,2026-05-03,23:14:20,240,tab
SVP06562,SV100023,SVC0009,2026-05-03,23:16:20,360,tab
SVP06563,SV100023,SVC0009,2026-05-03,23:17:20,420,tab
SVP06564,SV100023,SVC0009,2026-05-03,23:18:20,480,tab
SVP06565,SV100023,SVC0009,2026-05-03,23:19:20,540,tab
SVP06566,SV100023,SVC0009,2026-05-03,23:20:20,600,tab
SVP06567,SV100023,SVC0009,2026-05-03,23:21:20,660,tab
SVP06568,SV100023,SVC0009,2026-05-03,23:22:20,720,tab
SVP06569,SV100023,SVC0009,2026-05-03,23:23:20,780,tab
SVP06570,SV100023,SVC0009,2026-05-03,23:24:20,840,tab
SVP06571,SV100023,SVC0009,2026-05-03,23:25:20,900,tab
SVP06572,SV100023,SVC0009,2026-05-03,23:26:20,960,tab
SVP06573,SV100023,SVC0009,2026-05-03,23:27:20,1020,tab
SVP06574,SV100023,SVC0009,2026-05-03,23:28:20,1080,tab
SVP06575,SV100023,SVC0009,2026-05-03,23:29:20,1140,tab
SVP06576,SV100023,SVC0009,2026-05-03,23:30:20,1200,tab
SVP06577,SV100023,SVC0009,2026-05-03,23:31:20,1260,tab
SVP06578,SV100023,SVC0009,2026-05-03,23:32:20,1320,tab
SVP06579,SV100023,SVC0009,2026-05-03,23:33:20,1380,tab
SVP06580,SV100023,SVC0009,2026-05-03,23:35:20,1500,tab
SVP06581,SV100023,SVC0009,2026-05-03,23:36:20,1560,tab
SVP06582,SV100023,SVC0009,2026-05-03,23:37:20,1620,tab
SVP06583,SV100023,SVC0009,2026-05-03,23:38:20,1680,tab
SVP06584,SV100023,SVC0009,2026-05-03,23:39:20,1740,tab
SVP06585,SV100023,SVC0009,2026-05-03,23:40:18,1798,tab
SVP06586,SV100021,SVC0021,2026-05-04,15:16:35,0,mob
SVP06587,SV100021,SVC0021,2026-05-04,15:17:35,60,mob
SVP06588,SV100021,SVC0021,2026-05-04,15:18:35,120,mob
SVP06589,SV100021,SVC0021,2026-05-04,15:20:35,240,mob
SVP06590,SV100021,SVC0021,2026-05-04,15:21:35,300,mob
SVP06591,SV100021,SVC0021,2026-05-04,15:22:35,360,mob
SVP06592,SV100021,SVC0021,2026-05-04,15:23:35,420,mob
SVP06593,SV100021,SVC0021,2026-05-04,15:24:35,480,mob
SVP06594,SV100021,SVC0021,2026-05-04,15:25:35,540,mob
SVP06595,SV100021,SVC0021,2026-05-04,15:26:35,600,mob
SVP06596,SV100021,SVC0021,2026-05-04,15:27:35,660,mob
SVP06597,SV100021,SVC0021,2026-05-04,15:28:35,720,mob
SVP06598,SV100021,SVC0021,2026-05-04,15:29:35,780,mob
SVP06599,SV100021,SVC0021,2026-05-04,15:31:35,900,mob
SVP06600,SV100021,SVC0021,2026-05-04,15:32:35,960,mob
SVP06601,SV100021,SVC0021,2026-05-04,15:33:35,1020,mob
SVP06602,SV100021,SVC0021,2026-05-04,15:34:35,1080,mob
SVP06603,SV100021,SVC0021,2026-05-04,15:35:35,1140,mob
SVP06604,SV100021,SVC0021,2026-05-04,15:36:35,1200,mob
SVP06605,SV100021,SVC0021,2026-05-04,15:37:35,1260,mob
SVP06606,SV100021,SVC0021,2026-05-04,15:38:35,1320,mob
SVP06607,SV100021,SVC0021,2026-05-04,15:39:35,1380,mob
SVP06608,SV100021,SVC0021,2026-05-04,15:40:35,1440,mob
SVP06609,SV100021,SVC0021,2026-05-04,15:41:35,1500,mob
SVP06610,SV100021,SVC0021,2026-05-04,15:42:35,1560,mob
SVP06611,SV100021,SVC0021,2026-05-04,15:43:35,1620,mob
SVP06612,SV100021,SVC0021,2026-05-04,15:44:35,1680,mob
SVP06613,SV100021,SVC0021,2026-05-04,15:45:35,1740,mob
SVP06614,SV100021,SVC0021,2026-05-04,15:46:35,1800,mob
SVP06615,SV100021,SVC0021,2026-05-04,15:47:35,1860,mob
SVP06616,SV100021,SVC0021,2026-05-04,15:48:35,1920,mob
SVP06617,SV100021,SVC0021,2026-05-04,15:49:35,1980,mob
SVP06618,SV100021,SVC0021,2026-05-04,15:50:35,2040,mob
SVP06619,SV100021,SVC0021,2026-05-04,15:51:35,2100,mob
SVP06620,SV100021,SVC0021,2026-05-04,15:52:35,2160,mob
SVP06621,SV100021,SVC0021,2026-05-04,15:53:35,2220,mob
SVP06622,SV100021,SVC0021,2026-05-04,15:54:35,2280,mob
SVP06623,SV100021,SVC0021,2026-05-04,15:56:35,2400,mob
SVP06624,SV100021,SVC0021,2026-05-04,15:57:35,2460,mob
SVP06625,SV100021,SVC0021,2026-05-04,15:58:35,2520,mob
SVP06626,SV100021,SVC0021,2026-05-04,15:59:35,2580,mob
SVP06627,SV100021,SVC0021,2026-05-04,16:00:35,2640,mob
SVP06628,SV100021,SVC0021,2026-05-04,16:01:35,2700,mob
SVP06629,SV100021,SVC0021,2026-05-04,16:02:35,2760,mob
SVP06630,SV100021,SVC0021,2026-05-04,16:03:35,2820,mob
SVP06631,SV100021,SVC0021,2026-05-04,16:04:35,2880,mob
SVP06632,SV100021,SVC0021,2026-05-04,16:05:35,2940,mob
SVP06633,SV100021,SVC0021,2026-05-04,16:06:35,3000,mob
SVP06634,SV100021,SVC0021,2026-05-04,16:07:35,3060,mob
SVP06635,SV100021,SVC0021,2026-05-04,16:08:35,3120,mob
SVP06636,SV100021,SVC0021,2026-05-04,16:09:35,3180,mob
SVP06637,SV100021,SVC0021,2026-05-04,16:10:35,3240,mob
SVP06638,SV100021,SVC0021,2026-05-04,16:12:35,3360,mob
SVP06639,SV100021,SVC0021,2026-05-04,16:13:35,3420,mob
SVP06640,SV100021,SVC0021,2026-05-04,16:14:35,3480,mob
SVP06641,SV100021,SVC0021,2026-05-04,16:15:35,3540,mob
SVP06642,SV100021,SVC0021,2026-05-04,16:16:35,3600,mob
SVP06643,SV100021,SVC0021,2026-05-04,16:17:35,3660,mob
SVP06644,SV100021,SVC0021,2026-05-04,16:18:35,3720,mob
SVP06645,SV100021,SVC0021,2026-05-04,16:19:35,3780,mob
SVP06646,SV100021,SVC0021,2026-05-04,16:21:35,3900,mob
SVP06647,SV100021,SVC0021,2026-05-04,16:22:35,3960,mob
SVP06648,SV100021,SVC0021,2026-05-04,16:23:35,4020,mob
SVP06649,SV100021,SVC0021,2026-05-04,16:25:35,4140,mob
SVP06650,SV100021,SVC0021,2026-05-04,16:26:35,4200,mob
SVP06651,SV100021,SVC0021,2026-05-04,16:27:35,4260,mob
SVP06652,SV100021,SVC0021,2026-05-04,16:28:35,4320,mob
SVP06653,SV100021,SVC0021,2026-05-04,16:29:35,4380,mob
SVP06654,SV100021,SVC0021,2026-05-04,16:30:35,4440,mob
SVP06655,SV100021,SVC0021,2026-05-04,16:31:35,4500,mob
SVP06656,SV100021,SVC0021,2026-05-04,16:32:35,4560,mob
SVP06657,SV100021,SVC0021,2026-05-04,16:33:35,4620,mob
SVP06658,SV100021,SVC0021,2026-05-04,16:34:35,4680,mob
SVP06659,SV100021,SVC0021,2026-05-04,16:35:35,4740,mob
SVP06660,SV100021,SVC0021,2026-05-04,16:36:35,4800,mob
SVP06661,SV100021,SVC0021,2026-05-04,16:37:35,4860,mob
SVP06662,SV100021,SVC0021,2026-05-04,16:38:35,4920,mob
SVP06663,SV100021,SVC0021,2026-05-04,16:40:35,5040,mob
SVP06664,SV100021,SVC0021,2026-05-04,16:41:35,5100,mob
SVP06665,SV100021,SVC0021,2026-05-04,16:42:35,5160,mob
SVP06666,SV100021,SVC0021,2026-05-04,16:43:35,5220,mob
SVP06667,SV100021,SVC0021,2026-05-04,16:44:35,5280,mob
SVP06668,SV100021,SVC0021,2026-05-04,16:45:35,5340,mob
SVP06669,SV100021,SVC0021,2026-05-04,16:46:35,5400,mob
SVP06670,SV100021,SVC0021,2026-05-04,16:47:35,5460,mob
SVP06671,SV100021,SVC0021,2026-05-04,16:48:35,5520,mob
SVP06672,SV100021,SVC0021,2026-05-04,16:49:35,5580,mob
SVP06673,SV100021,SVC0021,2026-05-04,16:50:35,5640,mob
SVP06674,SV100021,SVC0021,2026-05-04,16:51:35,5700,mob
SVP06675,SV100021,SVC0021,2026-05-04,16:52:35,5760,mob
SVP06676,SV100021,SVC0021,2026-05-04,16:53:05,5790,mob
SVP06677,SV100006,SVC0022,2026-05-05,08:08:39,0,stb
SVP06678,SV100006,SVC0022,2026-05-05,08:09:39,60,stb
SVP06679,SV100006,SVC0022,2026-05-05,08:10:39,120,stb
SVP06680,SV100006,SVC0022,2026-05-05,08:11:39,180,stb
SVP06681,SV100006,SVC0022,2026-05-05,08:13:39,300,stb
SVP06682,SV100006,SVC0022,2026-05-05,08:14:39,360,stb
SVP06683,SV100006,SVC0022,2026-05-05,08:15:39,420,stb
SVP06684,SV100006,SVC0022,2026-05-05,08:17:39,540,stb
SVP06685,SV100006,SVC0022,2026-05-05,08:18:39,600,stb
SVP06686,SV100006,SVC0022,2026-05-05,08:19:39,660,stb
SVP06687,SV100006,SVC0022,2026-05-05,08:20:39,720,stb
SVP06688,SV100006,SVC0022,2026-05-05,08:21:39,780,stb
SVP06689,SV100006,SVC0022,2026-05-05,08:22:39,840,stb
SVP06690,SV100006,SVC0022,2026-05-05,08:23:39,900,stb
SVP06691,SV100006,SVC0022,2026-05-05,08:24:39,960,stb
SVP06692,SV100006,SVC0022,2026-05-05,08:25:18,999,stb
SVP06693,SV100023,SVC0013,2026-05-06,13:05:35,0,tab
SVP06694,SV100023,SVC0013,2026-05-06,13:06:35,60,tab
SVP06695,SV100023,SVC0013,2026-05-06,13:07:35,120,tab
SVP06696,SV100023,SVC0013,2026-05-06,13:08:35,180,tab
SVP06697,SV100023,SVC0013,2026-05-06,13:09:35,240,tab
SVP06698,SV100023,SVC0013,2026-05-06,13:10:35,300,tab
SVP06699,SV100023,SVC0013,2026-05-06,13:11:35,360,tab
SVP06700,SV100023,SVC0013,2026-05-06,13:12:35,420,tab
SVP06701,SV100023,SVC0013,2026-05-06,13:13:35,480,tab
SVP06702,SV100023,SVC0013,2026-05-06,13:14:35,540,tab
SVP06703,SV100023,SVC0013,2026-05-06,13:15:35,600,tab
SVP06704,SV100023,SVC0013,2026-05-06,13:16:35,660,tab
SVP06705,SV100023,SVC0013,2026-05-06,13:18:35,780,tab
SVP06706,SV100023,SVC0013,2026-05-06,13:19:35,840,tab
SVP06707,SV100023,SVC0013,2026-05-06,13:20:35,900,tab
SVP06708,SV100023,SVC0013,2026-05-06,13:21:35,960,tab
SVP06709,SV100023,SVC0013,2026-05-06,13:22:35,1020,tab
SVP06710,SV100023,SVC0013,2026-05-06,13:23:35,1080,tab
SVP06711,SV100023,SVC0013,2026-05-06,13:24:35,1140,tab
SVP06712,SV100023,SVC0013,2026-05-06,13:25:35,1200,tab
SVP06713,SV100023,SVC0013,2026-05-06,13:26:35,1260,tab
SVP06714,SV100023,SVC0013,2026-05-06,13:27:35,1320,tab
SVP06715,SV100023,SVC0013,2026-05-06,13:29:35,1440,tab
SVP06716,SV100023,SVC0013,2026-05-06,13:30:35,1500,tab
SVP06717,SV100023,SVC0013,2026-05-06,13:31:35,1560,tab
SVP06718,SV100023,SVC0013,2026-05-06,13:33:35,1680,tab
SVP06719,SV100023,SVC0013,2026-05-06,13:34:35,1740,tab
SVP06720,SV100023,SVC0013,2026-05-06,13:35:35,1800,tab
SVP06721,SV100023,SVC0013,2026-05-06,13:36:35,1860,tab
SVP06722,SV100023,SVC0013,2026-05-06,13:37:35,1920,tab
SVP06723,SV100023,SVC0013,2026-05-06,13:38:35,1980,tab
SVP06724,SV100023,SVC0013,2026-05-06,13:39:35,2040,tab
SVP06725,SV100023,SVC0013,2026-05-06,13:40:35,2100,tab
SVP06726,SV100023,SVC0013,2026-05-06,13:41:35,2160,tab
SVP06727,SV100023,SVC0013,2026-05-06,13:42:35,2220,tab
SVP06728,SV100023,SVC0013,2026-05-06,13:44:35,2340,tab
SVP06729,SV100023,SVC0013,2026-05-06,13:45:35,2400,tab
SVP06730,SV100023,SVC0013,2026-05-06,13:46:35,2460,tab
SVP06731,SV100023,SVC0013,2026-05-06,13:47:35,2520,tab
SVP06732,SV100023,SVC0013,2026-05-06,13:48:35,2580,tab
SVP06733,SV100023,SVC0013,2026-05-06,13:49:35,2640,tab
SVP06734,SV100023,SVC0013,2026-05-06,13:50:35,2700,tab
SVP06735,SV100023,SVC0013,2026-05-06,13:51:35,2760,tab
SVP06736,SV100023,SVC0013,2026-05-06,13:52:35,2820,tab
SVP06737,SV100023,SVC0013,2026-05-06,13:53:35,2880,tab
SVP06738,SV100023,SVC0013,2026-05-06,13:55:35,3000,tab
SVP06739,SV100023,SVC0013,2026-05-06,13:56:35,3060,tab
SVP06740,SV100023,SVC0013,2026-05-06,13:57:35,3120,tab
SVP06741,SV100023,SVC0013,2026-05-06,13:58:35,3180,tab
SVP06742,SV100023,SVC0013,2026-05-06,13:59:35,3240,tab
SVP06743,SV100023,SVC0013,2026-05-06,14:00:35,3300,tab
SVP06744,SV100023,SVC0013,2026-05-06,14:01:35,3360,tab
SVP06745,SV100023,SVC0013,2026-05-06,14:02:35,3420,tab
SVP06746,SV100023,SVC0013,2026-05-06,14:03:35,3480,tab
SVP06747,SV100023,SVC0013,2026-05-06,14:04:35,3540,tab
SVP06748,SV100023,SVC0013,2026-05-06,14:05:35,3600,tab
SVP06749,SV100023,SVC0013,2026-05-06,14:06:35,3660,tab
SVP06750,SV100023,SVC0013,2026-05-06,14:07:35,3720,tab
SVP06751,SV100023,SVC0013,2026-05-06,14:08:35,3780,tab
SVP06752,SV100023,SVC0013,2026-05-06,14:09:35,3840,tab
SVP06753,SV100023,SVC0013,2026-05-06,14:10:35,3900,tab
SVP06754,SV100023,SVC0013,2026-05-06,14:11:35,3960,tab
SVP06755,SV100023,SVC0013,2026-05-06,14:13:35,4080,tab
SVP06756,SV100023,SVC0013,2026-05-06,14:14:35,4140,tab
SVP06757,SV100023,SVC0013,2026-05-06,14:15:35,4200,tab
SVP06758,SV100023,SVC0013,2026-05-06,14:16:35,4260,tab
SVP06759,SV100023,SVC0013,2026-05-06,14:17:35,4320,tab
SVP06760,SV100023,SVC0013,2026-05-06,14:18:35,4380,tab
SVP06761,SV100023,SVC0013,2026-05-06,14:19:35,4440,tab
SVP06762,SV100023,SVC0013,2026-05-06,14:20:35,4500,tab
SVP06763,SV100023,SVC0013,2026-05-06,14:21:35,4560,tab
SVP06764,SV100023,SVC0013,2026-05-06,14:22:35,4620,tab
SVP06765,SV100023,SVC0013,2026-05-06,14:22:54,4639,tab
SVP06766,SV100007,SVC0007,2026-05-07,20:20:11,0,mob
SVP06767,SV100007,SVC0007,2026-05-07,20:21:11,60,mob
SVP06768,SV100007,SVC0007,2026-05-07,20:22:11,120,mob
SVP06769,SV100007,SVC0007,2026-05-07,20:23:11,180,mob
SVP06770,SV100007,SVC0007,2026-05-07,20:25:11,300,mob
SVP06771,SV100007,SVC0007,2026-05-07,20:26:11,360,mob
SVP06772,SV100007,SVC0007,2026-05-07,20:27:11,420,mob
SVP06773,SV100007,SVC0007,2026-05-07,20:28:11,480,mob
SVP06774,SV100007,SVC0007,2026-05-07,20:29:11,540,mob
SVP06775,SV100007,SVC0007,2026-05-07,20:30:11,600,mob
SVP06776,SV100007,SVC0007,2026-05-07,20:31:11,660,mob
SVP06777,SV100007,SVC0007,2026-05-07,20:32:11,720,mob
SVP06778,SV100007,SVC0007,2026-05-07,20:34:11,840,mob
SVP06779,SV100007,SVC0007,2026-05-07,20:35:11,900,mob
SVP06780,SV100007,SVC0007,2026-05-07,20:36:11,960,mob
SVP06781,SV100007,SVC0007,2026-05-07,20:37:11,1020,mob
SVP06782,SV100007,SVC0007,2026-05-07,20:38:11,1080,mob
SVP06783,SV100007,SVC0007,2026-05-07,20:39:11,1140,mob
SVP06784,SV100007,SVC0007,2026-05-07,20:40:11,1200,mob
SVP06785,SV100007,SVC0007,2026-05-07,20:41:11,1260,mob
SVP06786,SV100007,SVC0007,2026-05-07,20:42:11,1320,mob
SVP06787,SV100007,SVC0007,2026-05-07,20:43:11,1380,mob
SVP06788,SV100007,SVC0007,2026-05-07,20:44:11,1440,mob
SVP06789,SV100007,SVC0007,2026-05-07,20:46:11,1560,mob
SVP06790,SV100007,SVC0007,2026-05-07,20:48:11,1680,mob
SVP06791,SV100007,SVC0007,2026-05-07,20:49:11,1740,mob
SVP06792,SV100007,SVC0007,2026-05-07,20:50:11,1800,mob
SVP06793,SV100007,SVC0007,2026-05-07,20:51:11,1860,mob
SVP06794,SV100007,SVC0007,2026-05-07,20:52:11,1920,mob
SVP06795,SV100007,SVC0007,2026-05-07,20:53:11,1980,mob
SVP06796,SV100007,SVC0007,2026-05-07,20:54:11,2040,mob
SVP06797,SV100007,SVC0007,2026-05-07,20:56:11,2160,mob
SVP06798,SV100007,SVC0007,2026-05-07,20:57:11,2220,mob
SVP06799,SV100007,SVC0007,2026-05-07,20:58:11,2280,mob
SVP06800,SV100007,SVC0007,2026-05-07,20:59:11,2340,mob
SVP06801,SV100007,SVC0007,2026-05-07,21:00:11,2400,mob
SVP06802,SV100007,SVC0007,2026-05-07,21:01:11,2460,mob
SVP06803,SV100007,SVC0007,2026-05-07,21:03:11,2580,mob
SVP06804,SV100007,SVC0007,2026-05-07,21:04:11,2640,mob
SVP06805,SV100007,SVC0007,2026-05-07,21:05:11,2700,mob
SVP06806,SV100007,SVC0007,2026-05-07,21:06:11,2760,mob
SVP06807,SV100007,SVC0007,2026-05-07,21:07:11,2820,mob
SVP06808,SV100007,SVC0007,2026-05-07,21:08:11,2880,mob
SVP06809,SV100007,SVC0007,2026-05-07,21:09:11,2940,mob
SVP06810,SV100007,SVC0007,2026-05-07,21:11:11,3060,mob
SVP06811,SV100007,SVC0007,2026-05-07,21:12:11,3120,mob
SVP06812,SV100007,SVC0007,2026-05-07,21:13:11,3180,mob
SVP06813,SV100007,SVC0007,2026-05-07,21:14:11,3240,mob
SVP06814,SV100007,SVC0007,2026-05-07,21:15:11,3300,mob
SVP06815,SV100007,SVC0007,2026-05-07,21:16:11,3360,mob
SVP06816,SV100007,SVC0007,2026-05-07,21:18:11,3480,mob
SVP06817,SV100007,SVC0007,2026-05-07,21:18:29,3498,mob
SVP06818,SV100005,SVC0013,2026-05-08,15:10:04,0,tab
SVP06819,SV100005,SVC0013,2026-05-08,15:11:04,60,tab
SVP06820,SV100005,SVC0013,2026-05-08,15:12:04,120,tab
SVP06821,SV100005,SVC0013,2026-05-08,15:13:04,180,tab
SVP06822,SV100005,SVC0013,2026-05-08,15:14:04,240,tab
SVP06823,SV100005,SVC0013,2026-05-08,15:15:04,300,tab
SVP06824,SV100005,SVC0013,2026-05-08,15:16:04,360,tab
SVP06825,SV100005,SVC0013,2026-05-08,15:17:04,420,tab
SVP06826,SV100005,SVC0013,2026-05-08,15:18:04,480,tab
SVP06827,SV100005,SVC0013,2026-05-08,15:19:04,540,tab
SVP06828,SV100005,SVC0013,2026-05-08,15:20:04,600,tab
SVP06829,SV100005,SVC0013,2026-05-08,15:21:04,660,tab
SVP06830,SV100005,SVC0013,2026-05-08,15:22:04,720,tab
SVP06831,SV100005,SVC0013,2026-05-08,15:23:04,780,tab
SVP06832,SV100005,SVC0013,2026-05-08,15:25:04,900,tab
SVP06833,SV100005,SVC0013,2026-05-08,15:26:04,960,tab
SVP06834,SV100005,SVC0013,2026-05-08,15:27:04,1020,tab
SVP06835,SV100005,SVC0013,2026-05-08,15:28:04,1080,tab
SVP06836,SV100005,SVC0013,2026-05-08,15:30:04,1200,tab
SVP06837,SV100005,SVC0013,2026-05-08,15:31:04,1260,tab
SVP06838,SV100005,SVC0013,2026-05-08,15:32:04,1320,tab
SVP06839,SV100005,SVC0013,2026-05-08,15:33:04,1380,tab
SVP06840,SV100005,SVC0013,2026-05-08,15:34:04,1440,tab
SVP06841,SV100005,SVC0013,2026-05-08,15:35:04,1500,tab
SVP06842,SV100005,SVC0013,2026-05-08,15:36:04,1560,tab
SVP06843,SV100005,SVC0013,2026-05-08,15:37:04,1620,tab
SVP06844,SV100005,SVC0013,2026-05-08,15:38:04,1680,tab
SVP06845,SV100005,SVC0013,2026-05-08,15:39:04,1740,tab
SVP06846,SV100005,SVC0013,2026-05-08,15:41:04,1860,tab
SVP06847,SV100005,SVC0013,2026-05-08,15:42:04,1920,tab
SVP06848,SV100005,SVC0013,2026-05-08,15:43:04,1980,tab
SVP06849,SV100005,SVC0013,2026-05-08,15:45:04,2100,tab
SVP06850,SV100005,SVC0013,2026-05-08,15:46:04,2160,tab
SVP06851,SV100005,SVC0013,2026-05-08,15:47:04,2220,tab
SVP06852,SV100005,SVC0013,2026-05-08,15:48:04,2280,tab
SVP06853,SV100005,SVC0013,2026-05-08,15:49:04,2340,tab
SVP06854,SV100005,SVC0013,2026-05-08,15:50:04,2400,tab
SVP06855,SV100005,SVC0013,2026-05-08,15:51:04,2460,tab
SVP06856,SV100005,SVC0013,2026-05-08,15:52:04,2520,tab
SVP06857,SV100005,SVC0013,2026-05-08,15:54:04,2640,tab
SVP06858,SV100005,SVC0013,2026-05-08,15:55:04,2700,tab
SVP06859,SV100005,SVC0013,2026-05-08,15:56:04,2760,tab
SVP06860,SV100005,SVC0013,2026-05-08,15:57:04,2820,tab
SVP06861,SV100005,SVC0013,2026-05-08,15:58:04,2880,tab
SVP06862,SV100005,SVC0013,2026-05-08,15:59:04,2940,tab
SVP06863,SV100005,SVC0013,2026-05-08,16:00:04,3000,tab
SVP06864,SV100005,SVC0013,2026-05-08,16:00:25,3021,tab
SVP06865,SV100024,SVC0005,2026-05-14,22:29:35,0,mob
SVP06866,SV100024,SVC0005,2026-05-14,22:30:35,60,mob
SVP06867,SV100024,SVC0005,2026-05-14,22:31:35,120,mob
SVP06868,SV100024,SVC0005,2026-05-14,22:32:35,180,mob
SVP06869,SV100024,SVC0005,2026-05-14,22:33:35,240,mob
SVP06870,SV100024,SVC0005,2026-05-14,22:34:35,300,mob
SVP06871,SV100024,SVC0005,2026-05-14,22:35:35,360,mob
SVP06872,SV100024,SVC0005,2026-05-14,22:36:35,420,mob
SVP06873,SV100024,SVC0005,2026-05-14,22:37:35,480,mob
SVP06874,SV100024,SVC0005,2026-05-14,22:38:35,540,mob
SVP06875,SV100024,SVC0005,2026-05-14,22:39:35,600,mob
SVP06876,SV100024,SVC0005,2026-05-14,22:40:35,660,mob
SVP06877,SV100024,SVC0005,2026-05-14,22:41:35,720,mob
SVP06878,SV100024,SVC0005,2026-05-14,22:42:35,780,mob
SVP06879,SV100024,SVC0005,2026-05-14,22:43:35,840,mob
SVP06880,SV100024,SVC0005,2026-05-14,22:44:35,900,mob
SVP06881,SV100024,SVC0005,2026-05-14,22:45:35,960,mob
SVP06882,SV100024,SVC0005,2026-05-14,22:46:35,1020,mob
SVP06883,SV100024,SVC0005,2026-05-14,22:47:35,1080,mob
SVP06884,SV100024,SVC0005,2026-05-14,22:48:35,1140,mob
SVP06885,SV100024,SVC0005,2026-05-14,22:50:35,1260,mob
SVP06886,SV100024,SVC0005,2026-05-14,22:51:35,1320,mob
SVP06887,SV100024,SVC0005,2026-05-14,22:52:35,1380,mob
SVP06888,SV100024,SVC0005,2026-05-14,22:52:39,1384,mob
SVP06889,SV100021,SVC0022,2026-05-14,23:19:58,0,tab
SVP06890,SV100021,SVC0022,2026-05-14,23:20:58,60,tab
SVP06891,SV100021,SVC0022,2026-05-14,23:21:58,120,tab
SVP06892,SV100021,SVC0022,2026-05-14,23:22:58,180,tab
SVP06893,SV100021,SVC0022,2026-05-14,23:23:58,240,tab
SVP06894,SV100021,SVC0022,2026-05-14,23:24:58,300,tab
SVP06895,SV100021,SVC0022,2026-05-14,23:26:58,420,tab
SVP06896,SV100021,SVC0022,2026-05-14,23:27:58,480,tab
SVP06897,SV100021,SVC0022,2026-05-14,23:28:58,540,tab
SVP06898,SV100021,SVC0022,2026-05-14,23:29:58,600,tab
SVP06899,SV100021,SVC0022,2026-05-14,23:30:58,660,tab
SVP06900,SV100021,SVC0022,2026-05-14,23:31:58,720,tab
SVP06901,SV100021,SVC0022,2026-05-14,23:32:58,780,tab
SVP06902,SV100021,SVC0022,2026-05-14,23:33:58,840,tab
SVP06903,SV100021,SVC0022,2026-05-14,23:34:58,900,tab
SVP06904,SV100021,SVC0022,2026-05-14,23:35:58,960,tab
SVP06905,SV100021,SVC0022,2026-05-14,23:36:58,1020,tab
SVP06906,SV100021,SVC0022,2026-05-14,23:37:58,1080,tab
SVP06907,SV100021,SVC0022,2026-05-14,23:38:58,1140,tab
SVP06908,SV100021,SVC0022,2026-05-14,23:39:58,1200,tab
SVP06909,SV100021,SVC0022,2026-05-14,23:40:23,1225,tab
SVP06910,SV100011,SVC0023,2026-05-16,20:59:22,0,stb
SVP06911,SV100011,SVC0023,2026-05-16,21:00:22,60,stb
SVP06912,SV100011,SVC0023,2026-05-16,21:01:22,120,stb
SVP06913,SV100011,SVC0023,2026-05-16,21:02:22,180,stb
SVP06914,SV100011,SVC0023,2026-05-16,21:03:22,240,stb
SVP06915,SV100011,SVC0023,2026-05-16,21:04:22,300,stb
SVP06916,SV100011,SVC0023,2026-05-16,21:05:22,360,stb
SVP06917,SV100011,SVC0023,2026-05-16,21:06:22,420,stb
SVP06918,SV100011,SVC0023,2026-05-16,21:07:22,480,stb
SVP06919,SV100011,SVC0023,2026-05-16,21:08:22,540,stb
SVP06920,SV100011,SVC0023,2026-05-16,21:09:22,600,stb
SVP06921,SV100011,SVC0023,2026-05-16,21:10:22,660,stb
SVP06922,SV100011,SVC0023,2026-05-16,21:11:22,720,stb
SVP06923,SV100011,SVC0023,2026-05-16,21:12:22,780,stb
SVP06924,SV100011,SVC0023,2026-05-16,21:13:22,840,stb
SVP06925,SV100011,SVC0023,2026-05-16,21:14:22,900,stb
SVP06926,SV100011,SVC0023,2026-05-16,21:15:22,960,stb
SVP06927,SV100011,SVC0023,2026-05-16,21:16:22,1020,stb
SVP06928,SV100011,SVC0023,2026-05-16,21:17:22,1080,stb
SVP06929,SV100011,SVC0023,2026-05-16,21:18:22,1140,stb
SVP06930,SV100011,SVC0023,2026-05-16,21:19:22,1200,stb
SVP06931,SV100011,SVC0023,2026-05-16,21:20:22,1260,stb
SVP06932,SV100011,SVC0023,2026-05-16,21:21:22,1320,stb
SVP06933,SV100011,SVC0023,2026-05-16,21:22:22,1380,stb
SVP06934,SV100011,SVC0023,2026-05-16,21:23:22,1440,stb
SVP06935,SV100011,SVC0023,2026-05-16,21:25:22,1560,stb
SVP06936,SV100011,SVC0023,2026-05-16,21:26:22,1620,stb
SVP06937,SV100011,SVC0023,2026-05-16,21:27:22,1680,stb
SVP06938,SV100011,SVC0023,2026-05-16,21:28:22,1740,stb
SVP06939,SV100011,SVC0023,2026-05-16,21:29:22,1800,stb
SVP06940,SV100011,SVC0023,2026-05-16,21:30:22,1860,stb
SVP06941,SV100011,SVC0023,2026-05-16,21:31:22,1920,stb
SVP06942,SV100011,SVC0023,2026-05-16,21:32:22,1980,stb
SVP06943,SV100011,SVC0023,2026-05-16,21:34:22,2100,stb
SVP06944,SV100011,SVC0023,2026-05-16,21:35:22,2160,stb
SVP06945,SV100011,SVC0023,2026-05-16,21:36:22,2220,stb
SVP06946,SV100011,SVC0023,2026-05-16,21:37:22,2280,stb
SVP06947,SV100011,SVC0023,2026-05-16,21:38:22,2340,stb
SVP06948,SV100011,SVC0023,2026-05-16,21:39:22,2400,stb
SVP06949,SV100011,SVC0023,2026-05-16,21:40:22,2460,stb
SVP06950,SV100011,SVC0023,2026-05-16,21:41:22,2520,stb
SVP06951,SV100011,SVC0023,2026-05-16,21:42:22,2580,stb
SVP06952,SV100011,SVC0023,2026-05-16,21:43:22,2640,stb
SVP06953,SV100011,SVC0023,2026-05-16,21:44:22,2700,stb
SVP06954,SV100011,SVC0023,2026-05-16,21:45:22,2760,stb
SVP06955,SV100011,SVC0023,2026-05-16,21:46:22,2820,stb
SVP06956,SV100011,SVC0023,2026-05-16,21:47:22,2880,stb
SVP06957,SV100011,SVC0023,2026-05-16,21:48:22,2940,stb
SVP06958,SV100011,SVC0023,2026-05-16,21:49:22,3000,stb
SVP06959,SV100011,SVC0023,2026-05-16,21:50:22,3060,stb
SVP06960,SV100011,SVC0023,2026-05-16,21:51:22,3120,stb
SVP06961,SV100011,SVC0023,2026-05-16,21:52:22,3180,stb
SVP06962,SV100011,SVC0023,2026-05-16,21:53:22,3240,stb
SVP06963,SV100011,SVC0023,2026-05-16,21:54:22,3300,stb
SVP06964,SV100011,SVC0023,2026-05-16,21:55:22,3360,stb
SVP06965,SV100011,SVC0023,2026-05-16,21:57:22,3480,stb
SVP06966,SV100011,SVC0023,2026-05-16,21:59:22,3600,stb
SVP06967,SV100011,SVC0023,2026-05-16,22:00:22,3660,stb
SVP06968,SV100011,SVC0023,2026-05-16,22:01:22,3720,stb
SVP06969,SV100011,SVC0023,2026-05-16,22:02:22,3780,stb
SVP06970,SV100011,SVC0023,2026-05-16,22:03:22,3840,stb
SVP06971,SV100011,SVC0023,2026-05-16,22:04:22,3900,stb
SVP06972,SV100011,SVC0023,2026-05-16,22:05:22,3960,stb
SVP06973,SV100011,SVC0023,2026-05-16,22:06:22,4020,stb
SVP06974,SV100011,SVC0023,2026-05-16,22:07:22,4080,stb
SVP06975,SV100011,SVC0023,2026-05-16,22:08:22,4140,stb
SVP06976,SV100011,SVC0023,2026-05-16,22:10:22,4260,stb
SVP06977,SV100011,SVC0023,2026-05-16,22:11:22,4320,stb
SVP06978,SV100011,SVC0023,2026-05-16,22:12:22,4380,stb
SVP06979,SV100011,SVC0023,2026-05-16,22:13:22,4440,stb
SVP06980,SV100011,SVC0023,2026-05-16,22:15:22,4560,stb
SVP06981,SV100011,SVC0023,2026-05-16,22:16:22,4620,stb
SVP06982,SV100011,SVC0023,2026-05-16,22:17:22,4680,stb
SVP06983,SV100011,SVC0023,2026-05-16,22:18:22,4740,stb
SVP06984,SV100011,SVC0023,2026-05-16,22:19:22,4800,stb
SVP06985,SV100011,SVC0023,2026-05-16,22:21:22,4920,stb
SVP06986,SV100011,SVC0023,2026-05-16,22:22:22,4980,stb
SVP06987,SV100011,SVC0023,2026-05-16,22:23:22,5040,stb
SVP06988,SV100011,SVC0023,2026-05-16,22:24:22,5100,stb
SVP06989,SV100011,SVC0023,2026-05-16,22:25:22,5160,stb
SVP06990,SV100011,SVC0023,2026-05-16,22:26:22,5220,stb
SVP06991,SV100011,SVC0023,2026-05-16,22:27:22,5280,stb
SVP06992,SV100011,SVC0023,2026-05-16,22:28:22,5340,stb
SVP06993,SV100011,SVC0023,2026-05-16,22:29:22,5400,stb
SVP06994,SV100011,SVC0023,2026-05-16,22:30:22,5460,stb
SVP06995,SV100011,SVC0023,2026-05-16,22:31:22,5520,stb
SVP06996,SV100011,SVC0023,2026-05-16,22:32:22,5580,stb
SVP06997,SV100011,SVC0023,2026-05-16,22:34:22,5700,stb
SVP06998,SV100011,SVC0023,2026-05-16,22:35:22,5760,stb
SVP06999,SV100011,SVC0023,2026-05-16,22:36:22,5820,stb
SVP07000,SV100011,SVC0023,2026-05-16,22:37:22,5880,stb
SVP07001,SV100011,SVC0023,2026-05-16,22:38:22,5940,stb
SVP07002,SV100011,SVC0023,2026-05-16,22:39:22,6000,stb
SVP07003,SV100011,SVC0023,2026-05-16,22:40:22,6060,stb
SVP07004,SV100011,SVC0023,2026-05-16,22:41:22,6120,stb
SVP07005,SV100011,SVC0023,2026-05-16,22:42:22,6180,stb
SVP07006,SV100011,SVC0023,2026-05-16,22:43:22,6240,stb
SVP07007,SV100011,SVC0023,2026-05-16,22:44:22,6300,stb
SVP07008,SV100011,SVC0023,2026-05-16,22:45:22,6360,stb
SVP07009,SV100011,SVC0023,2026-05-16,22:46:22,6420,stb
SVP07010,SV100011,SVC0023,2026-05-16,22:47:22,6480,stb
SVP07011,SV100020,SVC0022,2026-05-16,22:48:07,0,browser
SVP07012,SV100020,SVC0022,2026-05-16,22:49:07,60,browser
SVP07013,SV100011,SVC0023,2026-05-16,22:49:22,6600,stb
SVP07014,SV100020,SVC0022,2026-05-16,22:50:07,120,browser
SVP07015,SV100011,SVC0023,2026-05-16,22:50:22,6660,stb
SVP07016,SV100020,SVC0022,2026-05-16,22:51:07,180,browser
SVP07017,SV100011,SVC0023,2026-05-16,22:51:22,6720,stb
SVP07018,SV100020,SVC0022,2026-05-16,22:52:07,240,browser
SVP07019,SV100011,SVC0023,2026-05-16,22:52:22,6780,stb
SVP07020,SV100020,SVC0022,2026-05-16,22:53:07,300,browser
SVP07021,SV100011,SVC0023,2026-05-16,22:53:22,6840,stb
SVP07022,SV100020,SVC0022,2026-05-16,22:54:07,360,browser
SVP07023,SV100011,SVC0023,2026-05-16,22:54:22,6900,stb
SVP07024,SV100020,SVC0022,2026-05-16,22:55:07,420,browser
SVP07025,SV100011,SVC0023,2026-05-16,22:55:22,6960,stb
SVP07026,SV100020,SVC0022,2026-05-16,22:56:07,480,browser
SVP07027,SV100011,SVC0023,2026-05-16,22:56:22,7020,stb
SVP07028,SV100011,SVC0023,2026-05-16,22:57:22,7080,stb
SVP07029,SV100020,SVC0022,2026-05-16,22:58:07,600,browser
SVP07030,SV100011,SVC0023,2026-05-16,22:58:22,7140,stb
SVP07031,SV100020,SVC0022,2026-05-16,22:59:07,660,browser
SVP07032,SV100020,SVC0022,2026-05-16,23:00:07,720,browser
SVP07033,SV100011,SVC0023,2026-05-16,23:00:22,7260,stb
SVP07034,SV100020,SVC0022,2026-05-16,23:01:07,780,browser
SVP07035,SV100011,SVC0023,2026-05-16,23:01:22,7320,stb
SVP07036,SV100020,SVC0022,2026-05-16,23:02:07,840,browser
SVP07037,SV100011,SVC0023,2026-05-16,23:02:22,7380,stb
SVP07038,SV100020,SVC0022,2026-05-16,23:03:07,900,browser
SVP07039,SV100011,SVC0023,2026-05-16,23:03:22,7440,stb
SVP07040,SV100020,SVC0022,2026-05-16,23:04:07,960,browser
SVP07041,SV100011,SVC0023,2026-05-16,23:04:22,7500,stb
SVP07042,SV100020,SVC0022,2026-05-16,23:05:07,1020,browser
SVP07043,SV100011,SVC0023,2026-05-16,23:05:22,7560,stb
SVP07044,SV100020,SVC0022,2026-05-16,23:06:07,1080,browser
SVP07045,SV100011,SVC0023,2026-05-16,23:06:22,7620,stb
SVP07046,SV100020,SVC0022,2026-05-16,23:07:07,1140,browser
SVP07047,SV100020,SVC0022,2026-05-16,23:08:07,1200,browser
SVP07048,SV100011,SVC0023,2026-05-16,23:08:22,7740,stb
SVP07049,SV100020,SVC0022,2026-05-16,23:09:07,1260,browser
SVP07050,SV100011,SVC0023,2026-05-16,23:09:22,7800,stb
SVP07051,SV100020,SVC0022,2026-05-16,23:10:07,1320,browser
SVP07052,SV100011,SVC0023,2026-05-16,23:10:22,7860,stb
SVP07053,SV100020,SVC0022,2026-05-16,23:11:07,1380,browser
SVP07054,SV100011,SVC0023,2026-05-16,23:11:22,7920,stb
SVP07055,SV100020,SVC0022,2026-05-16,23:12:07,1440,browser
SVP07056,SV100011,SVC0023,2026-05-16,23:12:22,7980,stb
SVP07057,SV100020,SVC0022,2026-05-16,23:12:37,1470,browser
SVP07058,SV100011,SVC0023,2026-05-16,23:13:22,8040,stb
SVP07059,SV100011,SVC0023,2026-05-16,23:14:22,8100,stb
SVP07060,SV100011,SVC0023,2026-05-16,23:16:22,8220,stb
SVP07061,SV100011,SVC0023,2026-05-16,23:17:22,8280,stb
SVP07062,SV100011,SVC0023,2026-05-16,23:18:22,8340,stb
SVP07063,SV100011,SVC0023,2026-05-16,23:19:22,8400,stb
SVP07064,SV100011,SVC0023,2026-05-16,23:20:22,8460,stb
SVP07065,SV100011,SVC0023,2026-05-16,23:22:22,8580,stb
SVP07066,SV100011,SVC0023,2026-05-16,23:23:22,8640,stb
SVP07067,SV100011,SVC0023,2026-05-16,23:24:22,8700,stb
SVP07068,SV100011,SVC0023,2026-05-16,23:25:22,8760,stb
SVP07069,SV100011,SVC0023,2026-05-16,23:27:22,8880,stb
SVP07070,SV100011,SVC0023,2026-05-16,23:28:22,8940,stb
SVP07071,SV100011,SVC0023,2026-05-16,23:29:22,9000,stb
SVP07072,SV100011,SVC0023,2026-05-16,23:30:22,9060,stb
SVP07073,SV100011,SVC0023,2026-05-16,23:31:22,9120,stb
SVP07074,SV100011,SVC0023,2026-05-16,23:32:22,9180,stb
SVP07075,SV100011,SVC0023,2026-05-16,23:33:22,9240,stb
SVP07076,SV100011,SVC0023,2026-05-16,23:34:22,9300,stb
SVP07077,SV100011,SVC0023,2026-05-16,23:35:22,9360,stb
SVP07078,SV100011,SVC0023,2026-05-16,23:36:22,9420,stb
SVP07079,SV100011,SVC0023,2026-05-16,23:38:22,9540,stb
SVP07080,SV100011,SVC0023,2026-05-16,23:39:22,9600,stb
SVP07081,SV100011,SVC0023,2026-05-16,23:40:22,9660,stb
SVP07082,SV100011,SVC0023,2026-05-16,23:42:22,9780,stb
SVP07083,SV100011,SVC0023,2026-05-16,23:43:22,9840,stb
SVP07084,SV100011,SVC0023,2026-05-16,23:44:22,9900,stb
SVP07085,SV100011,SVC0023,2026-05-16,23:44:28,9906,stb
SVP07086,SV100013,SVC0002,2026-05-20,17:06:59,0,browser
SVP07087,SV100013,SVC0002,2026-05-20,17:07:59,60,browser
SVP07088,SV100013,SVC0002,2026-05-20,17:08:59,120,browser
SVP07089,SV100013,SVC0002,2026-05-20,17:09:59,180,browser
SVP07090,SV100013,SVC0002,2026-05-20,17:10:59,240,browser
SVP07091,SV100013,SVC0002,2026-05-20,17:11:59,300,browser
SVP07092,SV100013,SVC0002,2026-05-20,17:13:59,420,browser
SVP07093,SV100013,SVC0002,2026-05-20,17:14:59,480,browser
SVP07094,SV100013,SVC0002,2026-05-20,17:15:59,540,browser
SVP07095,SV100013,SVC0002,2026-05-20,17:16:59,600,browser
SVP07096,SV100013,SVC0002,2026-05-20,17:17:59,660,browser
SVP07097,SV100013,SVC0002,2026-05-20,17:18:59,720,browser
SVP07098,SV100013,SVC0002,2026-05-20,17:19:59,780,browser
SVP07099,SV100013,SVC0002,2026-05-20,17:20:59,840,browser
SVP07100,SV100013,SVC0002,2026-05-20,17:21:59,900,browser
SVP07101,SV100013,SVC0002,2026-05-20,17:22:59,960,browser
SVP07102,SV100013,SVC0002,2026-05-20,17:23:59,1020,browser
SVP07103,SV100013,SVC0002,2026-05-20,17:24:59,1080,browser
SVP07104,SV100013,SVC0002,2026-05-20,17:25:59,1140,browser
SVP07105,SV100013,SVC0002,2026-05-20,17:27:59,1260,browser
SVP07106,SV100013,SVC0002,2026-05-20,17:28:59,1320,browser
SVP07107,SV100013,SVC0002,2026-05-20,17:29:59,1380,browser
SVP07108,SV100013,SVC0002,2026-05-20,17:30:59,1440,browser
SVP07109,SV100013,SVC0002,2026-05-20,17:31:59,1500,browser
SVP07110,SV100013,SVC0002,2026-05-20,17:32:59,1560,browser
SVP07111,SV100013,SVC0002,2026-05-20,17:33:59,1620,browser
SVP07112,SV100013,SVC0002,2026-05-20,17:34:59,1680,browser
SVP07113,SV100013,SVC0002,2026-05-20,17:35:59,1740,browser
SVP07114,SV100013,SVC0002,2026-05-20,17:36:59,1800,browser
SVP07115,SV100013,SVC0002,2026-05-20,17:37:59,1860,browser
SVP07116,SV100013,SVC0002,2026-05-20,17:38:59,1920,browser
SVP07117,SV100013,SVC0002,2026-05-20,17:39:59,1980,browser
SVP07118,SV100013,SVC0002,2026-05-20,17:40:59,2040,browser
SVP07119,SV100013,SVC0002,2026-05-20,17:41:59,2100,browser
SVP07120,SV100013,SVC0002,2026-05-20,17:43:59,2220,browser
SVP07121,SV100013,SVC0002,2026-05-20,17:44:59,2280,browser
SVP07122,SV100013,SVC0002,2026-05-20,17:45:59,2340,browser
SVP07123,SV100013,SVC0002,2026-05-20,17:46:59,2400,browser
SVP07124,SV100013,SVC0002,2026-05-20,17:47:59,2460,browser
SVP07125,SV100013,SVC0002,2026-05-20,17:48:59,2520,browser
SVP07126,SV100013,SVC0002,2026-05-20,17:49:59,2580,browser
SVP07127,SV100013,SVC0002,2026-05-20,17:50:59,2640,browser
SVP07128,SV100013,SVC0002,2026-05-20,17:52:59,2760,browser
SVP07129,SV100013,SVC0002,2026-05-20,17:53:59,2820,browser
SVP07130,SV100013,SVC0002,2026-05-20,17:54:59,2880,browser
SVP07131,SV100013,SVC0002,2026-05-20,17:55:59,2940,browser
SVP07132,SV100013,SVC0002,2026-05-20,17:56:59,3000,browser
SVP07133,SV100013,SVC0002,2026-05-20,17:57:59,3060,browser
SVP07134,SV100013,SVC0002,2026-05-20,17:58:59,3120,browser
SVP07135,SV100013,SVC0002,2026-05-20,17:59:59,3180,browser
SVP07136,SV100013,SVC0002,2026-05-20,18:00:59,3240,browser
SVP07137,SV100013,SVC0002,2026-05-20,18:01:59,3300,browser
SVP07138,SV100013,SVC0002,2026-05-20,18:02:59,3360,browser
SVP07139,SV100013,SVC0002,2026-05-20,18:03:38,3399,browser
SVP07140,SV100009,SVC0012,2026-05-28,11:36:03,0,tab
SVP07141,SV100009,SVC0012,2026-05-28,11:37:03,60,tab
SVP07142,SV100009,SVC0012,2026-05-28,11:38:03,120,tab
SVP07143,SV100009,SVC0012,2026-05-28,11:39:03,180,tab
SVP07144,SV100009,SVC0012,2026-05-28,11:40:03,240,tab
SVP07145,SV100009,SVC0012,2026-05-28,11:41:03,300,tab
SVP07146,SV100009,SVC0012,2026-05-28,11:42:03,360,tab
SVP07147,SV100009,SVC0012,2026-05-28,11:43:03,420,tab
SVP07148,SV100009,SVC0012,2026-05-28,11:44:03,480,tab
SVP07149,SV100009,SVC0012,2026-05-28,11:45:03,540,tab
SVP07150,SV100009,SVC0012,2026-05-28,11:46:03,600,tab
SVP07151,SV100009,SVC0012,2026-05-28,11:48:03,720,tab
SVP07152,SV100009,SVC0012,2026-05-28,11:49:03,780,tab
SVP07153,SV100009,SVC0012,2026-05-28,11:50:03,840,tab
SVP07154,SV100009,SVC0012,2026-05-28,11:51:03,900,tab
SVP07155,SV100009,SVC0012,2026-05-28,11:52:03,960,tab
SVP07156,SV100009,SVC0012,2026-05-28,11:53:03,1020,tab
SVP07157,SV100009,SVC0012,2026-05-28,11:54:03,1080,tab
SVP07158,SV100009,SVC0012,2026-05-28,11:55:03,1140,tab
SVP07159,SV100009,SVC0012,2026-05-28,11:56:03,1200,tab
SVP07160,SV100009,SVC0012,2026-05-28,11:57:03,1260,tab
SVP07161,SV100009,SVC0012,2026-05-28,11:58:03,1320,tab
SVP07162,SV100009,SVC0012,2026-05-28,11:59:03,1380,tab
SVP07163,SV100009,SVC0012,2026-05-28,12:00:03,1440,tab
SVP07164,SV100009,SVC0012,2026-05-28,12:01:03,1500,tab
SVP07165,SV100009,SVC0012,2026-05-28,12:02:03,1560,tab
SVP07166,SV100009,SVC0012,2026-05-28,12:03:03,1620,tab
SVP07167,SV100009,SVC0012,2026-05-28,12:04:03,1680,tab
SVP07168,SV100009,SVC0012,2026-05-28,12:05:03,1740,tab
SVP07169,SV100009,SVC0012,2026-05-28,12:06:03,1800,tab
SVP07170,SV100009,SVC0012,2026-05-28,12:07:03,1860,tab
SVP07171,SV100009,SVC0012,2026-05-28,12:08:03,1920,tab
SVP07172,SV100009,SVC0012,2026-05-28,12:09:03,1980,tab
SVP07173,SV100009,SVC0012,2026-05-28,12:10:03,2040,tab
SVP07174,SV100009,SVC0012,2026-05-28,12:11:03,2100,tab
SVP07175,SV100009,SVC0012,2026-05-28,12:12:03,2160,tab
SVP07176,SV100009,SVC0012,2026-05-28,12:13:03,2220,tab
SVP07177,SV100009,SVC0012,2026-05-28,12:14:03,2280,tab
SVP07178,SV100009,SVC0012,2026-05-28,12:15:03,2340,tab
SVP07179,SV100009,SVC0012,2026-05-28,12:16:03,2400,tab
SVP07180,SV100009,SVC0012,2026-05-28,12:17:03,2460,tab
SVP07181,SV100009,SVC0012,2026-05-28,12:18:03,2520,tab
SVP07182,SV100009,SVC0012,2026-05-28,12:19:03,2580,tab
SVP07183,SV100009,SVC0012,2026-05-28,12:20:03,2640,tab
SVP07184,SV100009,SVC0012,2026-05-28,12:21:03,2700,tab
SVP07185,SV100009,SVC0012,2026-05-28,12:22:03,2760,tab
SVP07186,SV100009,SVC0012,2026-05-28,12:23:03,2820,tab
SVP07187,SV100009,SVC0012,2026-05-28,12:24:03,2880,tab
SVP07188,SV100009,SVC0012,2026-05-28,12:25:03,2940,tab
SVP07189,SV100009,SVC0012,2026-05-28,12:25:58,2995,tab
SVP07190,SV100024,SVC0015,2026-05-31,16:31:34,0,stb
SVP07191,SV100024,SVC0015,2026-05-31,16:32:34,60,stb
SVP07192,SV100024,SVC0015,2026-05-31,16:33:34,120,stb
SVP07193,SV100024,SVC0015,2026-05-31,16:34:34,180,stb
SVP07194,SV100024,SVC0015,2026-05-31,16:35:34,240,stb
SVP07195,SV100024,SVC0015,2026-05-31,16:36:34,300,stb
SVP07196,SV100024,SVC0015,2026-05-31,16:37:34,360,stb
SVP07197,SV100024,SVC0015,2026-05-31,16:38:34,420,stb
SVP07198,SV100024,SVC0015,2026-05-31,16:39:34,480,stb
SVP07199,SV100024,SVC0015,2026-05-31,16:40:34,540,stb
SVP07200,SV100024,SVC0015,2026-05-31,16:41:34,600,stb
SVP07201,SV100024,SVC0015,2026-05-31,16:42:34,660,stb
SVP07202,SV100024,SVC0015,2026-05-31,16:43:34,720,stb
SVP07203,SV100024,SVC0015,2026-05-31,16:44:34,780,stb
SVP07204,SV100024,SVC0015,2026-05-31,16:45:34,840,stb
SVP07205,SV100024,SVC0015,2026-05-31,16:46:34,900,stb
SVP07206,SV100024,SVC0015,2026-05-31,16:47:34,960,stb
SVP07207,SV100024,SVC0015,2026-05-31,16:49:34,1080,stb
SVP07208,SV100024,SVC0015,2026-05-31,16:50:34,1140,stb
SVP07209,SV100024,SVC0015,2026-05-31,16:51:34,1200,stb
SVP07210,SV100024,SVC0015,2026-05-31,16:52:34,1260,stb
SVP07211,SV100024,SVC0015,2026-05-31,16:53:34,1320,stb
SVP07212,SV100024,SVC0015,2026-05-31,16:54:34,1380,stb
SVP07213,SV100024,SVC0015,2026-05-31,16:55:34,1440,stb
SVP07214,SV100024,SVC0015,2026-05-31,16:56:34,1500,stb
SVP07215,SV100024,SVC0015,2026-05-31,16:57:34,1560,stb
SVP07216,SV100024,SVC0015,2026-05-31,16:58:34,1620,stb
SVP07217,SV100024,SVC0015,2026-05-31,16:59:34,1680,stb
SVP07218,SV100024,SVC0015,2026-05-31,17:00:34,1740,stb
SVP07219,SV100024,SVC0015,2026-05-31,17:01:34,1800,stb
SVP07220,SV100024,SVC0015,2026-05-31,17:02:34,1860,stb
SVP07221,SV100024,SVC0015,2026-05-31,17:04:34,1980,stb
SVP07222,SV100024,SVC0015,2026-05-31,17:05:34,2040,stb
SVP07223,SV100024,SVC0015,2026-05-31,17:06:34,2100,stb
SVP07224,SV100024,SVC0015,2026-05-31,17:07:34,2160,stb
SVP07225,SV100024,SVC0015,2026-05-31,17:08:34,2220,stb
SVP07226,SV100024,SVC0015,2026-05-31,17:09:34,2280,stb
SVP07227,SV100024,SVC0015,2026-05-31,17:10:34,2340,stb
SVP07228,SV100024,SVC0015,2026-05-31,17:11:34,2400,stb
SVP07229,SV100024,SVC0015,2026-05-31,17:12:34,2460,stb
SVP07230,SV100024,SVC0015,2026-05-31,17:14:34,2580,stb
SVP07231,SV100024,SVC0015,2026-05-31,17:15:34,2640,stb
SVP07232,SV100024,SVC0015,2026-05-31,17:16:34,2700,stb
SVP07233,SV100024,SVC0015,2026-05-31,17:17:34,2760,stb
SVP07234,SV100024,SVC0015,2026-05-31,17:18:34,2820,stb
SVP07235,SV100024,SVC0015,2026-05-31,17:19:34,2880,stb
SVP07236,SV100024,SVC0015,2026-05-31,17:21:34,3000,stb
SVP07237,SV100024,SVC0015,2026-05-31,17:22:25,3051,stb
SVP07238,SV100015,SVC0005,2026-05-31,19:04:47,0,tab
SVP07239,SV100015,SVC0005,2026-05-31,19:05:47,60,tab
SVP07240,SV100015,SVC0005,2026-05-31,19:06:47,120,tab
SVP07241,SV100015,SVC0005,2026-05-31,19:07:47,180,tab
SVP07242,SV100015,SVC0005,2026-05-31,19:08:47,240,tab
SVP07243,SV100015,SVC0005,2026-05-31,19:09:36,289,tab
SVP07244,SV100016,SVC0009,2026-06-06,17:52:02,0,mob
SVP07245,SV100016,SVC0009,2026-06-06,17:53:02,60,mob
SVP07246,SV100016,SVC0009,2026-06-06,17:54:02,120,mob
SVP07247,SV100016,SVC0009,2026-06-06,17:55:02,180,mob
SVP07248,SV100016,SVC0009,2026-06-06,17:57:02,300,mob
SVP07249,SV100016,SVC0009,2026-06-06,17:58:02,360,mob
SVP07250,SV100016,SVC0009,2026-06-06,17:59:02,420,mob
SVP07251,SV100016,SVC0009,2026-06-06,18:00:02,480,mob
SVP07252,SV100016,SVC0009,2026-06-06,18:01:02,540,mob
SVP07253,SV100016,SVC0009,2026-06-06,18:03:02,660,mob
SVP07254,SV100016,SVC0009,2026-06-06,18:04:02,720,mob
SVP07255,SV100016,SVC0009,2026-06-06,18:05:02,780,mob
SVP07256,SV100016,SVC0009,2026-06-06,18:06:02,840,mob
SVP07257,SV100016,SVC0009,2026-06-06,18:07:02,900,mob
SVP07258,SV100016,SVC0009,2026-06-06,18:08:02,960,mob
SVP07259,SV100016,SVC0009,2026-06-06,18:09:02,1020,mob
SVP07260,SV100016,SVC0009,2026-06-06,18:10:02,1080,mob
SVP07261,SV100016,SVC0009,2026-06-06,18:11:02,1140,mob
SVP07262,SV100016,SVC0009,2026-06-06,18:12:02,1200,mob
SVP07263,SV100016,SVC0009,2026-06-06,18:14:02,1320,mob
SVP07264,SV100016,SVC0009,2026-06-06,18:15:02,1380,mob
SVP07265,SV100016,SVC0009,2026-06-06,18:16:02,1440,mob
SVP07266,SV100016,SVC0009,2026-06-06,18:17:02,1500,mob
SVP07267,SV100016,SVC0009,2026-06-06,18:18:00,1558,mob
SVP07268,SV100020,SVC0015,2026-06-15,17:08:25,0,browser
SVP07269,SV100020,SVC0015,2026-06-15,17:09:25,60,browser
SVP07270,SV100020,SVC0015,2026-06-15,17:10:25,120,browser
SVP07271,SV100020,SVC0015,2026-06-15,17:11:25,180,browser
SVP07272,SV100020,SVC0015,2026-06-15,17:12:25,240,browser
SVP07273,SV100020,SVC0015,2026-06-15,17:13:25,300,browser
SVP07274,SV100020,SVC0015,2026-06-15,17:14:25,360,browser
SVP07275,SV100020,SVC0015,2026-06-15,17:15:25,420,browser
SVP07276,SV100020,SVC0015,2026-06-15,17:16:25,480,browser
SVP07277,SV100020,SVC0015,2026-06-15,17:18:25,600,browser
SVP07278,SV100020,SVC0015,2026-06-15,17:19:25,660,browser
SVP07279,SV100020,SVC0015,2026-06-15,17:20:25,720,browser
SVP07280,SV100020,SVC0015,2026-06-15,17:21:25,780,browser
SVP07281,SV100020,SVC0015,2026-06-15,17:22:25,840,browser
SVP07282,SV100020,SVC0015,2026-06-15,17:22:43,858,browser
SVP07283,SV100015,SVC0011,2026-06-15,23:54:15,0,mob
SVP07284,SV100015,SVC0011,2026-06-15,23:55:15,60,mob
SVP07285,SV100015,SVC0011,2026-06-15,23:56:15,120,mob
SVP07286,SV100015,SVC0011,2026-06-15,23:57:15,180,mob
SVP07287,SV100015,SVC0011,2026-06-15,23:58:15,240,mob
SVP07288,SV100015,SVC0011,2026-06-15,23:59:15,300,mob
SVP07289,SV100015,SVC0011,2026-06-16,00:00:15,360,mob
SVP07290,SV100015,SVC0011,2026-06-16,00:01:15,420,mob
SVP07291,SV100015,SVC0011,2026-06-16,00:02:15,480,mob
SVP07292,SV100015,SVC0011,2026-06-16,00:03:15,540,mob
SVP07293,SV100015,SVC0011,2026-06-16,00:04:15,600,mob
SVP07294,SV100015,SVC0011,2026-06-16,00:05:15,660,mob
SVP07295,SV100015,SVC0011,2026-06-16,00:06:15,720,mob
SVP07296,SV100015,SVC0011,2026-06-16,00:07:15,780,mob
SVP07297,SV100015,SVC0011,2026-06-16,00:08:15,840,mob
SVP07298,SV100015,SVC0011,2026-06-16,00:09:15,900,mob
SVP07299,SV100015,SVC0011,2026-06-16,00:10:15,960,mob
SVP07300,SV100015,SVC0011,2026-06-16,00:11:15,1020,mob
SVP07301,SV100015,SVC0011,2026-06-16,00:13:15,1140,mob
SVP07302,SV100015,SVC0011,2026-06-16,00:14:15,1200,mob
SVP07303,SV100015,SVC0011,2026-06-16,00:15:15,1260,mob
SVP07304,SV100015,SVC0011,2026-06-16,00:16:15,1320,mob
SVP07305,SV100015,SVC0011,2026-06-16,00:17:15,1380,mob
SVP07306,SV100015,SVC0011,2026-06-16,00:18:15,1440,mob
SVP07307,SV100015,SVC0011,2026-06-16,00:19:15,1500,mob
SVP07308,SV100015,SVC0011,2026-06-16,00:20:15,1560,mob
SVP07309,SV100015,SVC0011,2026-06-16,00:21:15,1620,mob
SVP07310,SV100015,SVC0011,2026-06-16,00:22:15,1680,mob
SVP07311,SV100015,SVC0011,2026-06-16,00:23:15,1740,mob
SVP07312,SV100015,SVC0011,2026-06-16,00:24:15,1800,mob
SVP07313,SV100015,SVC0011,2026-06-16,00:25:15,1860,mob
SVP07314,SV100015,SVC0011,2026-06-16,00:26:55,1960,mob
SVP07315,SV100007,SVC0006,2026-06-19,15:02:39,0,stb
SVP07316,SV100007,SVC0006,2026-06-19,15:03:39,60,stb
SVP07317,SV100007,SVC0006,2026-06-19,15:04:39,120,stb
SVP07318,SV100007,SVC0006,2026-06-19,15:05:39,180,stb
SVP07319,SV100007,SVC0006,2026-06-19,15:06:39,240,stb
SVP07320,SV100007,SVC0006,2026-06-19,15:07:39,300,stb
SVP07321,SV100007,SVC0006,2026-06-19,15:08:39,360,stb
SVP07322,SV100007,SVC0006,2026-06-19,15:10:39,480,stb
SVP07323,SV100007,SVC0006,2026-06-19,15:11:39,540,stb
SVP07324,SV100007,SVC0006,2026-06-19,15:12:39,600,stb
SVP07325,SV100007,SVC0006,2026-06-19,15:13:39,660,stb
SVP07326,SV100007,SVC0006,2026-06-19,15:14:39,720,stb
SVP07327,SV100007,SVC0006,2026-06-19,15:15:39,780,stb
SVP07328,SV100007,SVC0006,2026-06-19,15:16:39,840,stb
SVP07329,SV100007,SVC0006,2026-06-19,15:17:39,900,stb
SVP07330,SV100007,SVC0006,2026-06-19,15:18:39,960,stb
SVP07331,SV100007,SVC0006,2026-06-19,15:19:39,1020,stb
SVP07332,SV100007,SVC0006,2026-06-19,15:20:39,1080,stb
SVP07333,SV100007,SVC0006,2026-06-19,15:21:39,1140,stb
SVP07334,SV100007,SVC0006,2026-06-19,15:22:39,1200,stb
SVP07335,SV100007,SVC0006,2026-06-19,15:23:39,1260,stb
SVP07336,SV100007,SVC0006,2026-06-19,15:24:39,1320,stb
SVP07337,SV100007,SVC0006,2026-06-19,15:25:39,1380,stb
SVP07338,SV100007,SVC0006,2026-06-19,15:26:39,1440,stb
SVP07339,SV100007,SVC0006,2026-06-19,15:27:39,1500,stb
SVP07340,SV100007,SVC0006,2026-06-19,15:28:39,1560,stb
SVP07341,SV100007,SVC0006,2026-06-19,15:29:21,1602,stb
SVP07342,SV100013,SVC0007,2026-06-19,18:54:33,0,mob
SVP07343,SV100013,SVC0007,2026-06-19,18:55:33,60,mob
SVP07344,SV100013,SVC0007,2026-06-19,18:56:33,120,mob
SVP07345,SV100013,SVC0007,2026-06-19,18:57:33,180,mob
SVP07346,SV100013,SVC0007,2026-06-19,18:59:33,300,mob
SVP07347,SV100013,SVC0007,2026-06-19,19:00:33,360,mob
SVP07348,SV100013,SVC0007,2026-06-19,19:01:33,420,mob
SVP07349,SV100013,SVC0007,2026-06-19,19:02:33,480,mob
SVP07350,SV100013,SVC0007,2026-06-19,19:03:33,540,mob
SVP07351,SV100013,SVC0007,2026-06-19,19:04:33,600,mob
SVP07352,SV100013,SVC0007,2026-06-19,19:05:33,660,mob
SVP07353,SV100013,SVC0007,2026-06-19,19:06:33,720,mob
SVP07354,SV100013,SVC0007,2026-06-19,19:07:33,780,mob
SVP07355,SV100013,SVC0007,2026-06-19,19:08:33,840,mob
SVP07356,SV100013,SVC0007,2026-06-19,19:09:33,900,mob
SVP07357,SV100013,SVC0007,2026-06-19,19:10:33,960,mob
SVP07358,SV100013,SVC0007,2026-06-19,19:11:33,1020,mob
SVP07359,SV100013,SVC0007,2026-06-19,19:12:33,1080,mob
SVP07360,SV100013,SVC0007,2026-06-19,19:13:33,1140,mob
SVP07361,SV100013,SVC0007,2026-06-19,19:14:33,1200,mob
SVP07362,SV100013,SVC0007,2026-06-19,19:15:33,1260,mob
SVP07363,SV100013,SVC0007,2026-06-19,19:16:33,1320,mob
SVP07364,SV100013,SVC0007,2026-06-19,19:17:33,1380,mob
SVP07365,SV100013,SVC0007,2026-06-19,19:18:33,1440,mob
SVP07366,SV100013,SVC0007,2026-06-19,19:19:33,1500,mob
SVP07367,SV100013,SVC0007,2026-06-19,19:20:33,1560,mob
SVP07368,SV100013,SVC0007,2026-06-19,19:21:33,1620,mob
SVP07369,SV100013,SVC0007,2026-06-19,19:22:33,1680,mob
SVP07370,SV100013,SVC0007,2026-06-19,19:23:33,1740,mob
SVP07371,SV100013,SVC0007,2026-06-19,19:24:33,1800,mob
SVP07372,SV100013,SVC0007,2026-06-19,19:26:33,1920,mob
SVP07373,SV100013,SVC0007,2026-06-19,19:27:33,1980,mob
SVP07374,SV100013,SVC0007,2026-06-19,19:28:33,2040,mob
SVP07375,SV100013,SVC0007,2026-06-19,19:29:33,2100,mob
SVP07376,SV100013,SVC0007,2026-06-19,19:30:33,2160,mob
SVP07377,SV100013,SVC0007,2026-06-19,19:32:33,2280,mob
SVP07378,SV100013,SVC0007,2026-06-19,19:33:33,2340,mob
SVP07379,SV100013,SVC0007,2026-06-19,19:34:33,2400,mob
SVP07380,SV100013,SVC0007,2026-06-19,19:35:33,2460,mob
SVP07381,SV100013,SVC0007,2026-06-19,19:36:33,2520,mob
SVP07382,SV100013,SVC0007,2026-06-19,19:37:33,2580,mob
SVP07383,SV100013,SVC0007,2026-06-19,19:38:33,2640,mob
SVP07384,SV100013,SVC0007,2026-06-19,19:40:33,2760,mob
SVP07385,SV100013,SVC0007,2026-06-19,19:41:33,2820,mob
SVP07386,SV100013,SVC0007,2026-06-19,19:42:33,2880,mob
SVP07387,SV100013,SVC0007,2026-06-19,19:43:33,2940,mob
SVP07388,SV100013,SVC0007,2026-06-19,19:44:33,3000,mob
SVP07389,SV100013,SVC0007,2026-06-19,19:45:33,3060,mob
SVP07390,SV100013,SVC0007,2026-06-19,19:46:33,3120,mob
SVP07391,SV100013,SVC0007,2026-06-19,19:47:33,3180,mob
SVP07392,SV100013,SVC0007,2026-06-19,19:48:33,3240,mob
SVP07393,SV100013,SVC0007,2026-06-19,19:49:33,3300,mob
SVP07394,SV100013,SVC0007,2026-06-19,19:50:33,3360,mob
SVP07395,SV100013,SVC0007,2026-06-19,19:51:33,3420,mob
SVP07396,SV100013,SVC0007,2026-06-19,19:52:33,3480,mob
SVP07397,SV100013,SVC0007,2026-06-19,19:53:33,3540,mob
SVP07398,SV100013,SVC0007,2026-06-19,19:54:33,3600,mob
SVP07399,SV100013,SVC0007,2026-06-19,19:55:33,3660,mob
SVP07400,SV100013,SVC0007,2026-06-19,19:56:33,3720,mob
SVP07401,SV100013,SVC0007,2026-06-19,19:57:33,3780,mob
SVP07402,SV100013,SVC0007,2026-06-19,19:58:33,3840,mob
SVP07403,SV100013,SVC0007,2026-06-19,19:59:33,3900,mob
SVP07404,SV100013,SVC0007,2026-06-19,20:00:33,3960,mob
SVP07405,SV100013,SVC0007,2026-06-19,20:01:33,4020,mob
SVP07406,SV100013,SVC0007,2026-06-19,20:02:33,4080,mob
SVP07407,SV100013,SVC0007,2026-06-19,20:03:33,4140,mob
SVP07408,SV100013,SVC0007,2026-06-19,20:04:33,4200,mob
SVP07409,SV100013,SVC0007,2026-06-19,20:05:33,4260,mob
SVP07410,SV100013,SVC0007,2026-06-19,20:06:33,4320,mob
SVP07411,SV100013,SVC0007,2026-06-19,20:07:33,4380,mob
SVP07412,SV100013,SVC0007,2026-06-19,20:08:33,4440,mob
SVP07413,SV100013,SVC0007,2026-06-19,20:10:33,4560,mob
SVP07414,SV100013,SVC0007,2026-06-19,20:11:33,4620,mob
SVP07415,SV100013,SVC0007,2026-06-19,20:12:33,4680,mob
SVP07416,SV100013,SVC0007,2026-06-19,20:13:33,4740,mob
SVP07417,SV100013,SVC0007,2026-06-19,20:14:33,4800,mob
SVP07418,SV100013,SVC0007,2026-06-19,20:15:33,4860,mob
SVP07419,SV100013,SVC0007,2026-06-19,20:16:33,4920,mob
SVP07420,SV100013,SVC0007,2026-06-19,20:17:33,4980,mob
SVP07421,SV100013,SVC0007,2026-06-19,20:18:33,5040,mob
SVP07422,SV100013,SVC0007,2026-06-19,20:19:33,5100,mob
SVP07423,SV100013,SVC0007,2026-06-19,20:20:33,5160,mob
SVP07424,SV100013,SVC0007,2026-06-19,20:21:33,5220,mob
SVP07425,SV100013,SVC0007,2026-06-19,20:22:33,5280,mob
SVP07426,SV100013,SVC0007,2026-06-19,20:24:33,5400,mob
SVP07427,SV100013,SVC0007,2026-06-19,20:25:33,5460,mob
SVP07428,SV100013,SVC0007,2026-06-19,20:26:33,5520,mob
SVP07429,SV100013,SVC0007,2026-06-19,20:27:33,5580,mob
SVP07430,SV100013,SVC0007,2026-06-19,20:28:33,5640,mob
SVP07431,SV100013,SVC0007,2026-06-19,20:29:33,5700,mob
SVP07432,SV100013,SVC0007,2026-06-19,20:30:33,5760,mob
SVP07433,SV100013,SVC0007,2026-06-19,20:31:33,5820,mob
SVP07434,SV100013,SVC0007,2026-06-19,20:32:33,5880,mob
SVP07435,SV100013,SVC0007,2026-06-19,20:33:33,5940,mob
SVP07436,SV100013,SVC0007,2026-06-19,20:34:33,6000,mob
SVP07437,SV100013,SVC0007,2026-06-19,20:35:33,6060,mob
SVP07438,SV100013,SVC0007,2026-06-19,20:36:33,6120,mob
SVP07439,SV100013,SVC0007,2026-06-19,20:37:33,6180,mob
SVP07440,SV100013,SVC0007,2026-06-19,20:38:33,6240,mob
SVP07441,SV100013,SVC0007,2026-06-19,20:39:33,6300,mob
SVP07442,SV100013,SVC0007,2026-06-19,20:40:33,6360,mob
SVP07443,SV100013,SVC0007,2026-06-19,20:41:33,6420,mob
SVP07444,SV100013,SVC0007,2026-06-19,20:42:33,6480,mob
SVP07445,SV100013,SVC0007,2026-06-19,20:42:50,6497,mob
SVP07446,SV100015,SVC0011,2026-06-21,18:15:44,0,browser
SVP07447,SV100015,SVC0011,2026-06-21,18:17:44,120,browser
SVP07448,SV100015,SVC0011,2026-06-21,18:18:44,180,browser
SVP07449,SV100015,SVC0011,2026-06-21,18:19:44,240,browser
SVP07450,SV100015,SVC0011,2026-06-21,18:21:44,360,browser
SVP07451,SV100015,SVC0011,2026-06-21,18:22:44,420,browser
SVP07452,SV100015,SVC0011,2026-06-21,18:23:44,480,browser
SVP07453,SV100015,SVC0011,2026-06-21,18:24:44,540,browser
SVP07454,SV100015,SVC0011,2026-06-21,18:26:44,660,browser
SVP07455,SV100015,SVC0011,2026-06-21,18:27:44,720,browser
SVP07456,SV100015,SVC0011,2026-06-21,18:28:44,780,browser
SVP07457,SV100015,SVC0011,2026-06-21,18:29:44,840,browser
SVP07458,SV100015,SVC0011,2026-06-21,18:30:44,900,browser
SVP07459,SV100015,SVC0011,2026-06-21,18:31:44,960,browser
SVP07460,SV100015,SVC0011,2026-06-21,18:32:44,1020,browser
SVP07461,SV100015,SVC0011,2026-06-21,18:33:44,1080,browser
SVP07462,SV100015,SVC0011,2026-06-21,18:34:44,1140,browser
SVP07463,SV100015,SVC0011,2026-06-21,18:35:44,1200,browser
SVP07464,SV100015,SVC0011,2026-06-21,18:36:44,1260,browser
SVP07465,SV100015,SVC0011,2026-06-21,18:37:44,1320,browser
SVP07466,SV100015,SVC0011,2026-06-21,18:38:44,1380,browser
SVP07467,SV100015,SVC0011,2026-06-21,18:39:44,1440,browser
SVP07468,SV100015,SVC0011,2026-06-21,18:40:44,1500,browser
SVP07469,SV100015,SVC0011,2026-06-21,18:41:44,1560,browser
SVP07470,SV100015,SVC0011,2026-06-21,18:42:44,1620,browser
SVP07471,SV100015,SVC0011,2026-06-21,18:43:44,1680,browser
SVP07472,SV100015,SVC0011,2026-06-21,18:44:44,1740,browser
SVP07473,SV100015,SVC0011,2026-06-21,18:45:44,1800,browser
SVP07474,SV100015,SVC0011,2026-06-21,18:46:44,1860,browser
SVP07475,SV100015,SVC0011,2026-06-21,18:47:44,1920,browser
SVP07476,SV100015,SVC0011,2026-06-21,18:48:44,1980,browser
SVP07477,SV100015,SVC0011,2026-06-21,18:50:44,2100,browser
SVP07478,SV100015,SVC0011,2026-06-21,18:51:44,2160,browser
SVP07479,SV100015,SVC0011,2026-06-21,18:52:44,2220,browser
SVP07480,SV100015,SVC0011,2026-06-21,18:53:44,2280,browser
SVP07481,SV100015,SVC0011,2026-06-21,18:54:44,2340,browser
SVP07482,SV100015,SVC0011,2026-06-21,18:55:44,2400,browser
SVP07483,SV100015,SVC0011,2026-06-21,18:56:44,2460,browser
SVP07484,SV100015,SVC0011,2026-06-21,18:57:44,2520,browser
SVP07485,SV100015,SVC0011,2026-06-21,18:58:44,2580,browser
SVP07486,SV100015,SVC0011,2026-06-21,18:59:44,2640,browser
SVP07487,SV100015,SVC0011,2026-06-21,19:00:44,2700,browser
SVP07488,SV100015,SVC0011,2026-06-21,19:01:44,2760,browser
SVP07489,SV100015,SVC0011,2026-06-21,19:02:44,2820,browser
SVP07490,SV100015,SVC0011,2026-06-21,19:03:44,2880,browser
SVP07491,SV100015,SVC0011,2026-06-21,19:04:44,2940,browser
SVP07492,SV100015,SVC0011,2026-06-21,19:05:44,3000,browser
SVP07493,SV100015,SVC0011,2026-06-21,19:06:44,3060,browser
SVP07494,SV100015,SVC0011,2026-06-21,19:07:44,3120,browser
SVP07495,SV100015,SVC0011,2026-06-21,19:08:44,3180,browser
SVP07496,SV100015,SVC0011,2026-06-21,19:09:44,3240,browser
SVP07497,SV100015,SVC0011,2026-06-21,19:10:44,3300,browser
SVP07498,SV100015,SVC0011,2026-06-21,19:11:44,3360,browser
SVP07499,SV100015,SVC0011,2026-06-21,19:13:44,3480,browser
SVP07500,SV100015,SVC0011,2026-06-21,19:14:44,3540,browser
SVP07501,SV100015,SVC0011,2026-06-21,19:15:44,3600,browser
SVP07502,SV100015,SVC0011,2026-06-21,19:16:44,3660,browser
SVP07503,SV100015,SVC0011,2026-06-21,19:17:44,3720,browser
SVP07504,SV100015,SVC0011,2026-06-21,19:18:44,3780,browser
SVP07505,SV100015,SVC0011,2026-06-21,19:19:44,3840,browser
SVP07506,SV100015,SVC0011,2026-06-21,19:20:44,3900,browser
SVP07507,SV100015,SVC0011,2026-06-21,19:21:44,3960,browser
SVP07508,SV100015,SVC0011,2026-06-21,19:22:44,4020,browser
SVP07509,SV100015,SVC0011,2026-06-21,19:23:44,4080,browser
SVP07510,SV100015,SVC0011,2026-06-21,19:24:44,4140,browser
SVP07511,SV100015,SVC0011,2026-06-21,19:25:44,4200,browser
SVP07512,SV100015,SVC0011,2026-06-21,19:26:44,4260,browser
SVP07513,SV100015,SVC0011,2026-06-21,19:27:44,4320,browser
SVP07514,SV100015,SVC0011,2026-06-21,19:28:44,4380,browser
SVP07515,SV100015,SVC0011,2026-06-21,19:29:44,4440,browser
SVP07516,SV100015,SVC0011,2026-06-21,19:30:44,4500,browser
SVP07517,SV100015,SVC0011,2026-06-21,19:31:44,4560,browser
SVP07518,SV100015,SVC0011,2026-06-21,19:32:44,4620,browser
SVP07519,SV100015,SVC0011,2026-06-21,19:33:44,4680,browser
SVP07520,SV100015,SVC0011,2026-06-21,19:34:44,4740,browser
SVP07521,SV100015,SVC0011,2026-06-21,19:35:44,4800,browser
SVP07522,SV100015,SVC0011,2026-06-21,19:36:44,4860,browser
SVP07523,SV100015,SVC0011,2026-06-21,19:37:44,4920,browser
SVP07524,SV100015,SVC0011,2026-06-21,19:38:44,4980,browser
SVP07525,SV100015,SVC0011,2026-06-21,19:39:44,5040,browser
SVP07526,SV100015,SVC0011,2026-06-21,19:40:44,5100,browser
SVP07527,SV100015,SVC0011,2026-06-21,19:41:44,5160,browser
SVP07528,SV100015,SVC0011,2026-06-21,19:42:44,5220,browser
SVP07529,SV100015,SVC0011,2026-06-21,19:43:44,5280,browser
SVP07530,SV100015,SVC0011,2026-06-21,19:44:44,5340,browser
SVP07531,SV100015,SVC0011,2026-06-21,19:45:44,5400,browser
SVP07532,SV100015,SVC0011,2026-06-21,19:46:44,5460,browser
SVP07533,SV100015,SVC0011,2026-06-21,19:47:44,5520,browser
SVP07534,SV100015,SVC0011,2026-06-21,19:48:44,5580,browser
SVP07535,SV100015,SVC0011,2026-06-21,19:50:44,5700,browser
SVP07536,SV100015,SVC0011,2026-06-21,19:51:44,5760,browser
SVP07537,SV100015,SVC0011,2026-06-21,19:52:44,5820,browser
SVP07538,SV100015,SVC0011,2026-06-21,19:53:44,5880,browser
SVP07539,SV100015,SVC0011,2026-06-21,19:54:44,5940,browser
SVP07540,SV100015,SVC0011,2026-06-21,19:55:44,6000,browser
SVP07541,SV100015,SVC0011,2026-06-21,19:57:44,6120,browser
SVP07542,SV100015,SVC0011,2026-06-21,19:58:44,6180,browser
SVP07543,SV100015,SVC0011,2026-06-21,19:59:44,6240,browser
SVP07544,SV100015,SVC0011,2026-06-21,20:00:44,6300,browser
SVP07545,SV100015,SVC0011,2026-06-21,20:01:44,6360,browser
SVP07546,SV100015,SVC0011,2026-06-21,20:02:44,6420,browser
SVP07547,SV100015,SVC0011,2026-06-21,20:03:44,6480,browser
SVP07548,SV100015,SVC0011,2026-06-21,20:04:44,6540,browser
SVP07549,SV100015,SVC0011,2026-06-21,20:05:44,6600,browser
SVP07550,SV100015,SVC0011,2026-06-21,20:06:44,6660,browser
SVP07551,SV100015,SVC0011,2026-06-21,20:07:44,6720,browser
SVP07552,SV100015,SVC0011,2026-06-21,20:08:44,6780,browser
SVP07553,SV100015,SVC0011,2026-06-21,20:09:44,6840,browser
SVP07554,SV100015,SVC0011,2026-06-21,20:10:44,6900,browser
SVP07555,SV100015,SVC0011,2026-06-21,20:11:44,6960,browser
SVP07556,SV100015,SVC0011,2026-06-21,20:13:44,7080,browser
SVP07557,SV100015,SVC0011,2026-06-21,20:14:44,7140,browser
SVP07558,SV100015,SVC0011,2026-06-21,20:14:53,7149,browser
SVP07559,SV100001,SVC0018,2026-06-30,10:02:09,0,tab
SVP07560,SV100001,SVC0018,2026-06-30,10:04:09,120,tab
SVP07561,SV100001,SVC0018,2026-06-30,10:05:09,180,tab
SVP07562,SV100001,SVC0018,2026-06-30,10:06:09,240,tab
SVP07563,SV100001,SVC0018,2026-06-30,10:07:09,300,tab
SVP07564,SV100001,SVC0018,2026-06-30,10:08:09,360,tab
SVP07565,SV100001,SVC0018,2026-06-30,10:09:09,420,tab
SVP07566,SV100001,SVC0018,2026-06-30,10:10:09,480,tab
SVP07567,SV100001,SVC0018,2026-06-30,10:11:09,540,tab
SVP07568,SV100001,SVC0018,2026-06-30,10:12:09,600,tab
SVP07569,SV100001,SVC0018,2026-06-30,10:13:09,660,tab
SVP07570,SV100001,SVC0018,2026-06-30,10:14:09,720,tab
SVP07571,SV100001,SVC0018,2026-06-30,10:16:09,840,tab
SVP07572,SV100001,SVC0018,2026-06-30,10:17:09,900,tab
SVP07573,SV100001,SVC0018,2026-06-30,10:18:09,960,tab
SVP07574,SV100001,SVC0018,2026-06-30,10:19:09,1020,tab
SVP07575,SV100001,SVC0018,2026-06-30,10:20:09,1080,tab
SVP07576,SV100001,SVC0018,2026-06-30,10:21:09,1140,tab
SVP07577,SV100001,SVC0018,2026-06-30,10:22:09,1200,tab
SVP07578,SV100001,SVC0018,2026-06-30,10:23:09,1260,tab
SVP07579,SV100001,SVC0018,2026-06-30,10:24:09,1320,tab
SVP07580,SV100001,SVC0018,2026-06-30,10:25:09,1380,tab
SVP07581,SV100001,SVC0018,2026-06-30,10:26:09,1440,tab
SVP07582,SV100001,SVC0018,2026-06-30,10:27:09,1500,tab
SVP07583,SV100001,SVC0018,2026-06-30,10:28:09,1560,tab
SVP07584,SV100001,SVC0018,2026-06-30,10:29:09,1620,tab
SVP07585,SV100001,SVC0018,2026-06-30,10:30:09,1680,tab
SVP07586,SV100001,SVC0018,2026-06-30,10:32:09,1800,tab
SVP07587,SV100001,SVC0018,2026-06-30,10:33:09,1860,tab
SVP07588,SV100001,SVC0018,2026-06-30,10:34:09,1920,tab
SVP07589,SV100001,SVC0018,2026-06-30,10:35:09,1980,tab
SVP07590,SV100001,SVC0018,2026-06-30,10:36:09,2040,tab
SVP07591,SV100001,SVC0018,2026-06-30,10:37:09,2100,tab
SVP07592,SV100001,SVC0018,2026-06-30,10:38:09,2160,tab
SVP07593,SV100001,SVC0018,2026-06-30,10:39:09,2220,tab
SVP07594,SV100001,SVC0018,2026-06-30,10:40:09,2280,tab
SVP07595,SV100001,SVC0018,2026-06-30,10:41:09,2340,tab
SVP07596,SV100001,SVC0018,2026-06-30,10:42:09,2400,tab
SVP07597,SV100001,SVC0018,2026-06-30,10:43:09,2460,tab
SVP07598,SV100001,SVC0018,2026-06-30,10:44:09,2520,tab
SVP07599,SV100001,SVC0018,2026-06-30,10:45:09,2580,tab
SVP07600,SV100001,SVC0018,2026-06-30,10:46:09,2640,tab
SVP07601,SV100001,SVC0018,2026-06-30,10:47:09,2700,tab
SVP07602,SV100001,SVC0018,2026-06-30,10:48:09,2760,tab
SVP07603,SV100001,SVC0018,2026-06-30,10:49:09,2820,tab
SVP07604,SV100001,SVC0018,2026-06-30,10:50:09,2880,tab
SVP07605,SV100001,SVC0018,2026-06-30,10:52:09,3000,tab
SVP07606,SV100001,SVC0018,2026-06-30,10:53:09,3060,tab
SVP07607,SV100001,SVC0018,2026-06-30,10:54:09,3120,tab
SVP07608,SV100001,SVC0018,2026-06-30,10:55:09,3180,tab
SVP07609,SV100001,SVC0018,2026-06-30,10:56:09,3240,tab
SVP07610,SV100001,SVC0018,2026-06-30,10:57:09,3300,tab
SVP07611,SV100001,SVC0018,2026-06-30,10:58:09,3360,tab
SVP07612,SV100001,SVC0018,2026-06-30,10:59:09,3420,tab
SVP07613,SV100001,SVC0018,2026-06-30,11:01:09,3540,tab
SVP07614,SV100001,SVC0018,2026-06-30,11:03:09,3660,tab
SVP07615,SV100001,SVC0018,2026-06-30,11:04:09,3720,tab
SVP07616,SV100001,SVC0018,2026-06-30,11:05:09,3780,tab
SVP07617,SV100001,SVC0018,2026-06-30,11:06:09,3840,tab
SVP07618,SV100001,SVC0018,2026-06-30,11:07:09,3900,tab
SVP07619,SV100001,SVC0018,2026-06-30,11:08:09,3960,tab
SVP07620,SV100001,SVC0018,2026-06-30,11:09:09,4020,tab
SVP07621,SV100001,SVC0018,2026-06-30,11:10:09,4080,tab
SVP07622,SV100001,SVC0018,2026-06-30,11:11:09,4140,tab
SVP07623,SV100001,SVC0018,2026-06-30,11:12:09,4200,tab
SVP07624,SV100001,SVC0018,2026-06-30,11:13:09,4260,tab
SVP07625,SV100001,SVC0018,2026-06-30,11:14:09,4320,tab
SVP07626,SV100001,SVC0018,2026-06-30,11:15:09,4380,tab
SVP07627,SV100001,SVC0018,2026-06-30,11:16:09,4440,tab
SVP07628,SV100001,SVC0018,2026-06-30,11:17:09,4500,tab
SVP07629,SV100001,SVC0018,2026-06-30,11:18:09,4560,tab
SVP07630,SV100001,SVC0018,2026-06-30,11:19:09,4620,tab
SVP07631,SV100001,SVC0018,2026-06-30,11:21:09,4740,tab
SVP07632,SV100001,SVC0018,2026-06-30,11:22:09,4800,tab
SVP07633,SV100001,SVC0018,2026-06-30,11:23:09,4860,tab
SVP07634,SV100001,SVC0018,2026-06-30,11:24:09,4920,tab
SVP07635,SV100001,SVC0018,2026-06-30,11:25:09,4980,tab
SVP07636,SV100001,SVC0018,2026-06-30,11:26:09,5040,tab
SVP07637,SV100001,SVC0018,2026-06-30,11:27:09,5100,tab
SVP07638,SV100001,SVC0018,2026-06-30,11:28:09,5160,tab
SVP07639,SV100001,SVC0018,2026-06-30,11:29:09,5220,tab
SVP07640,SV100001,SVC0018,2026-06-30,11:31:09,5340,tab
SVP07641,SV100001,SVC0018,2026-06-30,11:32:09,5400,tab
SVP07642,SV100001,SVC0018,2026-06-30,11:33:09,5460,tab
SVP07643,SV100001,SVC0018,2026-06-30,11:34:09,5520,tab
SVP07644,SV100001,SVC0018,2026-06-30,11:35:09,5580,tab
SVP07645,SV100001,SVC0018,2026-06-30,11:36:09,5640,tab
SVP07646,SV100001,SVC0018,2026-06-30,11:37:09,5700,tab
SVP07647,SV100001,SVC0018,2026-06-30,11:38:09,5760,tab
SVP07648,SV100001,SVC0018,2026-06-30,11:40:09,5880,tab
SVP07649,SV100001,SVC0018,2026-06-30,11:41:09,5940,tab
SVP07650,SV100001,SVC0018,2026-06-30,11:42:09,6000,tab
SVP07651,SV100001,SVC0018,2026-06-30,11:43:09,6060,tab
SVP07652,SV100001,SVC0018,2026-06-30,11:44:09,6120,tab
SVP07653,SV100001,SVC0018,2026-06-30,11:45:09,6180,tab
SVP07654,SV100001,SVC0018,2026-06-30,11:46:09,6240,tab
SVP07655,SV100001,SVC0018,2026-06-30,11:47:09,6300,tab
SVP07656,SV100001,SVC0018,2026-06-30,11:48:09,6360,tab
SVP07657,SV100001,SVC0018,2026-06-30,11:49:09,6420,tab
SVP07658,SV100001,SVC0018,2026-06-30,11:50:09,6480,tab
SVP07659,SV100001,SVC0018,2026-06-30,11:51:09,6540,tab
SVP07660,SV100001,SVC0018,2026-06-30,11:52:09,6600,tab
SVP07661,SV100001,SVC0018,2026-06-30,11:53:09,6660,tab
SVP07662,SV100001,SVC0018,2026-06-30,11:54:09,6720,tab
SVP07663,SV100001,SVC0018,2026-06-30,11:55:09,6780,tab
SVP07664,SV100001,SVC0018,2026-06-30,11:56:09,6840,tab
SVP07665,SV100001,SVC0018,2026-06-30,11:57:09,6900,tab
SVP07666,SV100001,SVC0018,2026-06-30,11:58:09,6960,tab
SVP07667,SV100001,SVC0018,2026-06-30,11:59:09,7020,tab
SVP07668,SV100001,SVC0018,2026-06-30,12:00:09,7080,tab
SVP07669,SV100001,SVC0018,2026-06-30,12:01:09,7140,tab
SVP07670,SV100001,SVC0018,2026-06-30,12:02:09,7200,tab
SVP07671,SV100001,SVC0018,2026-06-30,12:03:09,7260,tab
SVP07672,SV100001,SVC0018,2026-06-30,12:04:09,7320,tab
SVP07673,SV100001,SVC0018,2026-06-30,12:05:09,7380,tab
SVP07674,SV100001,SVC0018,2026-06-30,12:06:09,7440,tab
SVP07675,SV100001,SVC0018,2026-06-30,12:08:09,7560,tab
SVP07676,SV100001,SVC0018,2026-06-30,12:09:09,7620,tab
SVP07677,SV100001,SVC0018,2026-06-30,12:10:09,7680,tab
SVP07678,SV100001,SVC0018,2026-06-30,12:11:09,7740,tab
SVP07679,SV100001,SVC0018,2026-06-30,12:12:09,7800,tab
SVP07680,SV100001,SVC0018,2026-06-30,12:13:09,7860,tab
SVP07681,SV100001,SVC0018,2026-06-30,12:14:09,7920,tab
SVP07682,SV100001,SVC0018,2026-06-30,12:15:09,7980,tab
SVP07683,SV100001,SVC0018,2026-06-30,12:16:09,8040,tab
SVP07684,SV100001,SVC0018,2026-06-30,12:17:09,8100,tab
SVP07685,SV100001,SVC0018,2026-06-30,12:18:09,8160,tab
SVP07686,SV100001,SVC0018,2026-06-30,12:19:09,8220,tab
SVP07687,SV100001,SVC0018,2026-06-30,12:20:09,8280,tab
SVP07688,SV100001,SVC0018,2026-06-30,12:21:09,8340,tab
SVP07689,SV100001,SVC0018,2026-06-30,12:22:09,8400,tab
SVP07690,SV100001,SVC0018,2026-06-30,12:23:09,8460,tab
SVP07691,SV100001,SVC0018,2026-06-30,12:24:09,8520,tab
SVP07692,SV100001,SVC0018,2026-06-30,12:25:09,8580,tab
SVP07693,SV100001,SVC0018,2026-06-30,12:26:09,8640,tab
SVP07694,SV100001,SVC0018,2026-06-30,12:27:09,8700,tab
SVP07695,SV100001,SVC0018,2026-06-30,12:28:09,8760,tab
SVP07696,SV100001,SVC0018,2026-06-30,12:29:09,8820,tab
SVP07697,SV100001,SVC0018,2026-06-30,12:30:09,8880,tab
SVP07698,SV100001,SVC0018,2026-06-30,12:31:09,8940,tab
SVP07699,SV100001,SVC0018,2026-06-30,12:33:09,9060,tab
SVP07700,SV100001,SVC0018,2026-06-30,12:34:09,9120,tab
SVP07701,SV100001,SVC0018,2026-06-30,12:35:09,9180,tab
SVP07702,SV100001,SVC0018,2026-06-30,12:36:09,9240,tab
SVP07703,SV100001,SVC0018,2026-06-30,12:37:09,9300,tab
SVP07704,SV100001,SVC0018,2026-06-30,12:38:09,9360,tab
SVP07705,SV100001,SVC0018,2026-06-30,12:39:09,9420,tab
SVP07706,SV100001,SVC0018,2026-06-30,12:40:09,9480,tab
SVP07707,SV100001,SVC0018,2026-06-30,12:41:09,9540,tab
SVP07708,SV100001,SVC0018,2026-06-30,12:42:09,9600,tab
SVP07709,SV100001,SVC0018,2026-06-30,12:43:09,9660,tab
SVP07710,SV100001,SVC0018,2026-06-30,12:44:09,9720,tab
SVP07711,SV100001,SVC0018,2026-06-30,12:45:09,9780,tab
SVP07712,SV100001,SVC0018,2026-06-30,12:46:09,9840,tab
SVP07713,SV100001,SVC0018,2026-06-30,12:47:09,9900,tab
SVP07714,SV100001,SVC0018,2026-06-30,12:48:09,9960,tab
SVP07715,SV100001,SVC0018,2026-06-30,12:49:09,10020,tab
SVP07716,SV100001,SVC0018,2026-06-30,12:50:09,10080,tab
SVP07717,SV100001,SVC0018,2026-06-30,12:51:09,10140,tab
SVP07718,SV100001,SVC0018,2026-06-30,12:53:09,10260,tab
SVP07719,SV100001,SVC0018,2026-06-30,12:53:38,10289,tab